고객ID,가입일,주문일,주문번호,상품,채널,수량,주문금액,쿠폰사용,지역,연령대,성별
C1023,2025-07-01,2025-07-02,A250702-10231,진정 크림,자사몰,2,110900,Y,서울,40대,여
C1071,2025-07-01,2025-07-02,A250702-10711,진정 크림,자사몰,1,75800,N,부산,30대,여
C1694,2025-07-01,2025-07-02,A250702-16941,진정 크림,자사몰,1,39300,N,충남,30대,여
C1784,2025-07-01,2025-07-02,A250702-17841,클렌징 밤,쿠팡,3,83700,N,경기,20대,여
C1855,2025-07-01,2025-07-02,A250702-18551,수분 세럼,자사몰,2,59100,Y,경기,30대,남
C1033,2025-07-03,2025-07-03,A250703-10331,수분 세럼,자사몰,3,146200,Y,서울,20대,여
C1666,2025-07-01,2025-07-03,A250703-16661,수분 세럼,네이버스토어,2,85000,N,부산,30대,남
C1710,2025-07-02,2025-07-03,A250703-17101,진정 크림,자사몰,1,40200,N,서울,50대이상,여
C1715,2025-07-01,2025-07-03,A250703-17151,진정 크림,자사몰,1,41300,N,경남,20대,여
C1876,2025-07-01,2025-07-03,A250703-18761,진정 크림,쿠팡,1,37500,Y,경기,30대,여
C1034,2025-07-01,2025-07-04,A250704-10341,진정 크림,자사몰,2,143700,N,경기,40대,여
C1045,2025-07-05,2025-07-06,A250706-10451,수분 세럼,자사몰,1,59400,N,광주,40대,여
C1678,2025-07-01,2025-07-06,A250706-16781,수분 세럼,자사몰,1,33600,N,경기,20대,여
C1679,2025-07-01,2025-07-06,A250706-16791,진정 크림,자사몰,2,91000,N,인천,50대이상,여
C1789,2025-07-03,2025-07-06,A250706-17891,클렌징 밤,자사몰,1,21600,Y,서울,40대,여
C1036,2025-07-03,2025-07-07,A250707-10361,수분 세럼,자사몰,1,60400,N,경기,20대,남
C1055,2025-07-01,2025-07-07,A250707-10551,진정 크림,쿠팡,1,63800,N,부산,20대,여
C1067,2025-07-01,2025-07-07,A250707-10671,수분 세럼,자사몰,1,67900,N,서울,40대,여
C1732,2025-07-02,2025-07-07,A250707-17321,수분 세럼,자사몰,1,33800,N,서울,30대,여
C1751,2025-07-01,2025-07-07,A250707-17511,진정 크림,자사몰,3,134700,N,경기,50대이상,여
C1790,2025-07-03,2025-07-07,A250707-17901,수분 세럼,자사몰,1,34900,N,서울,40대,여
C1020,2025-07-01,2025-07-08,A250708-10201,클렌징 밤,쿠팡,2,97300,N,경기,50대이상,여
C1031,2025-07-03,2025-07-08,A250708-10311,수분 세럼,자사몰,1,63600,Y,대구,30대,여
C1739,2025-07-07,2025-07-08,A250708-17391,클렌징 밤,자사몰,1,21200,Y,서울,30대,여
C1048,2025-07-01,2025-07-09,A250709-10481,수분 세럼,쿠팡,1,47800,Y,인천,30대,여
C1066,2025-07-05,2025-07-09,A250709-10661,진정 크림,쿠팡,1,65400,Y,광주,20대,여
C1854,2025-07-01,2025-07-09,A250709-18541,수분 세럼,네이버스토어,1,40800,N,서울,30대,여
C1012,2025-07-01,2025-07-10,A250710-10121,수분 세럼,자사몰,1,47800,Y,서울,40대,여
C1157,2025-07-04,2025-07-10,A250710-11571,진정 크림,자사몰,1,50000,Y,경기,50대이상,여
C1796,2025-07-09,2025-07-10,A250710-17961,수분 세럼,자사몰,1,35500,N,대구,30대,여
C1807,2025-07-03,2025-07-10,A250710-18071,진정 크림,자사몰,1,41400,Y,경기,20대,여
C1812,2025-07-09,2025-07-10,A250710-18121,수분 세럼,자사몰,1,35000,Y,부산,30대,여
C1816,2025-07-02,2025-07-10,A250710-18161,수분 세럼,네이버스토어,1,40600,N,인천,20대,남
C1656,2025-07-09,2025-07-11,A250711-16561,수분 세럼,쿠팡,1,32700,N,인천,20대,여
C1675,2025-07-01,2025-07-11,A250711-16751,진정 크림,자사몰,1,36000,N,서울,30대,여
C1828,2025-07-09,2025-07-11,A250711-18281,진정 크림,자사몰,1,41700,N,충남,20대,여
C1849,2025-07-08,2025-07-11,A250711-18491,수분 세럼,쿠팡,2,74200,Y,서울,30대,여
C1047,2025-07-11,2025-07-12,A250712-10471,수분 세럼,쿠팡,1,61400,N,대구,50대이상,여
C1068,2025-07-06,2025-07-12,A250712-10681,수분 세럼,자사몰,1,54900,N,대구,20대,여
C1684,2025-07-01,2025-07-12,A250712-16841,수분 세럼,자사몰,1,34100,Y,서울,50대이상,여
C1017,2025-07-04,2025-07-13,A250713-10171,수분 세럼,자사몰,1,53000,N,충남,30대,여
C1021,2025-07-06,2025-07-13,A250713-10211,수분 세럼,쿠팡,1,51700,Y,부산,40대,여
C1058,2025-07-11,2025-07-13,A250713-10581,수분 세럼,자사몰,1,64100,N,서울,30대,남
C1075,2025-07-08,2025-07-13,A250713-10751,클렌징 밤,네이버스토어,1,30500,Y,경기,20대,남
C1744,2025-07-04,2025-07-13,A250713-17441,진정 크림,쿠팡,1,33800,N,대전,40대,여
C1032,2025-07-07,2025-07-14,A250714-10321,수분 세럼,네이버스토어,1,70700,N,부산,30대,남
C1035,2025-07-07,2025-07-14,A250714-10351,수분 세럼,쿠팡,1,67500,N,경남,40대,여
C1040,2025-07-04,2025-07-14,A250714-10401,수분 세럼,자사몰,1,65800,N,대구,50대이상,여
C1070,2025-07-13,2025-07-14,A250714-10701,진정 크림,자사몰,1,59600,N,경기,20대,여
C1699,2025-07-09,2025-07-14,A250714-16991,수분 세럼,쿠팡,2,67100,N,인천,30대,여
C1059,2025-07-05,2025-07-15,A250715-10591,수분 세럼,자사몰,1,70400,N,경기,20대,여
C1764,2025-07-15,2025-07-15,A250715-17641,수분 세럼,자사몰,1,32800,N,경남,50대이상,남
C1800,2025-07-10,2025-07-15,A250715-18001,진정 크림,쿠팡,1,40000,N,서울,40대,여
C1663,2025-07-13,2025-07-16,A250716-16631,진정 크림,쿠팡,1,32700,Y,서울,50대이상,남
C1668,2025-07-09,2025-07-17,A250717-16681,수분 세럼,쿠팡,2,67600,N,대전,20대,여
C1677,2025-07-09,2025-07-17,A250717-16771,수분 세럼,자사몰,2,72700,Y,경남,50대이상,여
C1721,2025-07-06,2025-07-17,A250717-17211,클렌징 밤,쿠팡,1,30000,N,서울,30대,여
C1819,2025-07-10,2025-07-17,A250717-18191,수분 세럼,자사몰,1,42400,N,경기,40대,여
C1037,2025-07-08,2025-07-18,A250718-10371,진정 크림,쿠팡,1,74900,N,인천,30대,여
C1046,2025-07-09,2025-07-18,A250718-10461,클렌징 밤,자사몰,1,38600,N,인천,30대,여
C1750,2025-07-07,2025-07-18,A250718-17501,클렌징 밤,쿠팡,3,71400,N,서울,30대,여
C1756,2025-07-10,2025-07-18,A250718-17561,진정 크림,네이버스토어,1,38400,N,인천,40대,여
C1001,2025-07-09,2025-07-19,A250719-10011,진정 크림,자사몰,1,57600,Y,부산,30대,여
C1062,2025-07-14,2025-07-19,A250719-10621,수분 세럼,쿠팡,1,63100,Y,대전,30대,여
C1861,2025-07-10,2025-07-19,A250719-18611,진정 크림,네이버스토어,1,40000,N,인천,20대,여
C1874,2025-07-17,2025-07-19,A250719-18741,진정 크림,자사몰,1,43700,N,대구,20대,여
C1025,2025-07-19,2025-07-20,A250720-10251,진정 크림,자사몰,1,60300,N,서울,30대,여
C1029,2025-07-16,2025-07-20,A250720-10291,수분 세럼,쿠팡,1,62700,N,경기,30대,여
C1661,2025-07-08,2025-07-20,A250720-16611,수분 세럼,쿠팡,1,28800,Y,경기,40대,여
C1708,2025-07-18,2025-07-20,A250720-17081,수분 세럼,자사몰,1,40200,N,경남,50대이상,여
C1007,2025-07-18,2025-07-21,A250721-10071,수분 세럼,자사몰,3,200200,N,경기,20대,여
C1655,2025-07-16,2025-07-21,A250721-16551,수분 세럼,자사몰,1,28700,Y,경기,40대,여
C1801,2025-07-17,2025-07-21,A250721-18011,클렌징 밤,쿠팡,2,51500,Y,인천,20대,여
C1038,2025-07-14,2025-07-22,A250722-10381,수분 세럼,네이버스토어,1,65900,N,경남,30대,여
C1052,2025-07-17,2025-07-22,A250722-10521,수분 세럼,자사몰,1,66800,N,경기,50대이상,여
C1132,2025-07-12,2025-07-22,A250722-11321,수분 세럼,자사몰,1,46600,Y,서울,40대,여
C1712,2025-07-18,2025-07-22,A250722-17121,수분 세럼,자사몰,1,36300,Y,경기,40대,남
C1780,2025-07-22,2025-07-22,A250722-17801,수분 세럼,쿠팡,2,61900,Y,부산,20대,여
C1878,2025-07-19,2025-07-22,A250722-18781,진정 크림,쿠팡,2,75200,Y,서울,40대,여
C1034,2025-07-01,2025-07-23,A250723-10342,수분 세럼,자사몰,1,66700,N,경기,40대,여
C1034,2025-07-01,2025-07-23,A250723-10342,클렌징 밤,자사몰,1,47900,N,경기,40대,여
C1050,2025-07-11,2025-07-23,A250723-10501,수분 세럼,자사몰,1,56400,N,서울,30대,여
C1053,2025-07-22,2025-07-23,A250723-10531,클렌징 밤,네이버스토어,3,114900,Y,서울,30대,여
C1711,2025-07-13,2025-07-24,A250724-17111,클렌징 밤,자사몰,1,26300,N,서울,20대,남
C1845,2025-07-12,2025-07-24,A250724-18451,수분 세럼,자사몰,1,31700,N,경기,30대,여
C1164,2025-07-23,2025-07-26,A250726-11641,수분 세럼,자사몰,1,43800,Y,경기,50대이상,여
C1772,2025-07-18,2025-07-26,A250726-17721,진정 크림,자사몰,2,90600,N,경기,50대이상,남
C1865,2025-07-14,2025-07-26,A250726-18651,수분 세럼,쿠팡,1,40800,N,서울,20대,여
C1841,2025-07-22,2025-07-27,A250727-18411,클렌징 밤,자사몰,1,23800,N,서울,30대,남
C1868,2025-07-25,2025-07-27,A250727-18681,진정 크림,자사몰,1,32100,Y,광주,40대,여
C1119,2025-07-20,2025-07-28,A250728-11191,수분 세럼,자사몰,1,41100,Y,서울,20대,남
C1727,2025-07-22,2025-07-28,A250728-17271,수분 세럼,자사몰,1,42300,N,서울,50대이상,남
C1735,2025-07-17,2025-07-28,A250728-17351,수분 세럼,쿠팡,1,37200,Y,경기,50대이상,여
C1767,2025-07-17,2025-07-28,A250728-17671,수분 세럼,쿠팡,1,37700,Y,부산,40대,여
C1018,2025-07-26,2025-07-29,A250729-10181,수분 세럼,쿠팡,1,59500,Y,서울,20대,여
C1067,2025-07-01,2025-07-29,A250729-10672,진정 크림,쿠팡,1,73200,N,서울,40대,여
C1155,2025-07-28,2025-07-29,A250729-11551,수분 세럼,쿠팡,2,88700,N,경남,30대,여
C1738,2025-07-18,2025-07-29,A250729-17381,수분 세럼,쿠팡,1,36400,N,서울,20대,여
C1802,2025-07-29,2025-07-29,A250729-18021,수분 세럼,쿠팡,1,32500,N,경기,50대이상,여
C1071,2025-07-01,2025-07-30,A250730-10712,클렌징 밤,자사몰,1,50500,N,부산,30대,여
C1071,2025-07-01,2025-07-30,A250730-10712,수분 세럼,네이버스토어,1,70400,N,부산,30대,여
C1072,2025-07-19,2025-07-30,A250730-10721,수분 세럼,자사몰,1,62900,Y,기타,20대,여
C1136,2025-07-27,2025-07-30,A250730-11361,진정 크림,자사몰,2,83900,Y,서울,40대,여
C1734,2025-07-26,2025-07-30,A250730-17341,클렌징 밤,자사몰,2,47700,N,경기,30대,남
C1019,2025-07-21,2025-07-31,A250731-10191,클렌징 밤,자사몰,2,77900,N,인천,30대,여
C1044,2025-07-29,2025-07-31,A250731-10441,진정 크림,자사몰,1,65200,N,인천,40대,여
C1163,2025-07-28,2025-07-31,A250731-11631,수분 세럼,자사몰,2,94200,N,대구,40대,여
C1688,2025-07-24,2025-07-31,A250731-16881,진정 크림,자사몰,1,43600,N,서울,40대,여
C1003,2025-07-31,2025-08-01,A250801-10031,진정 크림,자사몰,1,59300,N,경기,20대,여
C1670,2025-07-24,2025-08-01,A250801-16701,수분 세럼,자사몰,3,114600,Y,인천,50대이상,여
C1818,2025-07-28,2025-08-01,A250801-18181,수분 세럼,자사몰,2,64800,Y,경기,20대,여
C1879,2025-07-25,2025-08-01,A250801-18791,진정 크림,네이버스토어,2,77900,N,부산,30대,여
C1023,2025-07-01,2025-08-02,A250802-10232,수분 세럼,네이버스토어,2,103000,Y,서울,40대,여
C1023,2025-07-01,2025-08-02,A250802-10232,클렌징 밤,쿠팡,1,41100,N,서울,40대,여
C1023,2025-07-01,2025-08-02,A250802-10232,진정 크림,쿠팡,1,61600,N,서울,40대,여
C1792,2025-07-25,2025-08-02,A250802-17921,수분 세럼,자사몰,1,37200,Y,경기,30대,여
C1030,2025-07-29,2025-08-03,A250803-10301,진정 크림,쿠팡,1,69000,N,경기,30대,여
C1760,2025-07-24,2025-08-03,A250803-17601,수분 세럼,자사몰,1,39700,N,대구,30대,여
C1778,2025-08-03,2025-08-04,A250804-17781,수분 세럼,자사몰,1,32600,N,서울,30대,남
C1822,2025-08-04,2025-08-04,A250804-18221,수분 세럼,자사몰,1,33700,N,경기,40대,여
C1873,2025-08-04,2025-08-04,A250804-18731,진정 크림,쿠팡,1,39700,N,서울,30대,여
C1063,2025-08-04,2025-08-05,A250805-10631,진정 크림,자사몰,2,133400,Y,서울,40대,여
C1104,2025-07-25,2025-08-05,A250805-11041,수분 세럼,자사몰,1,47900,N,경기,20대,여
C1659,2025-08-05,2025-08-05,A250805-16591,수분 세럼,쿠팡,1,31800,N,대구,30대,남
C1680,2025-08-01,2025-08-05,A250805-16801,수분 세럼,자사몰,2,68400,N,서울,20대,여
C1853,2025-08-04,2025-08-05,A250805-18531,클렌징 밤,자사몰,1,24000,Y,경기,30대,여
C1876,2025-07-01,2025-08-05,A250805-18762,수분 세럼,쿠팡,1,38700,N,경기,30대,여
C1663,2025-07-13,2025-08-06,A250806-16632,수분 세럼,자사몰,1,33700,N,서울,50대이상,남
C1047,2025-07-11,2025-08-07,A250807-10472,진정 크림,자사몰,2,132200,N,대구,50대이상,여
C1047,2025-07-11,2025-08-07,A250807-10472,진정 크림,쿠팡,1,66100,N,대구,50대이상,여
C1717,2025-07-31,2025-08-07,A250807-17171,진정 크림,네이버스토어,1,40700,N,부산,40대,남
C1719,2025-07-31,2025-08-07,A250807-17191,진정 크림,네이버스토어,1,45200,N,경기,50대이상,여
C1851,2025-08-06,2025-08-07,A250807-18511,수분 세럼,쿠팡,1,35100,N,기타,50대이상,여
C1002,2025-08-07,2025-08-08,A250808-10021,수분 세럼,자사몰,1,56700,N,경기,30대,남
C1006,2025-08-01,2025-08-08,A250808-10061,수분 세럼,자사몰,1,54000,N,부산,40대,남
C1045,2025-07-05,2025-08-08,A250808-10452,클렌징 밤,자사몰,1,42700,N,광주,40대,여
C1045,2025-07-05,2025-08-08,A250808-10452,클렌징 밤,자사몰,1,38400,Y,광주,40대,여
C1045,2025-07-05,2025-08-08,A250808-10452,수분 세럼,자사몰,1,59400,N,광주,40대,여
C1051,2025-07-27,2025-08-08,A250808-10511,수분 세럼,자사몰,1,56600,N,서울,20대,여
C1656,2025-07-09,2025-08-08,A250808-16562,진정 크림,자사몰,1,35200,N,인천,20대,여
C1679,2025-07-01,2025-08-08,A250808-16792,클렌징 밤,자사몰,2,60700,N,인천,50대이상,여
C1733,2025-08-01,2025-08-08,A250808-17331,진정 크림,자사몰,1,37700,Y,인천,30대,여
C1824,2025-07-28,2025-08-08,A250808-18241,진정 크림,쿠팡,1,42700,N,서울,50대이상,여
C1012,2025-07-01,2025-08-09,A250809-10122,수분 세럼,자사몰,1,47800,Y,서울,40대,여
C1024,2025-07-29,2025-08-09,A250809-10241,수분 세럼,자사몰,1,65800,N,서울,40대,여
C1684,2025-07-01,2025-08-09,A250809-16842,클렌징 밤,쿠팡,1,27200,N,서울,50대이상,여
C1684,2025-07-01,2025-08-09,A250809-16842,수분 세럼,자사몰,1,34100,Y,서울,50대이상,여
C1732,2025-07-02,2025-08-09,A250809-17322,진정 크림,네이버스토어,1,36400,N,서울,30대,여
C1732,2025-07-02,2025-08-09,A250809-17322,진정 크림,네이버스토어,1,32800,Y,서울,30대,여
C1782,2025-08-03,2025-08-09,A250809-17821,수분 세럼,쿠팡,1,32500,Y,기타,40대,여
C1070,2025-07-13,2025-08-10,A250810-10702,수분 세럼,쿠팡,1,55400,N,경기,20대,여
C1070,2025-07-13,2025-08-10,A250810-10702,수분 세럼,자사몰,1,49800,Y,경기,20대,여
C1070,2025-07-13,2025-08-10,A250810-10702,수분 세럼,네이버스토어,1,49800,Y,경기,20대,여
C1819,2025-07-10,2025-08-10,A250810-18192,수분 세럼,자사몰,1,42400,N,경기,40대,여
C1819,2025-07-10,2025-08-10,A250810-18192,진정 크림,자사몰,1,45600,N,경기,40대,여
C1819,2025-07-10,2025-08-10,A250810-18192,클렌징 밤,쿠팡,2,60800,N,경기,40대,여
C1057,2025-07-31,2025-08-11,A250811-10571,수분 세럼,자사몰,1,58500,N,인천,30대,여
C1060,2025-08-11,2025-08-11,A250811-10601,수분 세럼,자사몰,2,111600,Y,대구,30대,남
C1133,2025-08-06,2025-08-11,A250811-11331,진정 크림,자사몰,1,47200,N,서울,50대이상,여
C1183,2025-07-30,2025-08-11,A250811-11831,수분 세럼,자사몰,2,86100,N,광주,20대,여
C1017,2025-07-04,2025-08-12,A250812-10172,수분 세럼,쿠팡,2,95400,Y,충남,30대,여
C1017,2025-07-04,2025-08-12,A250812-10172,진정 크림,쿠팡,1,57100,N,충남,30대,여
C1049,2025-08-02,2025-08-12,A250812-10491,클렌징 밤,쿠팡,1,43200,N,경기,20대,남
C1695,2025-08-08,2025-08-12,A250812-16951,수분 세럼,자사몰,2,73900,Y,인천,40대,여
C1784,2025-07-01,2025-08-12,A250812-17842,수분 세럼,쿠팡,2,77700,N,경기,20대,여
C1784,2025-07-01,2025-08-12,A250812-17842,수분 세럼,자사몰,2,77700,N,경기,20대,여
C1795,2025-08-04,2025-08-12,A250812-17951,진정 크림,자사몰,2,79000,N,서울,30대,여
C1842,2025-08-04,2025-08-12,A250812-18421,수분 세럼,자사몰,1,33700,N,서울,20대,여
C1032,2025-07-07,2025-08-13,A250813-10322,수분 세럼,자사몰,1,63600,Y,부산,30대,남
C1032,2025-07-07,2025-08-13,A250813-10322,수분 세럼,자사몰,1,70700,N,부산,30대,남
C1032,2025-07-07,2025-08-13,A250813-10322,수분 세럼,자사몰,1,70700,N,부산,30대,남
C1664,2025-08-02,2025-08-13,A250813-16641,클렌징 밤,네이버스토어,1,27000,N,경기,30대,여
C1843,2025-08-11,2025-08-13,A250813-18431,수분 세럼,쿠팡,1,35100,Y,경기,40대,여
C1781,2025-08-10,2025-08-14,A250814-17811,수분 세럼,쿠팡,1,37700,N,서울,40대,여
C1804,2025-08-02,2025-08-14,A250814-18041,수분 세럼,네이버스토어,1,29300,Y,광주,20대,여
C1031,2025-07-03,2025-08-15,A250815-10312,진정 크림,쿠팡,1,76100,N,대구,30대,여
C1031,2025-07-03,2025-08-15,A250815-10312,수분 세럼,자사몰,1,70700,N,대구,30대,여
C1056,2025-08-03,2025-08-15,A250815-10561,진정 크림,쿠팡,2,132400,N,서울,30대,여
C1661,2025-07-08,2025-08-15,A250815-16612,수분 세럼,자사몰,1,28800,Y,경기,40대,여
C1725,2025-08-15,2025-08-15,A250815-17251,수분 세럼,자사몰,1,29000,Y,서울,30대,여
C1752,2025-08-03,2025-08-15,A250815-17521,진정 크림,자사몰,2,76800,N,경남,40대,여
C1767,2025-07-17,2025-08-15,A250815-17672,진정 크림,쿠팡,2,90200,N,부산,40대,여
C1780,2025-07-22,2025-08-15,A250815-17802,수분 세럼,자사몰,1,34400,N,부산,20대,여
C1787,2025-08-15,2025-08-15,A250815-17871,진정 크림,쿠팡,1,37700,N,충남,30대,여
C1081,2025-08-08,2025-08-16,A250816-10811,수분 세럼,자사몰,2,95500,N,서울,40대,여
C1144,2025-08-12,2025-08-16,A250816-11441,수분 세럼,자사몰,1,44900,N,충남,30대,여
C1677,2025-07-09,2025-08-16,A250816-16772,수분 세럼,자사몰,1,40400,N,경남,50대이상,여
C1677,2025-07-09,2025-08-16,A250816-16772,클렌징 밤,자사몰,1,29000,N,경남,50대이상,여
C1837,2025-08-12,2025-08-16,A250816-18371,수분 세럼,자사몰,2,76600,Y,대구,30대,여
C1862,2025-08-15,2025-08-16,A250816-18621,클렌징 밤,자사몰,2,46700,N,서울,20대,여
C1865,2025-07-14,2025-08-16,A250816-18652,수분 세럼,자사몰,1,40800,N,서울,20대,여
C1179,2025-08-08,2025-08-17,A250817-11791,클렌징 밤,자사몰,1,33100,N,인천,30대,여
C1207,2025-08-13,2025-08-17,A250817-12071,수분 세럼,자사몰,1,47500,N,경기,30대,여
C1672,2025-08-14,2025-08-17,A250817-16721,수분 세럼,네이버스토어,1,32200,N,경기,30대,여
C1737,2025-08-09,2025-08-17,A250817-17371,진정 크림,자사몰,1,43700,N,경남,40대,여
C1009,2025-08-17,2025-08-18,A250818-10091,수분 세럼,네이버스토어,2,114100,N,경기,20대,여
C1014,2025-08-07,2025-08-18,A250818-10141,수분 세럼,쿠팡,1,70300,N,경남,40대,여
C1747,2025-08-12,2025-08-18,A250818-17471,수분 세럼,자사몰,1,35800,Y,대구,30대,여
C1794,2025-08-07,2025-08-18,A250818-17941,수분 세럼,쿠팡,3,86100,Y,서울,20대,여
C1004,2025-08-11,2025-08-19,A250819-10041,수분 세럼,쿠팡,3,200500,N,서울,40대,여
C1013,2025-08-09,2025-08-19,A250819-10131,수분 세럼,자사몰,1,63500,N,대전,40대,여
C1015,2025-08-15,2025-08-19,A250819-10151,수분 세럼,쿠팡,1,60800,Y,광주,50대이상,여
C1054,2025-08-07,2025-08-19,A250819-10541,수분 세럼,쿠팡,1,64600,N,서울,30대,여
C1166,2025-08-13,2025-08-19,A250819-11661,클렌징 밤,쿠팡,1,34500,N,경기,30대,남
C1660,2025-08-18,2025-08-19,A250819-16601,수분 세럼,쿠팡,1,32100,Y,부산,30대,남
C1697,2025-08-18,2025-08-19,A250819-16971,수분 세럼,자사몰,1,33700,Y,경기,30대,여
C1745,2025-08-15,2025-08-19,A250819-17451,클렌징 밤,쿠팡,1,23300,N,부산,40대,여
C1812,2025-07-09,2025-08-19,A250819-18122,클렌징 밤,쿠팡,1,27900,N,부산,30대,여
C1812,2025-07-09,2025-08-19,A250819-18122,진정 크림,자사몰,3,125600,N,부산,30대,여
C1825,2025-08-09,2025-08-19,A250819-18251,수분 세럼,자사몰,2,84600,N,부산,50대이상,여
C1867,2025-08-13,2025-08-19,A250819-18671,진정 크림,쿠팡,1,33700,N,광주,30대,여
C1023,2025-07-01,2025-08-20,A250820-10233,수분 세럼,자사몰,2,114400,N,서울,40대,여
C1058,2025-07-11,2025-08-20,A250820-10582,수분 세럼,자사몰,1,57700,Y,서울,30대,남
C1202,2025-08-11,2025-08-20,A250820-12021,수분 세럼,자사몰,1,49100,N,인천,40대,여
C1761,2025-08-14,2025-08-20,A250820-17611,수분 세럼,쿠팡,1,28900,Y,경기,20대,여
C1813,2025-08-19,2025-08-20,A250820-18131,수분 세럼,자사몰,2,73300,N,대구,50대이상,여
C1814,2025-08-18,2025-08-20,A250820-18141,수분 세럼,쿠팡,1,38300,N,부산,30대,남
C1838,2025-08-16,2025-08-20,A250820-18381,진정 크림,자사몰,1,31500,Y,인천,30대,여
C1197,2025-08-16,2025-08-21,A250821-11971,수분 세럼,쿠팡,1,48000,N,서울,20대,여
C1676,2025-08-10,2025-08-21,A250821-16761,클렌징 밤,네이버스토어,1,29800,N,경기,50대이상,여
C1726,2025-08-13,2025-08-21,A250821-17261,수분 세럼,자사몰,2,81800,N,서울,50대이상,여
C1797,2025-08-18,2025-08-21,A250821-17971,수분 세럼,자사몰,1,28500,Y,서울,30대,남
C1805,2025-08-10,2025-08-21,A250821-18051,수분 세럼,자사몰,1,36100,N,인천,20대,여
C1168,2025-08-16,2025-08-22,A250822-11681,수분 세럼,자사몰,1,47500,N,대전,20대,남
C1803,2025-08-21,2025-08-22,A250822-18031,진정 크림,자사몰,1,45900,N,서울,20대,여
C1043,2025-08-23,2025-08-23,A250823-10431,클렌징 밤,자사몰,1,45200,N,경남,40대,남
C1171,2025-08-21,2025-08-23,A250823-11711,진정 크림,자사몰,1,43900,Y,인천,30대,여
C1799,2025-08-21,2025-08-23,A250823-17991,수분 세럼,쿠팡,1,38900,N,경기,30대,남
C1850,2025-08-15,2025-08-23,A250823-18501,클렌징 밤,자사몰,3,87000,N,경기,30대,여
C1036,2025-07-03,2025-08-24,A250824-10362,수분 세럼,쿠팡,1,60400,N,경기,20대,남
C1036,2025-07-03,2025-08-24,A250824-10362,진정 크림,자사몰,1,65100,N,경기,20대,남
C1738,2025-07-18,2025-08-24,A250824-17382,클렌징 밤,자사몰,1,23500,Y,서울,20대,여
C1800,2025-07-10,2025-08-24,A250824-18002,수분 세럼,자사몰,1,37100,N,서울,40대,여
C1028,2025-08-18,2025-08-25,A250825-10281,수분 세럼,자사몰,1,60600,N,부산,30대,남
C1063,2025-08-04,2025-08-25,A250825-10632,진정 크림,자사몰,1,74100,N,서울,40대,여
C1063,2025-08-04,2025-08-25,A250825-10632,수분 세럼,자사몰,1,68800,N,서울,40대,여
C1063,2025-08-04,2025-08-25,A250825-10632,진정 크림,쿠팡,1,66700,Y,서울,40대,여
C1066,2025-07-05,2025-08-25,A250825-10662,수분 세럼,쿠팡,1,67500,N,광주,20대,여
C1762,2025-08-15,2025-08-25,A250825-17621,수분 세럼,쿠팡,1,39600,N,부산,30대,여
C1020,2025-07-01,2025-08-26,A250826-10202,진정 크림,자사몰,1,73000,N,경기,50대이상,여
C1020,2025-07-01,2025-08-26,A250826-10202,진정 크림,자사몰,1,73000,N,경기,50대이상,여
C1026,2025-08-22,2025-08-26,A250826-10261,클렌징 밤,자사몰,1,51400,N,경기,50대이상,여
C1142,2025-08-19,2025-08-26,A250826-11421,진정 크림,네이버스토어,1,58600,N,서울,40대,여
C1759,2025-08-21,2025-08-26,A250826-17591,수분 세럼,자사몰,1,34800,Y,서울,30대,여
C1776,2025-08-19,2025-08-26,A250826-17761,수분 세럼,네이버스토어,2,65900,Y,경기,20대,여
C1818,2025-07-28,2025-08-26,A250826-18182,클렌징 밤,자사몰,1,23300,Y,경기,20대,여
C1818,2025-07-28,2025-08-26,A250826-18182,수분 세럼,자사몰,2,64800,Y,경기,20대,여
C1834,2025-08-18,2025-08-26,A250826-18341,진정 크림,쿠팡,1,41600,N,대구,20대,여
C1005,2025-08-26,2025-08-27,A250827-10051,클렌징 밤,자사몰,1,44500,N,광주,50대이상,여
C1671,2025-08-16,2025-08-27,A250827-16711,수분 세럼,자사몰,1,42000,N,서울,40대,여
C1708,2025-07-18,2025-08-27,A250827-17082,수분 세럼,자사몰,1,40200,N,경남,50대이상,여
C1708,2025-07-18,2025-08-27,A250827-17082,수분 세럼,자사몰,2,80400,N,경남,50대이상,여
C1717,2025-07-31,2025-08-27,A250827-17172,클렌징 밤,쿠팡,2,54300,N,부산,40대,남
C1717,2025-07-31,2025-08-27,A250827-17172,수분 세럼,자사몰,1,34000,Y,부산,40대,남
C1770,2025-08-22,2025-08-27,A250827-17701,수분 세럼,자사몰,1,32300,N,부산,40대,여
C1079,2025-08-16,2025-08-28,A250828-10791,수분 세럼,자사몰,2,89100,N,경기,20대,여
C1145,2025-08-26,2025-08-28,A250828-11451,진정 크림,자사몰,1,58600,N,서울,20대,여
C1170,2025-08-20,2025-08-28,A250828-11701,수분 세럼,자사몰,1,50200,N,인천,40대,여
C1721,2025-07-06,2025-08-28,A250828-17212,클렌징 밤,쿠팡,1,30000,N,서울,30대,여
C1824,2025-07-28,2025-08-28,A250828-18242,수분 세럼,자사몰,1,39700,N,서울,50대이상,여
C1824,2025-07-28,2025-08-28,A250828-18242,수분 세럼,자사몰,1,39700,N,서울,50대이상,여
C1824,2025-07-28,2025-08-28,A250828-18242,진정 크림,자사몰,1,42700,N,서울,50대이상,여
C1880,2025-08-17,2025-08-28,A250828-18801,수분 세럼,자사몰,1,42900,N,서울,50대이상,여
C1022,2025-08-18,2025-08-29,A250829-10221,수분 세럼,자사몰,1,66200,N,서울,40대,여
C1035,2025-07-07,2025-08-29,A250829-10352,진정 크림,네이버스토어,1,72700,N,경남,40대,여
C1789,2025-07-03,2025-08-29,A250829-17892,수분 세럼,자사몰,2,60100,Y,서울,40대,여
C1831,2025-08-18,2025-08-29,A250829-18311,수분 세럼,자사몰,1,42300,N,경기,50대이상,여
C1856,2025-08-28,2025-08-29,A250829-18561,진정 크림,쿠팡,1,42600,N,경남,40대,여
C1016,2025-08-18,2025-08-30,A250830-10161,진정 크림,자사몰,3,173200,Y,대전,30대,여
C1027,2025-08-21,2025-08-30,A250830-10271,수분 세럼,네이버스토어,1,64000,Y,서울,20대,여
C1849,2025-07-08,2025-08-30,A250830-18492,수분 세럼,자사몰,3,123700,N,서울,30대,여
C1849,2025-07-08,2025-08-30,A250830-18492,수분 세럼,쿠팡,1,41200,N,서울,30대,여
C1733,2025-08-01,2025-08-31,A250831-17332,클렌징 밤,쿠팡,1,28000,N,인천,30대,여
C1756,2025-07-10,2025-08-31,A250831-17562,클렌징 밤,자사몰,1,25600,N,인천,40대,여
C1756,2025-07-10,2025-08-31,A250831-17562,수분 세럼,자사몰,2,71400,N,인천,40대,여
C1090,2025-09-01,2025-09-01,A250901-10901,수분 세럼,자사몰,1,54300,N,서울,30대,여
C1193,2025-08-30,2025-09-01,A250901-11931,진정 크림,자사몰,1,57200,N,서울,40대,여
C1665,2025-08-24,2025-09-01,A250901-16651,수분 세럼,자사몰,1,28400,Y,인천,20대,여
C1749,2025-08-20,2025-09-01,A250901-17491,수분 세럼,자사몰,1,40200,N,경기,30대,여
C1753,2025-08-20,2025-09-01,A250901-17531,진정 크림,자사몰,1,36700,Y,경남,30대,여
C1792,2025-07-25,2025-09-01,A250901-17922,진정 크림,네이버스토어,1,44500,N,경기,30대,여
C1792,2025-07-25,2025-09-01,A250901-17922,수분 세럼,자사몰,1,41300,N,경기,30대,여
C1092,2025-08-21,2025-09-02,A250902-10921,진정 크림,자사몰,1,54200,N,대전,30대,여
C1208,2025-09-01,2025-09-02,A250902-12081,진정 크림,자사몰,3,150400,N,대구,20대,여
C1025,2025-07-19,2025-09-03,A250903-10252,진정 크림,자사몰,1,54300,Y,서울,30대,여
C1025,2025-07-19,2025-09-03,A250903-10252,진정 크림,자사몰,3,180800,N,서울,30대,여
C1044,2025-07-29,2025-09-03,A250903-10442,수분 세럼,쿠팡,1,60600,N,인천,40대,여
C1044,2025-07-29,2025-09-03,A250903-10442,수분 세럼,자사몰,1,60600,N,인천,40대,여
C1044,2025-07-29,2025-09-03,A250903-10442,수분 세럼,자사몰,1,60600,N,인천,40대,여
C1705,2025-09-02,2025-09-03,A250903-17051,클렌징 밤,네이버스토어,1,22100,Y,서울,30대,여
C1030,2025-07-29,2025-09-04,A250904-10302,수분 세럼,자사몰,1,64100,N,경기,30대,여
C1068,2025-07-06,2025-09-04,A250904-10682,수분 세럼,자사몰,1,54900,N,대구,20대,여
C1068,2025-07-06,2025-09-04,A250904-10682,수분 세럼,쿠팡,1,54900,N,대구,20대,여
C1740,2025-08-25,2025-09-04,A250904-17401,진정 크림,자사몰,3,118000,N,서울,50대이상,여
C1830,2025-08-27,2025-09-04,A250904-18301,진정 크림,자사몰,1,30300,Y,서울,30대,여
C1039,2025-09-03,2025-09-05,A250905-10391,진정 크림,자사몰,1,53300,Y,서울,30대,여
C1061,2025-08-27,2025-09-05,A250905-10611,진정 크림,쿠팡,2,139600,Y,경기,30대,남
C1064,2025-08-29,2025-09-05,A250905-10641,진정 크림,쿠팡,1,75100,N,경기,40대,남
C1864,2025-08-29,2025-09-05,A250905-18641,진정 크림,쿠팡,1,33400,Y,경기,30대,여
C1870,2025-08-31,2025-09-05,A250905-18701,클렌징 밤,자사몰,1,22800,N,서울,20대,여
C1094,2025-09-06,2025-09-06,A250906-10941,수분 세럼,자사몰,3,139000,N,인천,50대이상,여
C1724,2025-08-25,2025-09-06,A250906-17241,진정 크림,자사몰,2,72500,Y,부산,30대,여
C1743,2025-09-05,2025-09-06,A250906-17431,진정 크림,자사몰,2,82200,Y,광주,20대,여
C1088,2025-09-02,2025-09-07,A250907-10881,진정 크림,자사몰,2,87600,Y,인천,50대이상,여
C1689,2025-08-31,2025-09-07,A250907-16891,수분 세럼,자사몰,1,35700,N,경기,30대,여
C1715,2025-07-01,2025-09-07,A250907-17152,진정 크림,자사몰,1,41300,N,경남,20대,여
C1715,2025-07-01,2025-09-07,A250907-17152,수분 세럼,네이버스토어,1,38400,N,경남,20대,여
C1804,2025-08-02,2025-09-07,A250907-18042,클렌징 밤,네이버스토어,2,46700,N,광주,20대,여
C1804,2025-08-02,2025-09-07,A250907-18042,수분 세럼,자사몰,1,32500,N,광주,20대,여
C1065,2025-09-05,2025-09-08,A250908-10651,수분 세럼,자사몰,2,117500,N,경기,30대,여
C1666,2025-07-01,2025-09-08,A250908-16662,클렌징 밤,자사몰,1,30500,N,부산,30대,남
C1666,2025-07-01,2025-09-08,A250908-16662,진정 크림,자사몰,1,45800,N,부산,30대,남
C1666,2025-07-01,2025-09-08,A250908-16662,수분 세럼,쿠팡,1,42500,N,부산,30대,남
C1677,2025-07-09,2025-09-08,A250908-16773,진정 크림,자사몰,1,43500,N,경남,50대이상,여
C1875,2025-09-05,2025-09-08,A250908-18751,수분 세럼,자사몰,1,41900,N,광주,40대,여
C1119,2025-07-20,2025-09-09,A250909-11192,수분 세럼,자사몰,1,41100,Y,서울,20대,남
C1658,2025-09-03,2025-09-09,A250909-16581,수분 세럼,자사몰,2,67300,N,대구,50대이상,남
C1793,2025-09-01,2025-09-09,A250909-17931,진정 크림,쿠팡,1,40400,Y,경남,40대,여
C1855,2025-07-01,2025-09-09,A250909-18552,클렌징 밤,자사몰,1,21200,Y,경기,30대,남
C1855,2025-07-01,2025-09-09,A250909-18552,수분 세럼,쿠팡,1,32800,N,경기,30대,남
C1874,2025-07-17,2025-09-09,A250909-18742,수분 세럼,쿠팡,2,81100,N,대구,20대,여
C1062,2025-07-14,2025-09-10,A250910-10622,진정 크림,자사몰,1,75500,N,대전,30대,여
C1062,2025-07-14,2025-09-10,A250910-10622,수분 세럼,자사몰,2,140200,N,대전,30대,여
C1080,2025-09-04,2025-09-10,A250910-10801,수분 세럼,쿠팡,1,45300,N,서울,20대,여
C1197,2025-08-16,2025-09-10,A250910-11972,진정 크림,네이버스토어,1,51700,N,서울,20대,여
C1778,2025-08-03,2025-09-10,A250910-17782,클렌징 밤,자사몰,1,23400,N,서울,30대,남
C1848,2025-09-05,2025-09-10,A250910-18481,클렌징 밤,자사몰,1,30200,N,부산,30대,여
C1087,2025-09-01,2025-09-11,A250911-10871,진정 크림,쿠팡,2,113000,N,서울,40대,여
C1182,2025-09-02,2025-09-11,A250911-11821,수분 세럼,자사몰,1,43500,N,부산,30대,여
C1678,2025-07-01,2025-09-11,A250911-16782,수분 세럼,쿠팡,1,33600,N,경기,20대,여
C1735,2025-07-17,2025-09-11,A250911-17352,수분 세럼,네이버스토어,1,41300,N,경기,50대이상,여
C1735,2025-07-17,2025-09-11,A250911-17352,수분 세럼,자사몰,1,41300,N,경기,50대이상,여
C1806,2025-08-31,2025-09-11,A250911-18061,수분 세럼,자사몰,1,37300,Y,경기,20대,여
C1879,2025-07-25,2025-09-11,A250911-18792,수분 세럼,쿠팡,2,72300,N,부산,30대,여
C1010,2025-09-03,2025-09-12,A250912-10101,진정 크림,쿠팡,3,185500,N,광주,50대이상,여
C1018,2025-07-26,2025-09-12,A250912-10182,클렌징 밤,자사몰,1,47500,N,서울,20대,여
C1037,2025-07-08,2025-09-12,A250912-10372,수분 세럼,네이버스토어,1,69600,N,인천,30대,여
C1112,2025-09-11,2025-09-12,A250912-11121,수분 세럼,자사몰,1,43100,N,부산,30대,여
C1693,2025-08-31,2025-09-12,A250912-16931,수분 세럼,쿠팡,1,36900,N,인천,20대,남
C1861,2025-07-10,2025-09-12,A250912-18612,수분 세럼,쿠팡,1,37200,N,인천,20대,여
C1861,2025-07-10,2025-09-12,A250912-18612,수분 세럼,쿠팡,1,33400,Y,인천,20대,여
C1009,2025-08-17,2025-09-13,A250913-10092,수분 세럼,쿠팡,1,57100,N,경기,20대,여
C1042,2025-09-07,2025-09-13,A250913-10421,클렌징 밤,자사몰,1,38200,N,대구,50대이상,여
C1058,2025-07-11,2025-09-13,A250913-10583,수분 세럼,자사몰,2,128200,N,서울,30대,남
C1769,2025-09-05,2025-09-13,A250913-17691,진정 크림,자사몰,3,90800,Y,경기,20대,여
C1837,2025-08-12,2025-09-13,A250913-18372,수분 세럼,자사몰,1,42500,N,대구,30대,여
C1840,2025-09-11,2025-09-13,A250913-18401,클렌징 밤,자사몰,3,68000,N,서울,30대,여
C1048,2025-07-01,2025-09-14,A250914-10482,수분 세럼,자사몰,1,53200,N,인천,30대,여
C1048,2025-07-01,2025-09-14,A250914-10482,진정 크림,자사몰,2,114500,N,인천,30대,여
C1048,2025-07-01,2025-09-14,A250914-10482,수분 세럼,자사몰,1,47800,Y,인천,30대,여
C1709,2025-09-02,2025-09-14,A250914-17091,수분 세럼,자사몰,1,29800,Y,경기,30대,여
C1067,2025-07-01,2025-09-15,A250915-10673,수분 세럼,자사몰,3,203800,N,서울,40대,여
C1136,2025-07-27,2025-09-15,A250915-11362,수분 세럼,쿠팡,1,43300,N,서울,40대,여
C1656,2025-07-09,2025-09-15,A250915-16563,수분 세럼,자사몰,1,32700,N,인천,20대,여
C1687,2025-09-08,2025-09-15,A250915-16871,수분 세럼,쿠팡,1,37700,N,서울,30대,여
C1788,2025-09-11,2025-09-15,A250915-17881,진정 크림,자사몰,1,43700,N,서울,20대,남
C1841,2025-07-22,2025-09-15,A250915-18412,진정 크림,자사몰,1,35700,N,서울,30대,남
C1850,2025-08-15,2025-09-15,A250915-18502,수분 세럼,자사몰,1,40400,N,경기,30대,여
C1850,2025-08-15,2025-09-15,A250915-18502,수분 세럼,자사몰,1,40400,N,경기,30대,여
C1854,2025-07-01,2025-09-15,A250915-18542,수분 세럼,쿠팡,1,40800,N,서울,30대,여
C1036,2025-07-03,2025-09-16,A250916-10363,수분 세럼,자사몰,1,60400,N,경기,20대,남
C1036,2025-07-03,2025-09-16,A250916-10363,수분 세럼,자사몰,1,60400,N,경기,20대,남
C1040,2025-07-04,2025-09-16,A250916-10402,수분 세럼,자사몰,3,177600,Y,대구,50대이상,여
C1040,2025-07-04,2025-09-16,A250916-10402,클렌징 밤,자사몰,1,42500,Y,대구,50대이상,여
C1041,2025-09-05,2025-09-16,A250916-10411,수분 세럼,네이버스토어,1,66100,N,경남,50대이상,여
C1102,2025-09-12,2025-09-16,A250916-11021,수분 세럼,네이버스토어,1,44200,N,경기,30대,여
C1196,2025-09-14,2025-09-16,A250916-11961,수분 세럼,자사몰,1,51300,N,경기,20대,남
C1712,2025-07-18,2025-09-16,A250916-17122,진정 크림,자사몰,2,78200,Y,경기,40대,남
C1712,2025-07-18,2025-09-16,A250916-17122,진정 크림,쿠팡,1,43500,N,경기,40대,남
C1712,2025-07-18,2025-09-16,A250916-17122,클렌징 밤,네이버스토어,1,29000,N,경기,40대,남
C1772,2025-07-18,2025-09-16,A250916-17722,수분 세럼,쿠팡,1,42100,N,경기,50대이상,남
C1772,2025-07-18,2025-09-16,A250916-17722,진정 크림,자사몰,1,45300,N,경기,50대이상,남
C1772,2025-07-18,2025-09-16,A250916-17722,수분 세럼,자사몰,2,75700,Y,경기,50대이상,남
C1803,2025-08-21,2025-09-16,A250916-18032,진정 크림,자사몰,1,45900,N,서울,20대,여
C1051,2025-07-27,2025-09-17,A250917-10512,수분 세럼,자사몰,3,169800,N,서울,20대,여
C1100,2025-09-13,2025-09-17,A250917-11001,수분 세럼,네이버스토어,1,49900,N,서울,50대이상,여
C1162,2025-09-16,2025-09-17,A250917-11621,진정 크림,쿠팡,2,88100,Y,서울,20대,남
C1163,2025-07-28,2025-09-17,A250917-11632,진정 크림,자사몰,1,50700,N,대구,40대,여
C1200,2025-09-09,2025-09-17,A250917-12001,수분 세럼,자사몰,1,50100,N,경기,30대,여
C1675,2025-07-01,2025-09-17,A250917-16752,수분 세럼,쿠팡,2,60200,Y,서울,30대,여
C1675,2025-07-01,2025-09-17,A250917-16752,진정 크림,자사몰,1,36000,N,서울,30대,여
C1681,2025-09-09,2025-09-17,A250917-16811,진정 크림,네이버스토어,1,37800,N,서울,20대,남
C1697,2025-08-18,2025-09-17,A250917-16972,클렌징 밤,쿠팡,1,24200,Y,경기,30대,여
C1835,2025-09-09,2025-09-17,A250917-18351,수분 세럼,자사몰,1,31400,N,경기,20대,여
C1004,2025-08-11,2025-09-18,A250918-10042,진정 크림,네이버스토어,1,72000,N,서울,40대,여
C1033,2025-07-03,2025-09-18,A250918-10332,클렌징 밤,쿠팡,2,77800,N,서울,20대,여
C1033,2025-07-03,2025-09-18,A250918-10332,수분 세럼,자사몰,2,108300,N,서울,20대,여
C1033,2025-07-03,2025-09-18,A250918-10332,수분 세럼,자사몰,1,48700,Y,서울,20대,여
C1047,2025-07-11,2025-09-18,A250918-10473,클렌징 밤,자사몰,1,39600,Y,대구,50대이상,여
C1047,2025-07-11,2025-09-18,A250918-10473,수분 세럼,쿠팡,1,61400,N,대구,50대이상,여
C1047,2025-07-11,2025-09-18,A250918-10473,진정 크림,쿠팡,1,59500,Y,대구,50대이상,여
C1076,2025-09-14,2025-09-18,A250918-10761,진정 크림,네이버스토어,1,48600,N,서울,50대이상,여
C1172,2025-09-17,2025-09-18,A250918-11721,클렌징 밤,자사몰,1,36300,N,경기,30대,여
C1725,2025-08-15,2025-09-18,A250918-17252,수분 세럼,자사몰,2,64500,N,서울,30대,여
C1759,2025-08-21,2025-09-18,A250918-17592,진정 크림,자사몰,1,41700,N,서울,30대,여
C1773,2025-09-15,2025-09-18,A250918-17731,진정 크림,쿠팡,2,64800,Y,서울,40대,여
C1023,2025-07-01,2025-09-19,A250919-10234,수분 세럼,네이버스토어,1,57200,N,서울,40대,여
C1034,2025-07-01,2025-09-19,A250919-10343,수분 세럼,쿠팡,1,66700,N,경기,40대,여
C1034,2025-07-01,2025-09-19,A250919-10343,수분 세럼,자사몰,1,66700,N,경기,40대,여
C1046,2025-07-09,2025-09-19,A250919-10462,클렌징 밤,쿠팡,1,38600,N,인천,30대,여
C1663,2025-07-13,2025-09-19,A250919-16633,수분 세럼,네이버스토어,1,33700,N,서울,50대이상,남
C1663,2025-07-13,2025-09-19,A250919-16633,진정 크림,자사몰,1,36300,N,서울,50대이상,남
C1663,2025-07-13,2025-09-19,A250919-16633,진정 크림,자사몰,1,36300,N,서울,50대이상,남
C1847,2025-09-13,2025-09-19,A250919-18471,수분 세럼,네이버스토어,1,37300,Y,서울,20대,남
C1143,2025-09-16,2025-09-20,A250920-11431,수분 세럼,자사몰,1,46600,Y,경기,20대,여
C1157,2025-07-04,2025-09-20,A250920-11572,진정 크림,자사몰,1,50000,Y,경기,50대이상,여
C1157,2025-07-04,2025-09-20,A250920-11572,진정 크림,자사몰,1,50000,Y,경기,50대이상,여
C1157,2025-07-04,2025-09-20,A250920-11572,진정 크림,자사몰,1,55500,N,경기,50대이상,여
C1668,2025-07-09,2025-09-20,A250920-16682,클렌징 밤,쿠팡,1,24300,N,대전,20대,여
C1668,2025-07-09,2025-09-20,A250920-16682,수분 세럼,자사몰,1,33800,N,대전,20대,여
C1668,2025-07-09,2025-09-20,A250920-16682,수분 세럼,네이버스토어,1,33800,N,대전,20대,여
C1670,2025-07-24,2025-09-20,A250920-16702,진정 크림,쿠팡,1,45700,N,인천,50대이상,여
C1670,2025-07-24,2025-09-20,A250920-16702,수분 세럼,자사몰,2,84900,N,인천,50대이상,여
C1686,2025-09-17,2025-09-20,A250920-16861,진정 크림,쿠팡,2,62500,Y,대전,30대,남
C1177,2025-09-15,2025-09-21,A250921-11771,클렌징 밤,쿠팡,1,34300,Y,경기,40대,남
C1839,2025-09-13,2025-09-21,A250921-18391,진정 크림,쿠팡,3,110500,Y,경기,30대,여
C1186,2025-09-18,2025-09-22,A250922-11861,수분 세럼,자사몰,1,45200,N,부산,40대,여
C1816,2025-07-02,2025-09-22,A250922-18162,수분 세럼,쿠팡,1,40600,N,인천,20대,남
C1816,2025-07-02,2025-09-22,A250922-18162,수분 세럼,쿠팡,1,36500,Y,인천,20대,남
C1069,2025-09-14,2025-09-23,A250923-10691,수분 세럼,자사몰,1,55100,N,경남,40대,여
C1132,2025-07-12,2025-09-23,A250923-11322,수분 세럼,자사몰,2,103500,N,서울,40대,여
C1671,2025-08-16,2025-09-23,A250923-16712,수분 세럼,네이버스토어,1,37800,Y,서울,40대,여
C1671,2025-08-16,2025-09-23,A250923-16712,클렌징 밤,자사몰,3,90500,N,서울,40대,여
C1734,2025-07-26,2025-09-23,A250923-17342,진정 크림,쿠팡,1,35800,N,경기,30대,남
C1734,2025-07-26,2025-09-23,A250923-17342,진정 크림,자사몰,1,35800,N,경기,30대,남
C1744,2025-07-04,2025-09-23,A250923-17442,수분 세럼,자사몰,2,62700,N,대전,40대,여
C1744,2025-07-04,2025-09-23,A250923-17442,클렌징 밤,쿠팡,1,22500,N,대전,40대,여
C1744,2025-07-04,2025-09-23,A250923-17442,수분 세럼,자사몰,1,31400,N,대전,40대,여
C1755,2025-09-17,2025-09-23,A250923-17551,클렌징 밤,자사몰,1,26700,N,광주,20대,여
C1873,2025-08-04,2025-09-23,A250923-18732,진정 크림,쿠팡,1,39700,N,서울,30대,여
C1873,2025-08-04,2025-09-23,A250923-18732,수분 세럼,쿠팡,1,33200,Y,서울,30대,여
C1011,2025-09-20,2025-09-24,A250924-10111,수분 세럼,자사몰,1,63200,Y,광주,40대,남
C1669,2025-09-19,2025-09-24,A250924-16691,수분 세럼,네이버스토어,3,98400,N,대구,20대,여
C1741,2025-09-16,2025-09-24,A250924-17411,수분 세럼,네이버스토어,1,29200,Y,부산,30대,여
C1790,2025-07-03,2025-09-24,A250924-17902,수분 세럼,쿠팡,1,34900,N,서울,40대,여
C1005,2025-08-26,2025-09-25,A250925-10052,수분 세럼,네이버스토어,1,61900,N,광주,50대이상,여
C1005,2025-08-26,2025-09-25,A250925-10052,수분 세럼,쿠팡,1,61900,N,광주,50대이상,여
C1059,2025-07-05,2025-09-25,A250925-10592,진정 크림,네이버스토어,1,68200,Y,경기,20대,여
C1059,2025-07-05,2025-09-25,A250925-10592,진정 크림,쿠팡,1,68200,Y,경기,20대,여
C1189,2025-09-13,2025-09-25,A250925-11891,수분 세럼,자사몰,1,51500,N,서울,40대,남
C1876,2025-07-01,2025-09-25,A250925-18763,수분 세럼,쿠팡,1,38700,N,경기,30대,여
C1064,2025-08-29,2025-09-26,A250926-10642,수분 세럼,자사몰,1,69700,N,경기,40대,남
C1109,2025-09-19,2025-09-26,A250926-11091,클렌징 밤,쿠팡,3,95600,Y,서울,30대,여
C1129,2025-09-20,2025-09-26,A250926-11291,수분 세럼,자사몰,1,44900,N,부산,40대,여
C1181,2025-09-22,2025-09-26,A250926-11811,수분 세럼,쿠팡,1,43100,N,경기,50대이상,여
C1826,2025-09-16,2025-09-26,A250926-18261,수분 세럼,네이버스토어,1,35500,N,부산,40대,남
C1833,2025-09-18,2025-09-27,A250927-18331,수분 세럼,네이버스토어,2,77600,N,인천,30대,여
C1021,2025-07-06,2025-09-28,A250928-10212,수분 세럼,쿠팡,2,114800,N,부산,40대,여
C1021,2025-07-06,2025-09-28,A250928-10212,수분 세럼,자사몰,1,57400,N,부산,40대,여
C1043,2025-08-23,2025-09-28,A250928-10432,수분 세럼,네이버스토어,1,63000,N,경남,40대,남
C1043,2025-08-23,2025-09-28,A250928-10432,수분 세럼,자사몰,1,63000,N,경남,40대,남
C1044,2025-07-29,2025-09-28,A250928-10443,클렌징 밤,쿠팡,1,43500,N,인천,40대,여
C1044,2025-07-29,2025-09-28,A250928-10443,진정 크림,자사몰,1,65200,N,인천,40대,여
C1120,2025-09-19,2025-09-28,A250928-11201,수분 세럼,쿠팡,1,39400,Y,대구,30대,여
C1146,2025-09-24,2025-09-28,A250928-11461,진정 크림,자사몰,2,94800,N,경기,30대,여
C1710,2025-07-02,2025-09-28,A250928-17102,클렌징 밤,네이버스토어,1,26800,N,서울,50대이상,여
C1807,2025-07-03,2025-09-28,A250928-18072,진정 크림,자사몰,1,46000,N,경기,20대,여
C1007,2025-07-18,2025-09-29,A250929-10072,진정 크림,쿠팡,1,64700,Y,경기,20대,여
C1015,2025-08-15,2025-09-29,A250929-10152,진정 크림,네이버스토어,1,65500,Y,광주,50대이상,여
C1015,2025-08-15,2025-09-29,A250929-10152,수분 세럼,자사몰,1,67500,N,광주,50대이상,여
C1032,2025-07-07,2025-09-29,A250929-10323,진정 크림,자사몰,2,137000,Y,부산,30대,남
C1032,2025-07-07,2025-09-29,A250929-10323,수분 세럼,자사몰,1,70700,N,부산,30대,남
C1045,2025-07-05,2025-09-29,A250929-10453,클렌징 밤,쿠팡,1,42700,N,광주,40대,여
C1045,2025-07-05,2025-09-29,A250929-10453,수분 세럼,쿠팡,1,59400,N,광주,40대,여
C1131,2025-09-26,2025-09-29,A250929-11311,진정 크림,자사몰,2,111000,N,서울,30대,여
C1766,2025-09-28,2025-09-29,A250929-17661,진정 크림,네이버스토어,1,44900,N,부산,50대이상,여
C1072,2025-07-19,2025-09-30,A250930-10722,수분 세럼,자사몰,2,139700,N,기타,20대,여
C1075,2025-07-08,2025-09-30,A250930-10752,클렌징 밤,자사몰,1,33900,N,경기,20대,남
C1075,2025-07-08,2025-09-30,A250930-10752,수분 세럼,자사몰,1,42500,Y,경기,20대,남
C1075,2025-07-08,2025-09-30,A250930-10752,수분 세럼,자사몰,1,47300,N,경기,20대,남
C1178,2025-09-20,2025-09-30,A250930-11781,진정 크림,자사몰,1,53400,N,경기,50대이상,여
C1185,2025-09-19,2025-09-30,A250930-11851,수분 세럼,쿠팡,2,84200,Y,광주,40대,여
C1694,2025-07-01,2025-09-30,A250930-16942,수분 세럼,자사몰,1,36500,N,충남,30대,여
C1739,2025-07-07,2025-09-30,A250930-17392,수분 세럼,쿠팡,2,59100,Y,서울,30대,여
C1739,2025-07-07,2025-09-30,A250930-17392,진정 크림,자사몰,1,35400,N,서울,30대,여
C1739,2025-07-07,2025-09-30,A250930-17392,수분 세럼,자사몰,1,32900,N,서울,30대,여
C1751,2025-07-01,2025-09-30,A250930-17512,수분 세럼,자사몰,1,37500,Y,경기,50대이상,여
C1026,2025-08-22,2025-10-01,A251001-10262,진정 크림,자사몰,1,77000,N,경기,50대이상,여
C1026,2025-08-22,2025-10-01,A251001-10262,수분 세럼,자사몰,1,71500,N,경기,50대이상,여
C1655,2025-07-16,2025-10-01,A251001-16552,진정 크림,자사몰,1,30900,Y,경기,40대,여
C1845,2025-07-12,2025-10-01,A251001-18452,클렌징 밤,쿠팡,1,22800,N,경기,30대,여
C1845,2025-07-12,2025-10-01,A251001-18452,수분 세럼,자사몰,1,31700,N,경기,30대,여
C1056,2025-08-03,2025-10-02,A251002-10562,클렌징 밤,자사몰,1,39700,Y,서울,30대,여
C1149,2025-09-21,2025-10-02,A251002-11491,수분 세럼,쿠팡,2,92100,Y,충남,40대,여
C1052,2025-07-17,2025-10-03,A251003-10522,진정 크림,네이버스토어,2,143800,N,경기,50대이상,여
C1828,2025-07-09,2025-10-03,A251003-18282,수분 세럼,쿠팡,3,116100,N,충남,20대,여
C1828,2025-07-09,2025-10-03,A251003-18282,수분 세럼,쿠팡,1,38700,N,충남,20대,여
C1842,2025-08-04,2025-10-03,A251003-18422,수분 세럼,쿠팡,1,33700,N,서울,20대,여
C1842,2025-08-04,2025-10-03,A251003-18422,클렌징 밤,자사몰,1,24200,N,서울,20대,여
C1842,2025-08-04,2025-10-03,A251003-18422,수분 세럼,쿠팡,1,33700,N,서울,20대,여
C1067,2025-07-01,2025-10-04,A251004-10674,수분 세럼,자사몰,1,67900,N,서울,40대,여
C1067,2025-07-01,2025-10-04,A251004-10674,진정 크림,쿠팡,1,65800,Y,서울,40대,여
C1067,2025-07-01,2025-10-04,A251004-10674,수분 세럼,자사몰,1,61100,Y,서울,40대,여
C1151,2025-09-30,2025-10-04,A251004-11511,진정 크림,자사몰,1,49100,N,서울,50대이상,남
C1152,2025-09-29,2025-10-04,A251004-11521,진정 크림,자사몰,1,47200,N,기타,40대,여
C1688,2025-07-24,2025-10-04,A251004-16882,클렌징 밤,자사몰,1,29000,N,서울,40대,여
C1688,2025-07-24,2025-10-04,A251004-16882,진정 크림,자사몰,1,43600,N,서울,40대,여
C1688,2025-07-24,2025-10-04,A251004-16882,수분 세럼,자사몰,1,36400,Y,서울,40대,여
C1777,2025-09-24,2025-10-04,A251004-17771,수분 세럼,자사몰,2,62600,N,부산,50대이상,여
C1780,2025-07-22,2025-10-04,A251004-17803,수분 세럼,자사몰,1,30900,Y,부산,20대,여
C1820,2025-09-26,2025-10-04,A251004-18201,진정 크림,쿠팡,1,38400,Y,부산,40대,여
C1846,2025-09-29,2025-10-04,A251004-18461,수분 세럼,쿠팡,1,40800,N,경기,30대,남
C1055,2025-07-01,2025-10-05,A251005-10552,진정 크림,자사몰,2,127600,N,부산,20대,여
C1055,2025-07-01,2025-10-05,A251005-10552,진정 크림,자사몰,1,63800,N,부산,20대,여
C1168,2025-08-16,2025-10-05,A251005-11682,수분 세럼,자사몰,2,85600,Y,대전,20대,남
C1760,2025-07-24,2025-10-05,A251005-17602,진정 크림,쿠팡,1,38500,Y,대구,30대,여
C1760,2025-07-24,2025-10-05,A251005-17602,클렌징 밤,자사몰,1,28500,N,대구,30대,여
C1796,2025-07-09,2025-10-05,A251005-17962,진정 크림,자사몰,1,38200,N,대구,30대,여
C1857,2025-09-24,2025-10-05,A251005-18571,진정 크림,자사몰,2,92200,N,경기,50대이상,여
C1053,2025-07-22,2025-10-06,A251006-10532,수분 세럼,자사몰,2,106700,Y,서울,30대,여
C1053,2025-07-22,2025-10-06,A251006-10532,수분 세럼,자사몰,1,59300,N,서울,30대,여
C1699,2025-07-09,2025-10-06,A251006-16992,수분 세럼,네이버스토어,1,30200,Y,인천,30대,여
C1708,2025-07-18,2025-10-06,A251006-17083,수분 세럼,자사몰,1,40200,N,경남,50대이상,여
C1068,2025-07-06,2025-10-07,A251007-10683,클렌징 밤,쿠팡,1,35400,Y,대구,20대,여
C1068,2025-07-06,2025-10-07,A251007-10683,클렌징 밤,쿠팡,1,39400,N,대구,20대,여
C1164,2025-07-23,2025-10-07,A251007-11642,진정 크림,자사몰,1,52400,N,경기,50대이상,여
C1164,2025-07-23,2025-10-07,A251007-11642,진정 크림,네이버스토어,1,52400,N,경기,50대이상,여
C1164,2025-07-23,2025-10-07,A251007-11642,진정 크림,쿠팡,2,104800,N,경기,50대이상,여
C1171,2025-08-21,2025-10-07,A251007-11712,클렌징 밤,쿠팡,1,32500,N,인천,30대,여
C1690,2025-10-03,2025-10-07,A251007-16901,수분 세럼,쿠팡,1,36200,N,기타,20대,여
C1715,2025-07-01,2025-10-07,A251007-17153,클렌징 밤,쿠팡,1,24800,Y,경남,20대,여
C1715,2025-07-01,2025-10-07,A251007-17153,수분 세럼,자사몰,2,76800,N,경남,20대,여
C1764,2025-07-15,2025-10-07,A251007-17642,진정 크림,쿠팡,1,31800,Y,경남,50대이상,남
C1764,2025-07-15,2025-10-07,A251007-17642,진정 크림,쿠팡,2,70700,N,경남,50대이상,남
C1764,2025-07-15,2025-10-07,A251007-17642,수분 세럼,쿠팡,2,65700,N,경남,50대이상,남
C1792,2025-07-25,2025-10-07,A251007-17923,진정 크림,쿠팡,2,80200,Y,경기,30대,여
C1830,2025-08-27,2025-10-07,A251007-18302,수분 세럼,자사몰,2,62600,N,서울,30대,여
C1868,2025-07-25,2025-10-07,A251007-18682,수분 세럼,자사몰,1,33200,N,광주,40대,여
C1868,2025-07-25,2025-10-07,A251007-18682,수분 세럼,쿠팡,1,29800,Y,광주,40대,여
C1159,2025-09-28,2025-10-08,A251008-11591,수분 세럼,자사몰,1,45900,Y,경기,30대,여
C1683,2025-09-26,2025-10-08,A251008-16831,수분 세럼,네이버스토어,1,40300,N,서울,30대,남
C1733,2025-08-01,2025-10-08,A251008-17333,수분 세럼,자사몰,1,38900,N,인천,30대,여
C1733,2025-08-01,2025-10-08,A251008-17333,수분 세럼,자사몰,3,105100,Y,인천,30대,여
C1754,2025-10-08,2025-10-08,A251008-17541,수분 세럼,자사몰,1,37100,N,광주,30대,여
C1001,2025-07-09,2025-10-09,A251009-10012,수분 세럼,쿠팡,3,178200,N,부산,30대,여
C1037,2025-07-08,2025-10-09,A251009-10373,진정 크림,자사몰,1,74900,N,인천,30대,여
C1037,2025-07-08,2025-10-09,A251009-10373,수분 세럼,네이버스토어,1,69600,N,인천,30대,여
C1111,2025-10-06,2025-10-09,A251009-11111,진정 크림,쿠팡,1,57300,N,경기,30대,여
C1155,2025-07-28,2025-10-09,A251009-11552,진정 크림,자사몰,1,47800,N,경남,30대,여
C1679,2025-07-01,2025-10-09,A251009-16793,수분 세럼,자사몰,1,38000,Y,인천,50대이상,여
C1722,2025-10-01,2025-10-09,A251009-17221,수분 세럼,자사몰,2,72400,N,부산,30대,여
C1778,2025-08-03,2025-10-09,A251009-17783,수분 세럼,쿠팡,1,29300,Y,서울,30대,남
C1091,2025-09-30,2025-10-10,A251010-10911,수분 세럼,자사몰,2,89800,N,경기,20대,여
C1103,2025-10-09,2025-10-10,A251010-11031,수분 세럼,자사몰,1,52300,N,기타,40대,남
C1657,2025-09-30,2025-10-10,A251010-16571,수분 세럼,네이버스토어,1,35600,Y,서울,50대이상,여
C1763,2025-09-28,2025-10-10,A251010-17631,수분 세럼,자사몰,1,35000,N,광주,40대,여
C1801,2025-07-17,2025-10-10,A251010-18012,수분 세럼,자사몰,3,107600,Y,인천,20대,여
C1801,2025-07-17,2025-10-10,A251010-18012,수분 세럼,자사몰,1,39900,N,인천,20대,여
C1810,2025-10-03,2025-10-10,A251010-18101,수분 세럼,자사몰,2,64000,N,경기,40대,여
C1853,2025-08-04,2025-10-10,A251010-18532,진정 크림,자사몰,3,120200,N,경기,30대,여
C1003,2025-07-31,2025-10-11,A251011-10032,수분 세럼,자사몰,2,110100,N,경기,20대,여
C1003,2025-07-31,2025-10-11,A251011-10032,진정 크림,자사몰,1,59300,N,경기,20대,여
C1003,2025-07-31,2025-10-11,A251011-10032,수분 세럼,자사몰,1,55100,N,경기,20대,여
C1113,2025-10-08,2025-10-11,A251011-11131,진정 크림,자사몰,1,46800,N,서울,30대,여
C1142,2025-08-19,2025-10-11,A251011-11422,클렌징 밤,자사몰,2,78200,N,서울,40대,여
C1179,2025-08-08,2025-10-11,A251011-11792,수분 세럼,쿠팡,2,92200,N,인천,30대,여
C1179,2025-08-08,2025-10-11,A251011-11792,진정 크림,쿠팡,2,99300,N,인천,30대,여
C1179,2025-08-08,2025-10-11,A251011-11792,수분 세럼,네이버스토어,1,46100,N,인천,30대,여
C1747,2025-08-12,2025-10-11,A251011-17472,수분 세럼,자사몰,1,39700,N,대구,30대,여
C1747,2025-08-12,2025-10-11,A251011-17472,수분 세럼,네이버스토어,1,39700,N,대구,30대,여
C1802,2025-07-29,2025-10-11,A251011-18022,진정 크림,자사몰,1,35000,N,경기,50대이상,여
C1802,2025-07-29,2025-10-11,A251011-18022,수분 세럼,자사몰,1,32500,N,경기,50대이상,여
C1802,2025-07-29,2025-10-11,A251011-18022,진정 크림,자사몰,3,94600,Y,경기,50대이상,여
C1858,2025-10-03,2025-10-11,A251011-18581,진정 크림,쿠팡,1,36600,N,대전,20대,여
C1057,2025-07-31,2025-10-12,A251012-10572,수분 세럼,자사몰,1,52700,Y,인천,30대,여
C1201,2025-10-05,2025-10-12,A251012-12011,진정 크림,쿠팡,1,53000,N,경남,20대,여
C1698,2025-10-05,2025-10-12,A251012-16981,수분 세럼,자사몰,1,31400,N,서울,50대이상,여
C1705,2025-09-02,2025-10-12,A251012-17052,수분 세럼,자사몰,1,34200,N,서울,30대,여
C1705,2025-09-02,2025-10-12,A251012-17052,수분 세럼,쿠팡,1,34200,N,서울,30대,여
C1705,2025-09-02,2025-10-12,A251012-17052,수분 세럼,네이버스토어,2,68300,N,서울,30대,여
C1730,2025-10-11,2025-10-12,A251012-17301,수분 세럼,네이버스토어,1,30400,Y,경기,30대,여
C1753,2025-08-20,2025-10-12,A251012-17532,수분 세럼,쿠팡,3,102100,Y,경남,30대,여
C1753,2025-08-20,2025-10-12,A251012-17532,클렌징 밤,자사몰,1,24400,Y,경남,30대,여
C1038,2025-07-14,2025-10-13,A251013-10382,수분 세럼,네이버스토어,1,59300,Y,경남,30대,여
C1038,2025-07-14,2025-10-13,A251013-10382,수분 세럼,쿠팡,1,65900,N,경남,30대,여
C1039,2025-09-03,2025-10-13,A251013-10392,진정 크림,쿠팡,1,53300,Y,서울,30대,여
C1039,2025-09-03,2025-10-13,A251013-10392,수분 세럼,쿠팡,2,110100,N,서울,30대,여
C1042,2025-09-07,2025-10-13,A251013-10422,수분 세럼,쿠팡,1,53200,N,대구,50대이상,여
C1042,2025-09-07,2025-10-13,A251013-10422,진정 크림,네이버스토어,1,57300,N,대구,50대이상,여
C1078,2025-10-09,2025-10-13,A251013-10781,수분 세럼,자사몰,1,43200,N,부산,30대,여
C1081,2025-08-08,2025-10-13,A251013-10812,진정 크림,자사몰,1,51400,N,서울,40대,여
C1786,2025-10-06,2025-10-13,A251013-17861,수분 세럼,자사몰,1,39500,N,서울,50대이상,여
C1809,2025-10-07,2025-10-13,A251013-18091,클렌징 밤,자사몰,2,44600,Y,서울,40대,여
C1011,2025-09-20,2025-10-14,A251014-10112,진정 크림,자사몰,1,75700,N,광주,40대,남
C1031,2025-07-03,2025-10-14,A251014-10313,수분 세럼,자사몰,1,70700,N,대구,30대,여
C1031,2025-07-03,2025-10-14,A251014-10313,수분 세럼,네이버스토어,2,141300,N,대구,30대,여
C1060,2025-08-11,2025-10-14,A251014-10602,수분 세럼,자사몰,1,55800,Y,대구,30대,남
C1203,2025-10-08,2025-10-14,A251014-12031,클렌징 밤,쿠팡,1,38400,N,서울,40대,여
C1775,2025-10-10,2025-10-14,A251014-17751,진정 크림,자사몰,3,126500,N,경남,50대이상,여
C1794,2025-08-07,2025-10-14,A251014-17942,수분 세럼,쿠팡,2,63800,N,서울,20대,여
C1024,2025-07-29,2025-10-15,A251015-10242,진정 크림,자사몰,2,127600,Y,서울,40대,여
C1077,2025-10-08,2025-10-15,A251015-10771,진정 크림,자사몰,3,163800,N,경남,20대,여
C1205,2025-10-10,2025-10-15,A251015-12051,수분 세럼,자사몰,1,51000,N,서울,20대,여
C1695,2025-08-08,2025-10-15,A251015-16952,수분 세럼,자사몰,1,41000,N,인천,40대,여
C1695,2025-08-08,2025-10-15,A251015-16952,수분 세럼,자사몰,1,36900,Y,인천,40대,여
C1695,2025-08-08,2025-10-15,A251015-16952,수분 세럼,자사몰,2,73900,Y,인천,40대,여
C1779,2025-10-14,2025-10-15,A251015-17791,클렌징 밤,자사몰,1,24100,N,서울,20대,남
C1066,2025-07-05,2025-10-16,A251016-10663,클렌징 밤,자사몰,2,97000,N,광주,20대,여
C1066,2025-07-05,2025-10-16,A251016-10663,수분 세럼,자사몰,2,135100,N,광주,20대,여
C1066,2025-07-05,2025-10-16,A251016-10663,수분 세럼,네이버스토어,1,60800,Y,광주,20대,여
C1173,2025-10-07,2025-10-16,A251016-11731,수분 세럼,자사몰,1,48500,N,경기,40대,여
C1186,2025-09-18,2025-10-16,A251016-11862,진정 크림,자사몰,1,43800,Y,부산,40대,여
C1186,2025-09-18,2025-10-16,A251016-11862,수분 세럼,네이버스토어,1,45200,N,부산,40대,여
C1696,2025-10-16,2025-10-16,A251016-16961,클렌징 밤,자사몰,1,20600,Y,경기,50대이상,남
C1750,2025-07-07,2025-10-16,A251016-17502,진정 크림,자사몰,1,35700,N,서울,30대,여
C1750,2025-07-07,2025-10-16,A251016-17502,수분 세럼,네이버스토어,1,33100,N,서울,30대,여
C1750,2025-07-07,2025-10-16,A251016-17502,수분 세럼,쿠팡,1,33100,N,서울,30대,여
C1790,2025-07-03,2025-10-16,A251016-17903,진정 크림,자사몰,1,37600,N,서울,40대,여
C1861,2025-07-10,2025-10-16,A251016-18613,클렌징 밤,네이버스토어,1,26700,N,인천,20대,여
C1861,2025-07-10,2025-10-16,A251016-18613,수분 세럼,자사몰,1,37200,N,인천,20대,여
C1861,2025-07-10,2025-10-16,A251016-18613,수분 세럼,자사몰,1,37200,N,인천,20대,여
C1029,2025-07-16,2025-10-17,A251017-10292,수분 세럼,네이버스토어,1,62700,N,경기,30대,여
C1029,2025-07-16,2025-10-17,A251017-10292,클렌징 밤,네이버스토어,1,40500,Y,경기,30대,여
C1029,2025-07-16,2025-10-17,A251017-10292,진정 크림,쿠팡,1,60800,Y,경기,30대,여
C1071,2025-07-01,2025-10-17,A251017-10713,수분 세럼,네이버스토어,1,63400,Y,부산,30대,여
C1071,2025-07-01,2025-10-17,A251017-10713,수분 세럼,자사몰,1,70400,N,부산,30대,여
C1170,2025-08-20,2025-10-17,A251017-11702,클렌징 밤,자사몰,1,36000,N,인천,40대,여
C1206,2025-10-14,2025-10-17,A251017-12061,수분 세럼,쿠팡,1,43800,Y,서울,20대,여
C1718,2025-10-17,2025-10-17,A251017-17181,수분 세럼,쿠팡,1,34800,N,서울,30대,여
C1843,2025-08-11,2025-10-17,A251017-18432,수분 세럼,자사몰,1,35100,Y,경기,40대,여
C1007,2025-07-18,2025-10-18,A251018-10073,수분 세럼,자사몰,2,120100,Y,경기,20대,여
C1010,2025-09-03,2025-10-18,A251018-10102,수분 세럼,자사몰,1,57400,N,광주,50대이상,여
C1010,2025-09-03,2025-10-18,A251018-10102,진정 크림,자사몰,1,55700,Y,광주,50대이상,여
C1100,2025-09-13,2025-10-18,A251018-11002,진정 크림,자사몰,1,48400,Y,서울,50대이상,여
C1107,2025-10-14,2025-10-18,A251018-11071,클렌징 밤,쿠팡,1,36800,N,서울,20대,남
C1133,2025-08-06,2025-10-18,A251018-11332,수분 세럼,쿠팡,1,43800,N,서울,50대이상,여
C1165,2025-10-13,2025-10-18,A251018-11651,클렌징 밤,자사몰,1,35100,N,인천,20대,여
C1192,2025-10-11,2025-10-18,A251018-11921,수분 세럼,자사몰,1,54100,N,경기,30대,남
C1208,2025-09-01,2025-10-18,A251018-12082,클렌징 밤,자사몰,3,100200,N,대구,20대,여
C1208,2025-09-01,2025-10-18,A251018-12082,클렌징 밤,자사몰,1,30100,Y,대구,20대,여
C1711,2025-07-13,2025-10-18,A251018-17112,수분 세럼,쿠팡,1,33000,Y,서울,20대,남
C1711,2025-07-13,2025-10-18,A251018-17112,진정 크림,자사몰,2,71100,Y,서울,20대,남
C1727,2025-07-22,2025-10-18,A251018-17272,수분 세럼,자사몰,2,84500,N,서울,50대이상,남
C1803,2025-08-21,2025-10-18,A251018-18033,수분 세럼,쿠팡,1,38300,Y,서울,20대,여
C1821,2025-10-13,2025-10-18,A251018-18211,수분 세럼,자사몰,2,63600,N,서울,30대,여
C1050,2025-07-11,2025-10-19,A251019-10502,진정 크림,자사몰,1,54600,Y,서울,30대,여
C1209,2025-10-18,2025-10-19,A251019-12091,수분 세럼,네이버스토어,1,48600,N,경남,30대,여
C1731,2025-10-19,2025-10-19,A251019-17311,수분 세럼,자사몰,1,35600,N,서울,40대,남
C1008,2025-10-15,2025-10-20,A251020-10081,수분 세럼,자사몰,2,135800,N,부산,40대,남
C1317,2025-10-13,2025-10-20,A251020-13171,수분 세럼,자사몰,1,32100,Y,경기,40대,여
C1006,2025-08-01,2025-10-21,A251021-10062,클렌징 밤,쿠팡,1,38800,N,부산,40대,남
C1121,2025-10-10,2025-10-21,A251021-11211,진정 크림,자사몰,1,49200,N,대전,20대,여
C1671,2025-08-16,2025-10-21,A251021-16713,수분 세럼,자사몰,1,42000,N,서울,40대,여
C1758,2025-10-14,2025-10-21,A251021-17581,수분 세럼,쿠팡,2,69900,N,기타,50대이상,여
C1856,2025-08-28,2025-10-21,A251021-18562,수분 세럼,쿠팡,2,71100,Y,경남,40대,여
C1856,2025-08-28,2025-10-21,A251021-18562,수분 세럼,자사몰,2,79100,N,경남,40대,여
C1856,2025-08-28,2025-10-21,A251021-18562,수분 세럼,자사몰,1,39500,N,경남,40대,여
C1014,2025-08-07,2025-10-22,A251022-10142,수분 세럼,자사몰,1,70300,N,경남,40대,여
C1176,2025-10-19,2025-10-22,A251022-11761,클렌징 밤,자사몰,1,31000,Y,인천,30대,여
C1187,2025-10-20,2025-10-23,A251023-11871,수분 세럼,쿠팡,1,45100,N,경기,50대이상,여
C1216,2025-10-13,2025-10-23,A251023-12161,수분 세럼,자사몰,1,36400,Y,경기,30대,여
C1095,2025-10-23,2025-10-24,A251024-10951,진정 크림,쿠팡,2,117100,N,인천,20대,여
C1112,2025-09-11,2025-10-24,A251024-11122,진정 크림,쿠팡,1,46400,N,부산,30대,여
C1112,2025-09-11,2025-10-24,A251024-11122,진정 크림,자사몰,1,41800,Y,부산,30대,여
C1112,2025-09-11,2025-10-24,A251024-11122,수분 세럼,자사몰,2,86300,N,부산,30대,여
C1160,2025-10-13,2025-10-24,A251024-11601,수분 세럼,쿠팡,1,41900,Y,대전,20대,여
C1182,2025-09-02,2025-10-24,A251024-11822,진정 크림,자사몰,1,46900,N,부산,30대,여
C1822,2025-08-04,2025-10-24,A251024-18222,진정 크림,쿠팡,1,36300,N,경기,40대,여
C1822,2025-08-04,2025-10-24,A251024-18222,수분 세럼,자사몰,1,33700,N,경기,40대,여
C1878,2025-07-19,2025-10-24,A251024-18782,클렌징 밤,자사몰,1,27800,N,서울,40대,여
C1035,2025-07-07,2025-10-25,A251025-10353,클렌징 밤,쿠팡,1,43600,Y,경남,40대,여
C1035,2025-07-07,2025-10-25,A251025-10353,진정 크림,자사몰,1,72700,N,경남,40대,여
C1041,2025-09-05,2025-10-25,A251025-10412,수분 세럼,자사몰,1,66100,N,경남,50대이상,여
C1070,2025-07-13,2025-10-25,A251025-10703,진정 크림,쿠팡,1,59600,N,경기,20대,여
C1183,2025-07-30,2025-10-25,A251025-11832,진정 크림,자사몰,1,41700,Y,광주,20대,여
C1183,2025-07-30,2025-10-25,A251025-11832,수분 세럼,자사몰,1,43100,N,광주,20대,여
C1196,2025-09-14,2025-10-25,A251025-11962,수분 세럼,쿠팡,1,46100,Y,경기,20대,남
C1782,2025-08-03,2025-10-25,A251025-17822,클렌징 밤,자사몰,1,23300,Y,기타,40대,여
C1082,2025-10-24,2025-10-26,A251026-10821,클렌징 밤,쿠팡,1,33500,N,경남,40대,여
C1785,2025-10-22,2025-10-26,A251026-17851,수분 세럼,자사몰,1,37700,N,대전,30대,여
C1092,2025-08-21,2025-10-27,A251027-10922,수분 세럼,자사몰,1,45300,Y,대전,30대,여
C1092,2025-08-21,2025-10-27,A251027-10922,수분 세럼,자사몰,1,50300,N,대전,30대,여
C1092,2025-08-21,2025-10-27,A251027-10922,수분 세럼,자사몰,1,50300,N,대전,30대,여
C1144,2025-08-12,2025-10-27,A251027-11442,진정 크림,자사몰,1,48400,N,충남,30대,여
C1717,2025-07-31,2025-10-27,A251027-17173,클렌징 밤,자사몰,1,24400,Y,부산,40대,남
C1717,2025-07-31,2025-10-27,A251027-17173,진정 크림,쿠팡,1,40700,N,부산,40대,남
C1768,2025-10-20,2025-10-27,A251027-17681,클렌징 밤,자사몰,1,20700,Y,부산,30대,남
C1783,2025-10-17,2025-10-27,A251027-17831,진정 크림,자사몰,1,34400,Y,경기,30대,여
C1811,2025-10-25,2025-10-27,A251027-18111,클렌징 밤,자사몰,1,27600,Y,경기,20대,여
C1857,2025-09-24,2025-10-27,A251027-18572,진정 크림,자사몰,1,46100,N,경기,50대이상,여
C1857,2025-09-24,2025-10-27,A251027-18572,클렌징 밤,자사몰,1,27700,Y,경기,50대이상,여
C1864,2025-08-29,2025-10-27,A251027-18642,진정 크림,자사몰,1,37100,N,경기,30대,여
C1864,2025-08-29,2025-10-27,A251027-18642,진정 크림,자사몰,2,74200,N,경기,30대,여
C1866,2025-10-16,2025-10-27,A251027-18661,수분 세럼,쿠팡,1,41500,N,경기,30대,여
C1025,2025-07-19,2025-10-28,A251028-10253,수분 세럼,자사몰,1,56000,N,서울,30대,여
C1049,2025-08-02,2025-10-28,A251028-10492,수분 세럼,쿠팡,3,180600,N,경기,20대,남
C1049,2025-08-02,2025-10-28,A251028-10492,수분 세럼,쿠팡,1,60200,N,경기,20대,남
C1098,2025-10-20,2025-10-28,A251028-10981,수분 세럼,쿠팡,2,107200,N,서울,40대,남
C1135,2025-10-22,2025-10-28,A251028-11351,수분 세럼,쿠팡,2,96100,N,충남,50대이상,여
C1736,2025-10-26,2025-10-28,A251028-17361,진정 크림,쿠팡,1,35400,Y,서울,50대이상,남
C1765,2025-10-17,2025-10-28,A251028-17651,수분 세럼,쿠팡,2,60000,Y,서울,30대,남
C1867,2025-08-13,2025-10-28,A251028-18672,수분 세럼,쿠팡,1,31300,N,광주,30대,여
C1867,2025-08-13,2025-10-28,A251028-18672,클렌징 밤,자사몰,2,40500,Y,광주,30대,여
C1867,2025-08-13,2025-10-28,A251028-18672,클렌징 밤,자사몰,1,20200,Y,광주,30대,여
C1877,2025-10-23,2025-10-28,A251028-18771,클렌징 밤,자사몰,1,29500,N,경기,30대,여
C1017,2025-07-04,2025-10-29,A251029-10173,클렌징 밤,네이버스토어,1,38000,N,충남,30대,여
C1017,2025-07-04,2025-10-29,A251029-10173,수분 세럼,자사몰,2,106000,N,충남,30대,여
C1019,2025-07-21,2025-10-29,A251029-10192,진정 크림,자사몰,1,52600,Y,인천,30대,여
C1079,2025-08-16,2025-10-29,A251029-10792,클렌징 밤,자사몰,2,57600,Y,경기,20대,여
C1080,2025-09-04,2025-10-29,A251029-10802,수분 세럼,자사몰,1,45300,N,서울,20대,여
C1080,2025-09-04,2025-10-29,A251029-10802,진정 크림,자사몰,2,97700,N,서울,20대,여
C1199,2025-10-19,2025-10-29,A251029-11991,진정 크림,자사몰,1,50700,N,서울,40대,여
C1027,2025-08-21,2025-10-30,A251030-10272,수분 세럼,자사몰,1,71200,N,서울,20대,여
C1110,2025-10-22,2025-10-30,A251030-11101,진정 크림,네이버스토어,1,56600,N,경기,50대이상,여
C1733,2025-08-01,2025-10-30,A251030-17334,진정 크림,쿠팡,1,41900,N,인천,30대,여
C1018,2025-07-26,2025-10-31,A251031-10183,수분 세럼,네이버스토어,1,59500,Y,서울,20대,여
C1018,2025-07-26,2025-10-31,A251031-10183,클렌징 밤,쿠팡,1,47500,N,서울,20대,여
C1018,2025-07-26,2025-10-31,A251031-10183,클렌징 밤,네이버스토어,1,47500,N,서울,20대,여
C1054,2025-08-07,2025-10-31,A251031-10542,수분 세럼,쿠팡,1,58200,Y,서울,30대,여
C1068,2025-07-06,2025-10-31,A251031-10684,클렌징 밤,자사몰,1,39400,N,대구,20대,여
C1136,2025-07-27,2025-10-31,A251031-11363,클렌징 밤,쿠팡,1,31100,N,서울,40대,여
C1166,2025-08-13,2025-10-31,A251031-11662,클렌징 밤,쿠팡,1,34500,N,경기,30대,남
C1166,2025-08-13,2025-10-31,A251031-11662,수분 세럼,자사몰,2,96000,N,경기,30대,남
C1166,2025-08-13,2025-10-31,A251031-11662,진정 크림,자사몰,1,51700,N,경기,30대,남
C1682,2025-10-19,2025-10-31,A251031-16821,클렌징 밤,자사몰,1,29700,N,인천,30대,여
C1740,2025-08-25,2025-10-31,A251031-17402,진정 크림,자사몰,2,78700,N,서울,50대이상,여
C1808,2025-10-26,2025-10-31,A251031-18081,클렌징 밤,쿠팡,1,28000,N,인천,50대이상,여
C1002,2025-08-07,2025-11-01,A251101-10022,수분 세럼,쿠팡,2,113400,N,경기,30대,남
C1002,2025-08-07,2025-11-01,A251101-10022,수분 세럼,자사몰,1,56700,N,경기,30대,남
C1020,2025-07-01,2025-11-01,A251101-10203,수분 세럼,네이버스토어,1,67800,N,경기,50대이상,여
C1020,2025-07-01,2025-11-01,A251101-10203,수분 세럼,자사몰,1,67800,N,경기,50대이상,여
C1036,2025-07-03,2025-11-01,A251101-10364,진정 크림,쿠팡,1,65100,N,경기,20대,남
C1065,2025-09-05,2025-11-01,A251101-10652,수분 세럼,자사몰,1,52900,Y,경기,30대,여
C1065,2025-09-05,2025-11-01,A251101-10652,진정 크림,자사몰,1,57000,Y,경기,30대,여
C1198,2025-10-30,2025-11-01,A251101-11981,클렌징 밤,자사몰,1,35200,N,서울,40대,여
C1805,2025-08-10,2025-11-01,A251101-18052,수분 세럼,쿠팡,1,32500,Y,인천,20대,여
C1102,2025-09-12,2025-11-02,A251102-11022,수분 세럼,쿠팡,1,44200,N,경기,30대,여
C1102,2025-09-12,2025-11-02,A251102-11022,수분 세럼,네이버스토어,1,44200,N,경기,30대,여
C1111,2025-10-06,2025-11-02,A251102-11112,클렌징 밤,자사몰,1,38200,N,경기,30대,여
C1111,2025-10-06,2025-11-02,A251102-11112,수분 세럼,자사몰,2,106400,N,경기,30대,여
C1661,2025-07-08,2025-11-02,A251102-16613,진정 크림,자사몰,2,68900,N,경기,40대,여
C1661,2025-07-08,2025-11-02,A251102-16613,수분 세럼,자사몰,1,32000,N,경기,40대,여
C1661,2025-07-08,2025-11-02,A251102-16613,클렌징 밤,자사몰,1,23000,N,경기,40대,여
C1662,2025-10-28,2025-11-02,A251102-16621,수분 세럼,자사몰,1,31900,N,경기,30대,여
C1725,2025-08-15,2025-11-02,A251102-17253,수분 세럼,자사몰,1,29000,Y,서울,30대,여
C1032,2025-07-07,2025-11-03,A251103-10324,수분 세럼,쿠팡,1,70700,N,부산,30대,남
C1045,2025-07-05,2025-11-03,A251103-10454,진정 크림,자사몰,1,57600,Y,광주,40대,여
C1045,2025-07-05,2025-11-03,A251103-10454,수분 세럼,자사몰,1,59400,N,광주,40대,여
C1076,2025-09-14,2025-11-03,A251103-10762,수분 세럼,쿠팡,1,45100,N,서울,50대이상,여
C1076,2025-09-14,2025-11-03,A251103-10762,진정 크림,자사몰,1,43700,Y,서울,50대이상,여
C1076,2025-09-14,2025-11-03,A251103-10762,수분 세럼,자사몰,1,45100,N,서울,50대이상,여
C1202,2025-08-11,2025-11-03,A251103-12022,클렌징 밤,쿠팡,2,70400,N,인천,40대,여
C1670,2025-07-24,2025-11-03,A251103-16703,수분 세럼,자사몰,1,38200,Y,인천,50대이상,여
C1012,2025-07-01,2025-11-04,A251104-10123,수분 세럼,네이버스토어,1,53100,N,서울,40대,여
C1012,2025-07-01,2025-11-04,A251104-10123,진정 크림,쿠팡,1,57200,N,서울,40대,여
C1270,2025-10-28,2025-11-04,A251104-12701,수분 세럼,자사몰,1,37900,N,대구,40대,남
C1793,2025-09-01,2025-11-04,A251104-17932,수분 세럼,쿠팡,1,41600,N,경남,40대,여
C1835,2025-09-09,2025-11-04,A251104-18352,진정 크림,자사몰,2,61000,Y,경기,20대,여
C1835,2025-09-09,2025-11-04,A251104-18352,수분 세럼,자사몰,3,94300,N,경기,20대,여
C1063,2025-08-04,2025-11-05,A251105-10633,진정 크림,자사몰,3,222300,N,서울,40대,여
C1063,2025-08-04,2025-11-05,A251105-10633,수분 세럼,자사몰,1,68800,N,서울,40대,여
C1063,2025-08-04,2025-11-05,A251105-10633,클렌징 밤,쿠팡,1,49400,N,서울,40대,여
C1120,2025-09-19,2025-11-05,A251105-11202,수분 세럼,자사몰,1,43800,N,대구,30대,여
C1078,2025-10-09,2025-11-06,A251106-10782,클렌징 밤,쿠팡,1,27900,Y,부산,30대,여
C1118,2025-10-28,2025-11-06,A251106-11181,진정 크림,네이버스토어,2,114000,N,대구,40대,여
C1156,2025-10-28,2025-11-06,A251106-11561,수분 세럼,자사몰,2,106000,N,경기,30대,여
C1192,2025-10-11,2025-11-06,A251106-11922,수분 세럼,자사몰,3,162300,N,경기,30대,남
C1403,2025-10-29,2025-11-06,A251106-14031,수분 세럼,쿠팡,1,41200,N,경기,30대,여
C1424,2025-11-01,2025-11-06,A251106-14241,진정 크림,자사몰,1,41200,N,부산,40대,남
C1720,2025-10-30,2025-11-06,A251106-17201,클렌징 밤,자사몰,1,23800,Y,서울,50대이상,여
C1744,2025-07-04,2025-11-06,A251106-17443,수분 세럼,자사몰,1,28200,Y,대전,40대,여
C1751,2025-07-01,2025-11-06,A251106-17513,수분 세럼,쿠팡,1,37500,Y,경기,50대이상,여
C1751,2025-07-01,2025-11-06,A251106-17513,수분 세럼,자사몰,2,75000,Y,경기,50대이상,여
C1761,2025-08-14,2025-11-06,A251106-17612,진정 크림,자사몰,1,34600,N,경기,20대,여
C1818,2025-07-28,2025-11-06,A251106-18183,클렌징 밤,자사몰,1,25900,N,경기,20대,여
C1818,2025-07-28,2025-11-06,A251106-18183,수분 세럼,네이버스토어,1,36000,N,경기,20대,여
C1104,2025-07-25,2025-11-07,A251107-11042,진정 크림,자사몰,1,46400,Y,경기,20대,여
C1104,2025-07-25,2025-11-07,A251107-11042,수분 세럼,자사몰,1,47900,N,경기,20대,여
C1371,2025-10-31,2025-11-07,A251107-13711,수분 세럼,자사몰,1,45500,N,광주,30대,여
C1693,2025-08-31,2025-11-07,A251107-16932,수분 세럼,쿠팡,1,36900,N,인천,20대,남
C1693,2025-08-31,2025-11-07,A251107-16932,수분 세럼,자사몰,3,110800,N,인천,20대,남
C1713,2025-11-06,2025-11-07,A251107-17131,수분 세럼,네이버스토어,1,28600,Y,경기,50대이상,여
C1748,2025-10-29,2025-11-07,A251107-17481,클렌징 밤,네이버스토어,2,46900,N,서울,50대이상,남
C1824,2025-07-28,2025-11-07,A251107-18243,수분 세럼,쿠팡,1,39700,N,서울,50대이상,여
C1824,2025-07-28,2025-11-07,A251107-18243,진정 크림,자사몰,1,38500,Y,서울,50대이상,여
C1008,2025-10-15,2025-11-08,A251108-10082,수분 세럼,네이버스토어,1,61100,Y,부산,40대,남
C1087,2025-09-01,2025-11-08,A251108-10872,진정 크림,네이버스토어,1,50900,Y,서울,40대,여
C1127,2025-11-07,2025-11-08,A251108-11271,수분 세럼,자사몰,1,47400,Y,경기,30대,여
C1158,2025-10-28,2025-11-08,A251108-11581,진정 크림,쿠팡,1,53600,N,서울,30대,여
C1201,2025-10-05,2025-11-08,A251108-12012,클렌징 밤,네이버스토어,2,63600,Y,경남,20대,여
C1690,2025-10-03,2025-11-08,A251108-16902,수분 세럼,쿠팡,1,36200,N,기타,20대,여
C1690,2025-10-03,2025-11-08,A251108-16902,진정 크림,쿠팡,2,70200,Y,기타,20대,여
C1690,2025-10-03,2025-11-08,A251108-16902,수분 세럼,쿠팡,2,72400,N,기타,20대,여
C1853,2025-08-04,2025-11-08,A251108-18533,수분 세럼,자사몰,2,74400,N,경기,30대,여
C1006,2025-08-01,2025-11-09,A251109-10063,진정 크림,자사몰,2,116300,N,부산,40대,남
C1096,2025-11-02,2025-11-09,A251109-10961,수분 세럼,자사몰,1,46100,N,경남,30대,여
C1124,2025-11-03,2025-11-09,A251109-11241,클렌징 밤,자사몰,1,31300,N,대구,40대,여
C1132,2025-07-12,2025-11-09,A251109-11323,수분 세럼,자사몰,1,51700,N,서울,40대,여
C1753,2025-08-20,2025-11-09,A251109-17533,클렌징 밤,자사몰,1,27200,N,경남,30대,여
C1753,2025-08-20,2025-11-09,A251109-17533,수분 세럼,자사몰,2,75700,N,경남,30대,여
C1859,2025-11-06,2025-11-09,A251109-18591,클렌징 밤,자사몰,1,22000,Y,경기,40대,여
C1128,2025-11-10,2025-11-10,A251110-11281,수분 세럼,자사몰,1,48600,N,서울,30대,여
C1253,2025-11-08,2025-11-10,A251110-12531,수분 세럼,자사몰,3,128200,N,서울,40대,여
C1716,2025-10-29,2025-11-10,A251110-17161,수분 세럼,자사몰,1,34000,N,서울,30대,여
C1746,2025-11-09,2025-11-10,A251110-17461,수분 세럼,자사몰,2,66100,N,경기,40대,여
C1772,2025-07-18,2025-11-10,A251110-17723,수분 세럼,자사몰,1,37800,Y,경기,50대이상,남
C1145,2025-08-26,2025-11-11,A251111-11452,수분 세럼,자사몰,2,108900,N,서울,20대,여
C1169,2025-11-06,2025-11-11,A251111-11691,수분 세럼,자사몰,3,162000,N,경기,30대,여
C1181,2025-09-22,2025-11-11,A251111-11812,수분 세럼,자사몰,1,43100,N,경기,50대이상,여
C1181,2025-09-22,2025-11-11,A251111-11812,수분 세럼,자사몰,2,86100,N,경기,50대이상,여
C1215,2025-10-31,2025-11-11,A251111-12151,진정 크림,쿠팡,1,41000,N,경기,30대,여
C1664,2025-08-02,2025-11-11,A251111-16642,진정 크림,쿠팡,1,40500,N,경기,30대,여
C1758,2025-10-14,2025-11-11,A251111-17582,수분 세럼,자사몰,1,31400,Y,기타,50대이상,여
C1069,2025-09-14,2025-11-12,A251112-10692,진정 크림,자사몰,3,177900,N,경남,40대,여
C1209,2025-10-18,2025-11-12,A251112-12092,수분 세럼,쿠팡,1,48600,N,경남,30대,여
C1687,2025-09-08,2025-11-12,A251112-16872,진정 크림,자사몰,1,40600,N,서울,30대,여
C1863,2025-11-04,2025-11-12,A251112-18631,진정 크림,자사몰,1,37100,N,서울,30대,여
C1146,2025-09-24,2025-11-13,A251113-11462,수분 세럼,자사몰,1,44000,N,경기,30대,여
C1146,2025-09-24,2025-11-13,A251113-11462,수분 세럼,자사몰,1,44000,N,경기,30대,여
C1660,2025-08-18,2025-11-13,A251113-16602,수분 세럼,자사몰,2,71200,N,부산,30대,남
C1660,2025-08-18,2025-11-13,A251113-16602,진정 크림,쿠팡,1,34500,Y,부산,30대,남
C1698,2025-10-05,2025-11-13,A251113-16982,수분 세럼,자사몰,1,31400,N,서울,50대이상,여
C1698,2025-10-05,2025-11-13,A251113-16982,클렌징 밤,자사몰,2,45000,N,서울,50대이상,여
C1698,2025-10-05,2025-11-13,A251113-16982,수분 세럼,쿠팡,2,62700,N,서울,50대이상,여
C1737,2025-08-09,2025-11-13,A251113-17372,수분 세럼,쿠팡,1,36500,Y,경남,40대,여
C1770,2025-08-22,2025-11-13,A251113-17702,수분 세럼,자사몰,1,32300,N,부산,40대,여
C1770,2025-08-22,2025-11-13,A251113-17702,수분 세럼,자사몰,1,29000,Y,부산,40대,여
C1770,2025-08-22,2025-11-13,A251113-17702,진정 크림,네이버스토어,3,104200,N,부산,40대,여
C1048,2025-07-01,2025-11-14,A251114-10483,클렌징 밤,쿠팡,1,38200,N,인천,30대,여
C1062,2025-07-14,2025-11-14,A251114-10623,수분 세럼,자사몰,1,63100,Y,대전,30대,여
C1062,2025-07-14,2025-11-14,A251114-10623,클렌징 밤,쿠팡,1,50300,N,대전,30대,여
C1165,2025-10-13,2025-11-14,A251114-11652,진정 크림,쿠팡,1,52600,N,인천,20대,여
C1781,2025-08-10,2025-11-14,A251114-17812,수분 세럼,쿠팡,1,37700,N,서울,40대,여
C1781,2025-08-10,2025-11-14,A251114-17812,진정 크림,네이버스토어,1,36600,Y,서울,40대,여
C1827,2025-11-10,2025-11-14,A251114-18271,수분 세럼,자사몰,1,40000,N,인천,20대,여
C1832,2025-11-10,2025-11-14,A251114-18321,진정 크림,자사몰,1,37200,Y,경기,40대,여
C1005,2025-08-26,2025-11-15,A251115-10053,수분 세럼,쿠팡,1,55700,Y,광주,50대이상,여
C1025,2025-07-19,2025-11-15,A251115-10254,수분 세럼,자사몰,2,111900,N,서울,30대,여
C1025,2025-07-19,2025-11-15,A251115-10254,수분 세럼,자사몰,2,111900,N,서울,30대,여
C1037,2025-07-08,2025-11-15,A251115-10374,클렌징 밤,쿠팡,2,99900,N,인천,30대,여
C1147,2025-11-05,2025-11-15,A251115-11471,진정 크림,네이버스토어,1,55900,N,경기,40대,남
C1385,2025-11-05,2025-11-15,A251115-13851,진정 크림,네이버스토어,1,40800,Y,부산,40대,여
C1783,2025-10-17,2025-11-15,A251115-17832,진정 크림,자사몰,1,34400,Y,경기,30대,여
C1804,2025-08-02,2025-11-15,A251115-18043,수분 세럼,자사몰,3,97500,N,광주,20대,여
C1028,2025-08-18,2025-11-16,A251116-10282,수분 세럼,네이버스토어,1,60600,N,부산,30대,남
C1028,2025-08-18,2025-11-16,A251116-10282,클렌징 밤,자사몰,1,43500,N,부산,30대,남
C1028,2025-08-18,2025-11-16,A251116-10282,수분 세럼,자사몰,1,60600,N,부산,30대,남
C1061,2025-08-27,2025-11-16,A251116-10612,수분 세럼,쿠팡,1,72000,N,경기,30대,남
C1061,2025-08-27,2025-11-16,A251116-10612,수분 세럼,자사몰,2,144000,N,경기,30대,남
C1061,2025-08-27,2025-11-16,A251116-10612,수분 세럼,자사몰,1,72000,N,경기,30대,남
C1177,2025-09-15,2025-11-16,A251116-11772,수분 세럼,쿠팡,2,95500,Y,경기,40대,남
C1177,2025-09-15,2025-11-16,A251116-11772,진정 크림,자사몰,1,57200,N,경기,40대,남
C1329,2025-11-12,2025-11-16,A251116-13291,진정 크림,자사몰,2,78100,N,대구,30대,여
C1726,2025-08-13,2025-11-16,A251116-17262,진정 크림,자사몰,1,44000,N,서울,50대이상,여
C1059,2025-07-05,2025-11-17,A251117-10593,진정 크림,자사몰,1,68200,Y,경기,20대,여
C1152,2025-09-29,2025-11-17,A251117-11522,진정 크림,자사몰,2,94500,N,기타,40대,여
C1701,2025-11-11,2025-11-17,A251117-17011,클렌징 밤,네이버스토어,2,53500,Y,부산,30대,여
C1714,2025-11-06,2025-11-17,A251117-17141,수분 세럼,자사몰,1,36600,N,인천,30대,여
C1813,2025-08-19,2025-11-17,A251117-18132,진정 크림,자사몰,2,78900,N,대구,50대이상,여
C1813,2025-08-19,2025-11-17,A251117-18132,진정 크림,자사몰,1,39500,N,대구,50대이상,여
C1813,2025-08-19,2025-11-17,A251117-18132,수분 세럼,자사몰,1,33000,Y,대구,50대이상,여
C1013,2025-08-09,2025-11-18,A251118-10132,수분 세럼,자사몰,1,63500,N,대전,40대,여
C1039,2025-09-03,2025-11-18,A251118-10393,진정 크림,자사몰,3,177800,N,서울,30대,여
C1039,2025-09-03,2025-11-18,A251118-10393,수분 세럼,자사몰,2,110100,N,서울,30대,여
C1041,2025-09-05,2025-11-18,A251118-10413,클렌징 밤,자사몰,1,42700,Y,경남,50대이상,여
C1075,2025-07-08,2025-11-18,A251118-10753,수분 세럼,쿠팡,3,127600,Y,경기,20대,남
C1107,2025-10-14,2025-11-18,A251118-11072,수분 세럼,자사몰,1,46100,Y,서울,20대,남
C1151,2025-09-30,2025-11-18,A251118-11512,클렌징 밤,자사몰,2,65400,N,서울,50대이상,남
C1178,2025-09-20,2025-11-18,A251118-11782,진정 크림,쿠팡,1,48100,Y,경기,50대이상,여
C1178,2025-09-20,2025-11-18,A251118-11782,수분 세럼,네이버스토어,1,49600,N,경기,50대이상,여
C1193,2025-08-30,2025-11-18,A251118-11932,진정 크림,자사몰,1,51500,Y,서울,40대,여
C1193,2025-08-30,2025-11-18,A251118-11932,클렌징 밤,자사몰,1,38100,N,서울,40대,여
C1193,2025-08-30,2025-11-18,A251118-11932,수분 세럼,쿠팡,1,47800,Y,서울,40대,여
C1195,2025-11-15,2025-11-18,A251118-11951,수분 세럼,쿠팡,1,44600,Y,인천,40대,여
C1207,2025-08-13,2025-11-18,A251118-12072,수분 세럼,쿠팡,2,94900,N,경기,30대,여
C1207,2025-08-13,2025-11-18,A251118-12072,진정 크림,자사몰,1,46000,Y,경기,30대,여
C1207,2025-08-13,2025-11-18,A251118-12072,수분 세럼,자사몰,1,42700,Y,경기,30대,여
C1798,2025-11-09,2025-11-18,A251118-17981,클렌징 밤,자사몰,1,25900,N,경기,40대,여
C1811,2025-10-25,2025-11-18,A251118-18112,수분 세럼,네이버스토어,2,77000,Y,경기,20대,여
C1089,2025-11-14,2025-11-19,A251119-10891,수분 세럼,자사몰,3,153300,N,광주,50대이상,여
C1106,2025-11-19,2025-11-19,A251119-11061,수분 세럼,쿠팡,2,88900,N,경기,30대,여
C1189,2025-09-13,2025-11-19,A251119-11892,수분 세럼,쿠팡,1,46300,Y,서울,40대,남
C1004,2025-08-11,2025-11-20,A251120-10043,클렌징 밤,쿠팡,1,48000,N,서울,40대,여
C1004,2025-08-11,2025-11-20,A251120-10043,수분 세럼,자사몰,3,180400,Y,서울,40대,여
C1407,2025-11-10,2025-11-20,A251120-14071,진정 크림,자사몰,1,37500,Y,기타,40대,여
C1667,2025-11-12,2025-11-20,A251120-16671,수분 세럼,자사몰,1,36600,N,서울,20대,여
C1695,2025-08-08,2025-11-20,A251120-16953,클렌징 밤,자사몰,2,58900,N,인천,40대,여
C1695,2025-08-08,2025-11-20,A251120-16953,진정 크림,자사몰,1,44200,N,인천,40대,여
C1860,2025-11-10,2025-11-20,A251120-18601,수분 세럼,쿠팡,2,64000,Y,경기,50대이상,여
C1057,2025-07-31,2025-11-21,A251121-10573,클렌징 밤,쿠팡,1,42000,N,인천,30대,여
C1113,2025-10-08,2025-11-21,A251121-11132,진정 크림,자사몰,1,46800,N,서울,30대,여
C1113,2025-10-08,2025-11-21,A251121-11132,클렌징 밤,쿠팡,1,28100,Y,서울,30대,여
C1131,2025-09-26,2025-11-21,A251121-11312,진정 크림,자사몰,1,55500,N,서울,30대,여
C1131,2025-09-26,2025-11-21,A251121-11312,수분 세럼,자사몰,3,154700,N,서울,30대,여
C1131,2025-09-26,2025-11-21,A251121-11312,수분 세럼,쿠팡,1,51600,N,서울,30대,여
C1150,2025-11-15,2025-11-21,A251121-11501,클렌징 밤,네이버스토어,1,38800,N,서울,40대,여
C1740,2025-08-25,2025-11-21,A251121-17403,수분 세럼,네이버스토어,1,36500,N,서울,50대이상,여
C1740,2025-08-25,2025-11-21,A251121-17403,수분 세럼,자사몰,1,32900,Y,서울,50대이상,여
C1757,2025-11-11,2025-11-21,A251121-17571,수분 세럼,자사몰,1,39200,N,서울,20대,여
C1786,2025-10-06,2025-11-21,A251121-17862,클렌징 밤,자사몰,2,56700,N,서울,50대이상,여
C1786,2025-10-06,2025-11-21,A251121-17862,수분 세럼,쿠팡,2,71100,Y,서울,50대이상,여
C1788,2025-09-11,2025-11-21,A251121-17882,클렌징 밤,자사몰,1,26200,Y,서울,20대,남
C1788,2025-09-11,2025-11-21,A251121-17882,진정 크림,네이버스토어,1,43700,N,서울,20대,남
C1849,2025-07-08,2025-11-21,A251121-18493,수분 세럼,자사몰,2,82500,N,서울,30대,여
C1849,2025-07-08,2025-11-21,A251121-18493,진정 크림,자사몰,1,44400,N,서울,30대,여
C1852,2025-11-17,2025-11-21,A251121-18521,수분 세럼,쿠팡,1,38400,N,광주,40대,여
C1869,2025-11-19,2025-11-21,A251121-18691,진정 크림,쿠팡,1,39400,N,경기,40대,여
C1009,2025-08-17,2025-11-22,A251122-10093,수분 세럼,자사몰,1,57100,N,경기,20대,여
C1009,2025-08-17,2025-11-22,A251122-10093,수분 세럼,자사몰,2,114100,N,경기,20대,여
C1016,2025-08-18,2025-11-22,A251122-10162,클렌징 밤,자사몰,1,42800,N,대전,30대,여
C1088,2025-09-02,2025-11-22,A251122-10882,수분 세럼,자사몰,1,40700,Y,인천,50대이상,여
C1098,2025-10-20,2025-11-22,A251122-10982,수분 세럼,쿠팡,1,53600,N,서울,40대,남
C1098,2025-10-20,2025-11-22,A251122-10982,진정 크림,쿠팡,1,52000,Y,서울,40대,남
C1206,2025-10-14,2025-11-22,A251122-12062,진정 크림,자사몰,1,47100,Y,서울,20대,여
C1206,2025-10-14,2025-11-22,A251122-12062,클렌징 밤,네이버스토어,1,34900,N,서울,20대,여
C1416,2025-11-18,2025-11-22,A251122-14161,수분 세럼,자사몰,2,80100,Y,서울,20대,여
C1420,2025-11-18,2025-11-22,A251122-14201,진정 크림,쿠팡,2,81700,N,충남,30대,남
C1655,2025-07-16,2025-11-22,A251122-16553,진정 크림,자사몰,2,61900,Y,경기,40대,여
C1725,2025-08-15,2025-11-22,A251122-17254,클렌징 밤,자사몰,1,20900,Y,서울,30대,여
C1771,2025-11-16,2025-11-22,A251122-17711,수분 세럼,자사몰,2,66100,N,인천,40대,여
C1810,2025-10-03,2025-11-22,A251122-18102,클렌징 밤,자사몰,1,23000,N,경기,40대,여
C1810,2025-10-03,2025-11-22,A251122-18102,진정 크림,자사몰,3,103300,N,경기,40대,여
C1043,2025-08-23,2025-11-23,A251123-10433,진정 크림,자사몰,1,67800,N,경남,40대,남
C1043,2025-08-23,2025-11-23,A251123-10433,진정 크림,네이버스토어,2,135600,N,경남,40대,남
C1047,2025-07-11,2025-11-23,A251123-10474,수분 세럼,쿠팡,1,61400,N,대구,50대이상,여
C1047,2025-07-11,2025-11-23,A251123-10474,수분 세럼,자사몰,1,61400,N,대구,50대이상,여
C1160,2025-10-13,2025-11-23,A251123-11602,진정 크림,쿠팡,2,100200,N,대전,20대,여
C1160,2025-10-13,2025-11-23,A251123-11602,진정 크림,자사몰,2,100200,N,대전,20대,여
C1185,2025-09-19,2025-11-23,A251123-11852,수분 세럼,자사몰,1,42100,Y,광주,40대,여
C1185,2025-09-19,2025-11-23,A251123-11852,진정 크림,자사몰,1,50400,N,광주,40대,여
C1747,2025-08-12,2025-11-23,A251123-17473,수분 세럼,자사몰,1,39700,N,대구,30대,여
C1747,2025-08-12,2025-11-23,A251123-17473,진정 크림,쿠팡,2,85600,N,대구,30대,여
C1789,2025-07-03,2025-11-23,A251123-17893,수분 세럼,네이버스토어,1,33400,N,서울,40대,여
C1850,2025-08-15,2025-11-23,A251123-18503,수분 세럼,자사몰,1,40400,N,경기,30대,여
C1022,2025-08-18,2025-11-24,A251124-10222,수분 세럼,네이버스토어,1,59600,Y,서울,40대,여
C1022,2025-08-18,2025-11-24,A251124-10222,진정 크림,자사몰,3,213800,N,서울,40대,여
C1022,2025-08-18,2025-11-24,A251124-10222,수분 세럼,쿠팡,1,66200,N,서울,40대,여
C1031,2025-07-03,2025-11-24,A251124-10314,수분 세럼,자사몰,1,70700,N,대구,30대,여
C1071,2025-07-01,2025-11-24,A251124-10714,진정 크림,쿠팡,1,68200,Y,부산,30대,여
C1093,2025-11-15,2025-11-24,A251124-10931,수분 세럼,자사몰,1,40400,Y,경남,20대,여
C1119,2025-07-20,2025-11-24,A251124-11193,수분 세럼,자사몰,1,45700,N,서울,20대,남
C1167,2025-11-19,2025-11-24,A251124-11671,클렌징 밤,자사몰,1,32100,Y,부산,40대,여
C1339,2025-11-23,2025-11-24,A251124-13391,진정 크림,자사몰,1,48300,N,서울,40대,여
C1754,2025-10-08,2025-11-25,A251125-17542,진정 크림,자사몰,2,80000,N,광주,30대,여
C1809,2025-10-07,2025-11-25,A251125-18092,수분 세럼,쿠팡,2,69000,N,서울,40대,여
C1843,2025-08-11,2025-11-25,A251125-18433,클렌징 밤,쿠팡,1,28000,N,경기,40대,여
C1843,2025-08-11,2025-11-25,A251125-18433,클렌징 밤,자사몰,2,56000,N,경기,40대,여
C1023,2025-07-01,2025-11-26,A251126-10235,수분 세럼,자사몰,1,51500,Y,서울,40대,여
C1023,2025-07-01,2025-11-26,A251126-10235,수분 세럼,자사몰,2,114400,N,서울,40대,여
C1030,2025-07-29,2025-11-26,A251126-10303,수분 세럼,네이버스토어,1,64100,N,경기,30대,여
C1190,2025-11-22,2025-11-26,A251126-11901,클렌징 밤,쿠팡,2,73200,N,경기,40대,여
C1452,2025-11-25,2025-11-27,A251127-14521,클렌징 밤,자사몰,1,25200,Y,경기,20대,여
C1734,2025-07-26,2025-11-27,A251127-17343,수분 세럼,자사몰,1,33200,N,경기,30대,남
C1003,2025-07-31,2025-11-28,A251128-10033,수분 세럼,자사몰,1,55100,N,경기,20대,여
C1052,2025-07-17,2025-11-29,A251129-10523,수분 세럼,쿠팡,1,66800,N,경기,50대이상,여
C1064,2025-08-29,2025-11-29,A251129-10643,수분 세럼,자사몰,1,69700,N,경기,40대,남
C1064,2025-08-29,2025-11-29,A251129-10643,진정 크림,쿠팡,3,225200,N,경기,40대,남
C1126,2025-11-27,2025-11-29,A251129-11261,진정 크림,자사몰,1,50800,Y,서울,30대,여
C1438,2025-11-19,2025-11-29,A251129-14381,진정 크림,자사몰,1,42200,N,서울,40대,여
C1702,2025-11-25,2025-11-29,A251129-17021,수분 세럼,네이버스토어,2,71200,Y,경기,50대이상,여
C1087,2025-09-01,2025-11-30,A251130-10873,수분 세럼,자사몰,1,52500,N,서울,40대,여
C1094,2025-09-06,2025-11-30,A251130-10942,수분 세럼,쿠팡,1,46300,N,인천,50대이상,여
C1094,2025-09-06,2025-11-30,A251130-10942,진정 크림,쿠팡,1,49900,N,인천,50대이상,여
C1094,2025-09-06,2025-11-30,A251130-10942,수분 세럼,자사몰,3,139000,N,인천,50대이상,여
C1173,2025-10-07,2025-11-30,A251130-11732,수분 세럼,쿠팡,1,48500,N,경기,40대,여
C1173,2025-10-07,2025-11-30,A251130-11732,클렌징 밤,자사몰,1,34800,N,경기,40대,여
C1186,2025-09-18,2025-11-30,A251130-11863,진정 크림,쿠팡,2,97300,N,부산,40대,여
C1685,2025-11-26,2025-11-30,A251130-16851,클렌징 밤,네이버스토어,2,56300,N,경기,30대,남
C1709,2025-09-02,2025-11-30,A251130-17092,수분 세럼,자사몰,1,33100,N,경기,30대,여
C1741,2025-09-16,2025-11-30,A251130-17412,수분 세럼,네이버스토어,1,32400,N,부산,30대,여
C1741,2025-09-16,2025-11-30,A251130-17412,진정 크림,쿠팡,1,31400,Y,부산,30대,여
C1118,2025-10-28,2025-12-01,A251201-11182,수분 세럼,네이버스토어,1,47600,Y,대구,40대,여
C1118,2025-10-28,2025-12-01,A251201-11182,수분 세럼,쿠팡,3,158700,N,대구,40대,여
C1255,2025-11-25,2025-12-01,A251201-12551,진정 크림,쿠팡,1,41500,N,서울,30대,여
C1074,2025-11-24,2025-12-02,A251202-10741,진정 크림,자사몰,1,44500,Y,경남,20대,여
C1090,2025-09-01,2025-12-02,A251202-10902,진정 크림,자사몰,1,58400,N,서울,30대,여
C1090,2025-09-01,2025-12-02,A251202-10902,클렌징 밤,자사몰,1,39000,N,서울,30대,여
C1090,2025-09-01,2025-12-02,A251202-10902,수분 세럼,자사몰,1,54300,N,서울,30대,여
C1117,2025-12-02,2025-12-02,A251202-11171,수분 세럼,쿠팡,2,87700,Y,서울,40대,여
C1148,2025-11-22,2025-12-02,A251202-11481,수분 세럼,자사몰,1,40800,Y,서울,30대,여
C1236,2025-11-23,2025-12-02,A251202-12361,진정 크림,쿠팡,1,40500,Y,기타,50대이상,여
C1773,2025-09-15,2025-12-02,A251202-17732,수분 세럼,자사몰,1,33400,N,서울,40대,여
C1837,2025-08-12,2025-12-02,A251202-18373,클렌징 밤,쿠팡,1,30500,N,대구,30대,여
C1837,2025-08-12,2025-12-02,A251202-18373,클렌징 밤,자사몰,2,61100,N,대구,30대,여
C1837,2025-08-12,2025-12-02,A251202-18373,진정 크림,네이버스토어,1,41200,Y,대구,30대,여
C1044,2025-07-29,2025-12-03,A251203-10444,수분 세럼,자사몰,1,60600,N,인천,40대,여
C1044,2025-07-29,2025-12-03,A251203-10444,수분 세럼,자사몰,3,163600,Y,인천,40대,여
C1051,2025-07-27,2025-12-03,A251203-10513,진정 크림,쿠팡,1,54900,Y,서울,20대,여
C1072,2025-07-19,2025-12-03,A251203-10723,수분 세럼,자사몰,2,139700,N,기타,20대,여
C1072,2025-07-19,2025-12-03,A251203-10723,수분 세럼,자사몰,1,69900,N,기타,20대,여
C1072,2025-07-19,2025-12-03,A251203-10723,수분 세럼,자사몰,1,62900,Y,기타,20대,여
C1127,2025-11-07,2025-12-03,A251203-11272,수분 세럼,자사몰,2,105300,N,경기,30대,여
C1149,2025-09-21,2025-12-03,A251203-11492,클렌징 밤,자사몰,1,36700,N,충남,40대,여
C1149,2025-09-21,2025-12-03,A251203-11492,진정 크림,쿠팡,2,110200,N,충남,40대,여
C1154,2025-12-03,2025-12-03,A251203-11541,수분 세럼,네이버스토어,2,108600,N,인천,30대,여
C1171,2025-08-21,2025-12-03,A251203-11713,진정 크림,쿠팡,3,131600,Y,인천,30대,여
C1171,2025-08-21,2025-12-03,A251203-11713,진정 크림,자사몰,1,48800,N,인천,30대,여
C1389,2025-11-22,2025-12-03,A251203-13891,수분 세럼,자사몰,2,83400,Y,서울,40대,여
C1412,2025-11-22,2025-12-03,A251203-14121,수분 세럼,자사몰,1,34700,Y,인천,40대,여
C1724,2025-08-25,2025-12-03,A251203-17242,클렌징 밤,쿠팡,1,24200,Y,부산,30대,여
C1046,2025-07-09,2025-12-04,A251204-10463,클렌징 밤,자사몰,1,34800,Y,인천,30대,여
C1065,2025-09-05,2025-12-04,A251204-10653,수분 세럼,자사몰,1,58800,N,경기,30대,여
C1774,2025-12-01,2025-12-04,A251204-17741,수분 세럼,쿠팡,2,71900,Y,기타,20대,여
C1828,2025-07-09,2025-12-04,A251204-18283,수분 세럼,자사몰,1,38700,N,충남,20대,여
C1010,2025-09-03,2025-12-05,A251205-10103,수분 세럼,자사몰,2,114800,N,광주,50대이상,여
C1692,2025-12-01,2025-12-05,A251205-16921,진정 크림,네이버스토어,1,40000,N,경기,30대,여
C1021,2025-07-06,2025-12-06,A251206-10213,수분 세럼,자사몰,1,51700,Y,부산,40대,여
C1021,2025-07-06,2025-12-06,A251206-10213,수분 세럼,쿠팡,1,51700,Y,부산,40대,여
C1021,2025-07-06,2025-12-06,A251206-10213,진정 크림,자사몰,1,61800,N,부산,40대,여
C1123,2025-11-25,2025-12-06,A251206-11231,수분 세럼,자사몰,1,50400,N,서울,30대,여
C1180,2025-11-28,2025-12-06,A251206-11801,수분 세럼,쿠팡,2,86200,N,경기,30대,여
C1418,2025-11-26,2025-12-06,A251206-14181,클렌징 밤,네이버스토어,1,33400,N,인천,40대,남
C1658,2025-09-03,2025-12-06,A251206-16582,진정 크림,쿠팡,1,36300,N,대구,50대이상,남
C1658,2025-09-03,2025-12-06,A251206-16582,진정 크림,자사몰,2,65300,Y,대구,50대이상,남
C1822,2025-08-04,2025-12-06,A251206-18223,진정 크림,자사몰,1,36300,N,경기,40대,여
C1829,2025-11-30,2025-12-06,A251206-18291,클렌징 밤,자사몰,3,80300,Y,경기,50대이상,여
C1015,2025-08-15,2025-12-07,A251207-10153,수분 세럼,쿠팡,1,67500,N,광주,50대이상,여
C1067,2025-07-01,2025-12-07,A251207-10675,진정 크림,쿠팡,1,73200,N,서울,40대,여
C1067,2025-07-01,2025-12-07,A251207-10675,수분 세럼,자사몰,3,203800,N,서울,40대,여
C1096,2025-11-02,2025-12-07,A251207-10962,수분 세럼,쿠팡,1,46100,N,경남,30대,여
C1096,2025-11-02,2025-12-07,A251207-10962,진정 크림,네이버스토어,1,49700,N,경남,30대,여
C1100,2025-09-13,2025-12-07,A251207-11003,수분 세럼,쿠팡,1,49900,N,서울,50대이상,여
C1129,2025-09-20,2025-12-07,A251207-11292,진정 크림,쿠팡,1,43500,Y,부산,40대,여
C1272,2025-12-04,2025-12-07,A251207-12721,클렌징 밤,자사몰,1,30200,N,서울,30대,여
C1717,2025-07-31,2025-12-07,A251207-17174,수분 세럼,자사몰,1,34000,Y,부산,40대,남
C1717,2025-07-31,2025-12-07,A251207-17174,수분 세럼,자사몰,3,113400,N,부산,40대,남
C1017,2025-07-04,2025-12-08,A251208-10174,수분 세럼,자사몰,1,47700,Y,충남,30대,여
C1017,2025-07-04,2025-12-08,A251208-10174,진정 크림,쿠팡,1,57100,N,충남,30대,여
C1017,2025-07-04,2025-12-08,A251208-10174,진정 크림,자사몰,1,57100,N,충남,30대,여
C1104,2025-07-25,2025-12-08,A251208-11043,수분 세럼,자사몰,2,95700,N,경기,20대,여
C1104,2025-07-25,2025-12-08,A251208-11043,클렌징 밤,자사몰,1,30900,Y,경기,20대,여
C1133,2025-08-06,2025-12-08,A251208-11333,클렌징 밤,쿠팡,1,28300,Y,서울,50대이상,여
C1133,2025-08-06,2025-12-08,A251208-11333,진정 크림,자사몰,1,42500,Y,서울,50대이상,여
C1168,2025-08-16,2025-12-08,A251208-11683,진정 크림,자사몰,1,46100,Y,대전,20대,남
C1168,2025-08-16,2025-12-08,A251208-11683,진정 크림,네이버스토어,1,46100,Y,대전,20대,남
C1820,2025-09-26,2025-12-08,A251208-18202,수분 세럼,쿠팡,1,39700,N,부산,40대,여
C1053,2025-07-22,2025-12-09,A251209-10533,수분 세럼,자사몰,1,53300,Y,서울,30대,여
C1053,2025-07-22,2025-12-09,A251209-10533,클렌징 밤,자사몰,1,42600,N,서울,30대,여
C1053,2025-07-22,2025-12-09,A251209-10533,수분 세럼,쿠팡,2,106700,Y,서울,30대,여
C1124,2025-11-03,2025-12-09,A251209-11242,수분 세럼,쿠팡,2,87200,N,대구,40대,여
C1205,2025-10-10,2025-12-09,A251209-12052,수분 세럼,자사몰,2,102100,N,서울,20대,여
C1345,2025-12-06,2025-12-09,A251209-13451,진정 크림,자사몰,1,38400,N,충남,30대,여
C1833,2025-09-18,2025-12-09,A251209-18332,수분 세럼,자사몰,1,34900,Y,인천,30대,여
C1026,2025-08-22,2025-12-10,A251210-10263,수분 세럼,자사몰,2,128800,Y,경기,50대이상,여
C1033,2025-07-03,2025-12-10,A251210-10333,수분 세럼,자사몰,1,54200,N,서울,20대,여
C1033,2025-07-03,2025-12-10,A251210-10333,수분 세럼,쿠팡,2,108300,N,서울,20대,여
C1080,2025-09-04,2025-12-10,A251210-10803,수분 세럼,자사몰,1,45300,N,서울,20대,여
C1080,2025-09-04,2025-12-10,A251210-10803,진정 크림,네이버스토어,1,48800,N,서울,20대,여
C1156,2025-10-28,2025-12-10,A251210-11562,수분 세럼,자사몰,2,106000,N,경기,30대,여
C1178,2025-09-20,2025-12-10,A251210-11783,진정 크림,네이버스토어,2,106800,N,경기,50대이상,여
C1178,2025-09-20,2025-12-10,A251210-11783,클렌징 밤,자사몰,2,71200,N,경기,50대이상,여
C1178,2025-09-20,2025-12-10,A251210-11783,진정 크림,자사몰,1,53400,N,경기,50대이상,여
C1193,2025-08-30,2025-12-10,A251210-11933,수분 세럼,자사몰,1,53100,N,서울,40대,여
C1323,2025-12-07,2025-12-10,A251210-13231,수분 세럼,쿠팡,1,37400,N,서울,50대이상,여
C1727,2025-07-22,2025-12-10,A251210-17273,클렌징 밤,자사몰,1,30300,N,서울,50대이상,남
C1742,2025-12-03,2025-12-10,A251210-17421,수분 세럼,자사몰,1,34600,N,경기,30대,여
C1864,2025-08-29,2025-12-10,A251210-18643,수분 세럼,자사몰,3,103400,N,경기,30대,여
C1006,2025-08-01,2025-12-11,A251211-10064,수분 세럼,쿠팡,1,54000,N,부산,40대,남
C1095,2025-10-23,2025-12-11,A251211-10952,수분 세럼,쿠팡,1,48900,Y,인천,20대,여
C1095,2025-10-23,2025-12-11,A251211-10952,진정 크림,쿠팡,1,52700,Y,인천,20대,여
C1163,2025-07-28,2025-12-11,A251211-11633,클렌징 밤,자사몰,3,91300,Y,대구,40대,여
C1163,2025-07-28,2025-12-11,A251211-11633,수분 세럼,네이버스토어,2,84700,Y,대구,40대,여
C1210,2025-12-05,2025-12-11,A251211-12101,수분 세럼,자사몰,1,54000,N,서울,20대,남
C1388,2025-12-10,2025-12-11,A251211-13881,수분 세럼,자사몰,1,43400,N,경기,40대,여
C1134,2025-12-01,2025-12-12,A251212-11341,진정 크림,쿠팡,1,53100,N,대전,40대,여
C1179,2025-08-08,2025-12-12,A251212-11793,진정 크림,자사몰,1,49700,N,인천,30대,여
C1179,2025-08-08,2025-12-12,A251212-11793,수분 세럼,네이버스토어,2,83000,Y,인천,30대,여
C1433,2025-12-12,2025-12-12,A251212-14331,수분 세럼,자사몰,2,75200,N,서울,30대,여
C1704,2025-12-11,2025-12-12,A251212-17041,수분 세럼,네이버스토어,1,32200,N,대구,50대이상,여
C1818,2025-07-28,2025-12-12,A251212-18184,진정 크림,자사몰,1,38800,N,경기,20대,여
C1818,2025-07-28,2025-12-12,A251212-18184,수분 세럼,쿠팡,1,32400,Y,경기,20대,여
C1035,2025-07-07,2025-12-13,A251213-10354,진정 크림,자사몰,1,72700,N,경남,40대,여
C1050,2025-07-11,2025-12-13,A251213-10503,진정 크림,쿠팡,1,60700,N,서울,30대,여
C1169,2025-11-06,2025-12-13,A251213-11692,진정 크림,자사몰,2,116300,N,경기,30대,여
C1169,2025-11-06,2025-12-13,A251213-11692,수분 세럼,자사몰,1,54000,N,경기,30대,여
C1783,2025-10-17,2025-12-13,A251213-17833,진정 크림,자사몰,1,38300,N,경기,30대,여
C1783,2025-10-17,2025-12-13,A251213-17833,수분 세럼,자사몰,1,35500,N,경기,30대,여
C1058,2025-07-11,2025-12-14,A251214-10584,진정 크림,쿠팡,1,62100,Y,서울,30대,남
C1058,2025-07-11,2025-12-14,A251214-10584,수분 세럼,자사몰,3,192200,N,서울,30대,남
C1058,2025-07-11,2025-12-14,A251214-10584,진정 크림,쿠팡,2,124200,Y,서울,30대,남
C1150,2025-11-15,2025-12-14,A251214-11502,수분 세럼,자사몰,2,108100,N,서울,40대,여
C1159,2025-09-28,2025-12-14,A251214-11592,수분 세럼,자사몰,1,51000,N,경기,30대,여
C1170,2025-08-20,2025-12-14,A251214-11703,수분 세럼,자사몰,2,100300,N,인천,40대,여
C1172,2025-09-17,2025-12-14,A251214-11722,클렌징 밤,쿠팡,1,32700,Y,경기,30대,여
C1197,2025-08-16,2025-12-14,A251214-11973,클렌징 밤,자사몰,1,34500,N,서울,20대,여
C1203,2025-10-08,2025-12-14,A251214-12032,클렌징 밤,자사몰,1,38400,N,서울,40대,여
C1275,2025-12-03,2025-12-14,A251214-12751,클렌징 밤,쿠팡,2,61900,N,경기,30대,여
C1698,2025-10-05,2025-12-14,A251214-16983,진정 크림,자사몰,1,33800,N,서울,50대이상,여
C1726,2025-08-13,2025-12-14,A251214-17263,클렌징 밤,쿠팡,1,26400,Y,서울,50대이상,여
C1794,2025-08-07,2025-12-14,A251214-17943,진정 크림,쿠팡,2,68700,N,서울,20대,여
C1794,2025-08-07,2025-12-14,A251214-17943,진정 크림,자사몰,2,61800,Y,서울,20대,여
C1034,2025-07-01,2025-12-15,A251215-10344,진정 크림,자사몰,1,64700,Y,경기,40대,여
C1034,2025-07-01,2025-12-15,A251215-10344,수분 세럼,자사몰,2,133400,N,경기,40대,여
C1139,2025-12-15,2025-12-15,A251215-11391,진정 크림,자사몰,1,42100,Y,경기,20대,여
C1328,2025-12-11,2025-12-15,A251215-13281,수분 세럼,네이버스토어,1,42900,N,경기,20대,여
C1779,2025-10-14,2025-12-15,A251215-17792,진정 크림,자사몰,1,36100,N,서울,20대,남
C1779,2025-10-14,2025-12-15,A251215-17792,수분 세럼,자사몰,1,33600,N,서울,20대,남
C1826,2025-09-16,2025-12-15,A251215-18262,수분 세럼,쿠팡,2,71000,N,부산,40대,남
C1102,2025-09-12,2025-12-16,A251216-11023,클렌징 밤,자사몰,1,31700,N,경기,30대,여
C1121,2025-10-10,2025-12-16,A251216-11212,진정 크림,쿠팡,1,49200,N,대전,20대,여
C1145,2025-08-26,2025-12-16,A251216-11453,클렌징 밤,네이버스토어,1,35200,Y,서울,20대,여
C1145,2025-08-26,2025-12-16,A251216-11453,진정 크림,자사몰,1,58600,N,서울,20대,여
C1192,2025-10-11,2025-12-16,A251216-11923,수분 세럼,자사몰,1,54100,N,경기,30대,남
C1192,2025-10-11,2025-12-16,A251216-11923,클렌징 밤,자사몰,2,77700,N,경기,30대,남
C1669,2025-09-19,2025-12-16,A251216-16692,수분 세럼,자사몰,2,59100,Y,대구,20대,여
C1669,2025-09-19,2025-12-16,A251216-16692,수분 세럼,쿠팡,2,65600,N,대구,20대,여
C1669,2025-09-19,2025-12-16,A251216-16692,진정 크림,자사몰,1,35300,N,대구,20대,여
C1011,2025-09-20,2025-12-17,A251217-10113,수분 세럼,자사몰,1,70300,N,광주,40대,남
C1011,2025-09-20,2025-12-17,A251217-10113,진정 크림,자사몰,3,227000,N,광주,40대,남
C1011,2025-09-20,2025-12-17,A251217-10113,진정 크림,쿠팡,1,75700,N,광주,40대,남
C1135,2025-10-22,2025-12-17,A251217-11352,진정 크림,자사몰,1,51700,N,충남,50대이상,여
C1135,2025-10-22,2025-12-17,A251217-11352,진정 크림,자사몰,1,46600,Y,충남,50대이상,여
C1135,2025-10-22,2025-12-17,A251217-11352,수분 세럼,쿠팡,1,43200,Y,충남,50대이상,여
C1167,2025-11-19,2025-12-17,A251217-11672,수분 세럼,자사몰,1,49600,N,부산,40대,여
C1167,2025-11-19,2025-12-17,A251217-11672,진정 크림,쿠팡,1,53400,N,부산,40대,여
C1184,2025-12-09,2025-12-17,A251217-11841,수분 세럼,자사몰,1,47400,N,서울,20대,여
C1312,2025-12-07,2025-12-17,A251217-13121,수분 세럼,자사몰,1,36400,N,대전,40대,여
C1688,2025-07-24,2025-12-17,A251217-16883,진정 크림,쿠팡,1,43600,N,서울,40대,여
C1688,2025-07-24,2025-12-17,A251217-16883,수분 세럼,자사몰,1,36400,Y,서울,40대,여
C1836,2025-12-12,2025-12-17,A251217-18361,진정 크림,쿠팡,2,79200,Y,부산,50대이상,여
C1002,2025-08-07,2025-12-18,A251218-10023,클렌징 밤,자사몰,1,36600,Y,경기,30대,남
C1002,2025-08-07,2025-12-18,A251218-10023,수분 세럼,쿠팡,1,56700,N,경기,30대,남
C1002,2025-08-07,2025-12-18,A251218-10023,수분 세럼,쿠팡,2,113400,N,경기,30대,남
C1009,2025-08-17,2025-12-18,A251218-10094,수분 세럼,자사몰,1,57100,N,경기,20대,여
C1009,2025-08-17,2025-12-18,A251218-10094,진정 크림,쿠팡,1,61500,N,경기,20대,여
C1032,2025-07-07,2025-12-18,A251218-10325,클렌징 밤,자사몰,2,91300,Y,부산,30대,남
C1083,2025-12-15,2025-12-18,A251218-10831,클렌징 밤,자사몰,3,105800,Y,서울,30대,여
C1103,2025-10-09,2025-12-18,A251218-11032,수분 세럼,쿠팡,1,52300,N,기타,40대,남
C1103,2025-10-09,2025-12-18,A251218-11032,수분 세럼,쿠팡,3,156800,N,기타,40대,남
C1176,2025-10-19,2025-12-18,A251218-11762,클렌징 밤,쿠팡,1,34500,N,인천,30대,여
C1176,2025-10-19,2025-12-18,A251218-11762,수분 세럼,자사몰,1,43200,Y,인천,30대,여
C1176,2025-10-19,2025-12-18,A251218-11762,진정 크림,자사몰,3,155200,N,인천,30대,여
C1040,2025-07-04,2025-12-19,A251219-10403,진정 크림,자사몰,2,141700,N,대구,50대이상,여
C1056,2025-08-03,2025-12-19,A251219-10563,수분 세럼,자사몰,1,61500,N,서울,30대,여
C1101,2025-12-15,2025-12-19,A251219-11011,진정 크림,자사몰,1,52400,Y,대구,20대,여
C1155,2025-07-28,2025-12-19,A251219-11553,수분 세럼,자사몰,2,79900,Y,경남,30대,여
C1200,2025-09-09,2025-12-19,A251219-12002,진정 크림,자사몰,2,107900,N,경기,30대,여
C1200,2025-09-09,2025-12-19,A251219-12002,수분 세럼,자사몰,1,45100,Y,경기,30대,여
C1200,2025-09-09,2025-12-19,A251219-12002,수분 세럼,네이버스토어,2,90100,Y,경기,30대,여
C1440,2025-12-18,2025-12-19,A251219-14401,진정 크림,자사몰,3,136900,N,경남,20대,여
C1444,2025-12-09,2025-12-19,A251219-14441,수분 세럼,네이버스토어,2,84100,Y,경기,20대,여
C1796,2025-07-09,2025-12-19,A251219-17963,수분 세럼,쿠팡,2,71000,N,대구,30대,여
C1796,2025-07-09,2025-12-19,A251219-17963,수분 세럼,자사몰,1,35500,N,대구,30대,여
C1856,2025-08-28,2025-12-19,A251219-18563,수분 세럼,자사몰,2,79100,N,경남,40대,여
C1856,2025-08-28,2025-12-19,A251219-18563,수분 세럼,쿠팡,1,39500,N,경남,40대,여
C1202,2025-08-11,2025-12-20,A251220-12023,클렌징 밤,네이버스토어,1,35200,N,인천,40대,여
C1202,2025-08-11,2025-12-20,A251220-12023,수분 세럼,자사몰,1,49100,N,인천,40대,여
C1202,2025-08-11,2025-12-20,A251220-12023,수분 세럼,쿠팡,1,44200,Y,인천,40대,여
C1252,2025-12-12,2025-12-20,A251220-12521,수분 세럼,쿠팡,1,42200,N,광주,50대이상,여
C1453,2025-12-08,2025-12-20,A251220-14531,수분 세럼,네이버스토어,2,75000,N,서울,30대,여
C1763,2025-09-28,2025-12-20,A251220-17632,수분 세럼,자사몰,1,31500,Y,광주,40대,여
C1775,2025-10-10,2025-12-20,A251220-17752,수분 세럼,쿠팡,2,78300,N,경남,50대이상,여
C1798,2025-11-09,2025-12-20,A251220-17982,수분 세럼,자사몰,2,72200,N,경기,40대,여
C1798,2025-11-09,2025-12-20,A251220-17982,진정 크림,자사몰,1,35000,Y,경기,40대,여
C1014,2025-08-07,2025-12-21,A251221-10143,진정 크림,쿠팡,1,75800,N,경남,40대,여
C1086,2025-12-14,2025-12-21,A251221-10861,수분 세럼,자사몰,3,136000,N,경기,30대,여
C1130,2025-12-14,2025-12-21,A251221-11301,수분 세럼,쿠팡,1,47800,N,서울,30대,여
C1162,2025-09-16,2025-12-21,A251221-11622,진정 크림,자사몰,1,49000,N,서울,20대,남
C1162,2025-09-16,2025-12-21,A251221-11622,수분 세럼,네이버스토어,1,45500,N,서울,20대,남
C1174,2025-12-09,2025-12-21,A251221-11741,클렌징 밤,네이버스토어,1,39100,N,경기,40대,여
C1195,2025-11-15,2025-12-21,A251221-11952,진정 크림,쿠팡,2,106800,N,인천,40대,여
C1766,2025-09-28,2025-12-21,A251221-17662,클렌징 밤,자사몰,1,26900,Y,부산,50대이상,여
C1048,2025-07-01,2025-12-22,A251222-10484,수분 세럼,자사몰,1,53200,N,인천,30대,여
C1087,2025-09-01,2025-12-22,A251222-10874,수분 세럼,쿠팡,1,47200,Y,서울,40대,여
C1166,2025-08-13,2025-12-22,A251222-11663,진정 크림,자사몰,1,51700,N,경기,30대,남
C1194,2025-12-15,2025-12-22,A251222-11941,클렌징 밤,네이버스토어,1,35900,N,경기,30대,여
C1208,2025-09-01,2025-12-22,A251222-12083,수분 세럼,쿠팡,1,41900,Y,대구,20대,여
C1233,2025-12-21,2025-12-22,A251222-12331,수분 세럼,쿠팡,1,40300,N,광주,30대,여
C1276,2025-12-19,2025-12-22,A251222-12761,수분 세럼,자사몰,2,81800,N,경기,50대이상,여
C1450,2025-12-20,2025-12-22,A251222-14501,클렌징 밤,쿠팡,1,33300,N,경기,30대,여
C1024,2025-07-29,2025-12-23,A251223-10243,수분 세럼,자사몰,1,59200,Y,서울,40대,여
C1038,2025-07-14,2025-12-23,A251223-10383,수분 세럼,자사몰,1,65900,N,경남,30대,여
C1038,2025-07-14,2025-12-23,A251223-10383,클렌징 밤,자사몰,1,47300,N,경남,30대,여
C1060,2025-08-11,2025-12-23,A251223-10603,수분 세럼,자사몰,3,186000,N,대구,30대,남
C1116,2025-12-15,2025-12-23,A251223-11161,진정 크림,자사몰,1,49800,N,충남,30대,남
C1143,2025-09-16,2025-12-23,A251223-11432,수분 세럼,쿠팡,3,155500,N,경기,20대,여
C1143,2025-09-16,2025-12-23,A251223-11432,수분 세럼,자사몰,1,51800,N,경기,20대,여
C1143,2025-09-16,2025-12-23,A251223-11432,진정 크림,쿠팡,1,55800,N,경기,20대,여
C1694,2025-07-01,2025-12-23,A251223-16943,진정 크림,쿠팡,1,35300,Y,충남,30대,여
C1694,2025-07-01,2025-12-23,A251223-16943,수분 세럼,자사몰,1,32800,Y,충남,30대,여
C1805,2025-08-10,2025-12-23,A251223-18053,수분 세럼,쿠팡,1,36100,N,인천,20대,여
C1805,2025-08-10,2025-12-23,A251223-18053,수분 세럼,쿠팡,1,32500,Y,인천,20대,여
C1852,2025-11-17,2025-12-23,A251223-18522,클렌징 밤,자사몰,1,27600,N,광주,40대,여
C1099,2025-12-24,2025-12-24,A251224-10991,진정 크림,자사몰,1,51700,N,경남,30대,여
C1157,2025-07-04,2025-12-24,A251224-11573,클렌징 밤,자사몰,1,37000,N,경기,50대이상,여
C1327,2025-12-15,2025-12-24,A251224-13271,수분 세럼,네이버스토어,2,93400,N,인천,40대,여
C1760,2025-07-24,2025-12-24,A251224-17603,진정 크림,쿠팡,3,128300,N,대구,30대,여
C1835,2025-09-09,2025-12-24,A251224-18353,수분 세럼,자사몰,1,31400,N,경기,20대,여
C1835,2025-09-09,2025-12-24,A251224-18353,수분 세럼,네이버스토어,2,56600,Y,경기,20대,여
C1835,2025-09-09,2025-12-24,A251224-18353,수분 세럼,쿠팡,1,31400,N,경기,20대,여
C1089,2025-11-14,2025-12-25,A251225-10892,수분 세럼,쿠팡,1,51100,N,광주,50대이상,여
C1204,2025-12-25,2025-12-25,A251225-12041,수분 세럼,쿠팡,2,90800,Y,서울,40대,여
C1287,2025-12-17,2025-12-25,A251225-12871,수분 세럼,네이버스토어,1,43000,N,경기,40대,남
C1029,2025-07-16,2025-12-26,A251226-10293,클렌징 밤,쿠팡,2,90100,N,경기,30대,여
C1029,2025-07-16,2025-12-26,A251226-10293,클렌징 밤,쿠팡,1,45000,N,경기,30대,여
C1039,2025-09-03,2025-12-27,A251227-10394,진정 크림,자사몰,2,106700,Y,서울,30대,여
C1039,2025-09-03,2025-12-27,A251227-10394,수분 세럼,자사몰,2,110100,N,서울,30대,여
C1082,2025-10-24,2025-12-27,A251227-10822,수분 세럼,자사몰,2,93300,N,경남,40대,여
C1124,2025-11-03,2025-12-27,A251227-11243,진정 크림,자사몰,1,46900,N,대구,40대,여
C1124,2025-11-03,2025-12-27,A251227-11243,클렌징 밤,자사몰,1,31300,N,대구,40대,여
C1138,2025-12-16,2025-12-27,A251227-11381,수분 세럼,쿠팡,1,47200,N,기타,40대,여
C1236,2025-11-23,2025-12-27,A251227-12362,수분 세럼,자사몰,1,41800,N,기타,50대이상,여
C1236,2025-11-23,2025-12-27,A251227-12362,수분 세럼,자사몰,2,83600,N,기타,50대이상,여
C1301,2025-12-21,2025-12-27,A251227-13011,클렌징 밤,자사몰,1,29400,Y,광주,50대이상,여
C1379,2025-12-22,2025-12-27,A251227-13791,수분 세럼,쿠팡,2,84600,N,인천,50대이상,여
C1673,2025-12-15,2025-12-27,A251227-16731,수분 세럼,자사몰,1,34900,N,경기,30대,남
C1774,2025-12-01,2025-12-27,A251227-17742,진정 크림,쿠팡,1,38700,Y,기타,20대,여
C1774,2025-12-01,2025-12-27,A251227-17742,수분 세럼,자사몰,1,40000,N,기타,20대,여
C1858,2025-10-03,2025-12-27,A251227-18582,수분 세럼,자사몰,1,34000,N,대전,20대,여
C1858,2025-10-03,2025-12-27,A251227-18582,진정 크림,자사몰,1,36600,N,대전,20대,여
C1055,2025-07-01,2025-12-28,A251228-10553,진정 크림,쿠팡,1,57400,Y,부산,20대,여
C1113,2025-10-08,2025-12-28,A251228-11133,수분 세럼,쿠팡,1,43400,N,서울,30대,여
C1113,2025-10-08,2025-12-28,A251228-11133,클렌징 밤,자사몰,1,28100,Y,서울,30대,여
C1156,2025-10-28,2025-12-28,A251228-11563,수분 세럼,쿠팡,1,53000,N,경기,30대,여
C1156,2025-10-28,2025-12-28,A251228-11563,수분 세럼,네이버스토어,1,47700,Y,경기,30대,여
C1178,2025-09-20,2025-12-28,A251228-11784,수분 세럼,자사몰,2,99200,N,경기,50대이상,여
C1178,2025-09-20,2025-12-28,A251228-11784,수분 세럼,자사몰,1,44600,Y,경기,50대이상,여
C1218,2025-12-16,2025-12-28,A251228-12181,진정 크림,자사몰,2,90200,Y,경기,30대,남
C1122,2025-12-19,2025-12-29,A251229-11221,진정 크림,네이버스토어,1,44100,Y,부산,30대,여
C1077,2025-10-08,2025-12-30,A251230-10772,수분 세럼,쿠팡,1,50700,N,경남,20대,여
C1077,2025-10-08,2025-12-30,A251230-10772,진정 크림,자사몰,2,98300,Y,경남,20대,여
C1109,2025-09-19,2025-12-30,A251230-11092,수분 세럼,자사몰,1,49300,N,서울,30대,여
C1144,2025-08-12,2025-12-30,A251230-11443,진정 크림,자사몰,1,48400,N,충남,30대,여
C1144,2025-08-12,2025-12-30,A251230-11443,진정 크림,쿠팡,3,145100,N,충남,30대,여
C1164,2025-07-23,2025-12-30,A251230-11643,진정 크림,자사몰,1,47200,Y,경기,50대이상,여
C1190,2025-11-22,2025-12-30,A251230-11902,수분 세럼,자사몰,2,102000,N,경기,40대,여
C1190,2025-11-22,2025-12-30,A251230-11902,진정 크림,쿠팡,2,109800,N,경기,40대,여
C1723,2025-12-21,2025-12-30,A251230-17231,수분 세럼,쿠팡,1,42600,N,경기,50대이상,남
C1811,2025-10-25,2025-12-30,A251230-18113,수분 세럼,쿠팡,1,38500,Y,경기,20대,여
C1857,2025-09-24,2025-12-30,A251230-18573,클렌징 밤,자사몰,2,61500,N,경기,50대이상,여
C1857,2025-09-24,2025-12-30,A251230-18573,진정 크림,쿠팡,1,46100,N,경기,50대이상,여
C1857,2025-09-24,2025-12-30,A251230-18573,수분 세럼,자사몰,1,38500,Y,경기,50대이상,여
C1080,2025-09-04,2025-12-31,A251231-10804,수분 세럼,쿠팡,2,90700,N,서울,20대,여
C1080,2025-09-04,2025-12-31,A251231-10804,클렌징 밤,쿠팡,1,29300,Y,서울,20대,여
C1080,2025-09-04,2025-12-31,A251231-10804,수분 세럼,자사몰,1,45300,N,서울,20대,여
C1091,2025-09-30,2025-12-31,A251231-10912,진정 크림,자사몰,1,43500,Y,경기,20대,여
C1091,2025-09-30,2025-12-31,A251231-10912,수분 세럼,자사몰,1,44900,N,경기,20대,여
C1091,2025-09-30,2025-12-31,A251231-10912,진정 크림,쿠팡,1,48400,N,경기,20대,여
C1229,2025-12-22,2025-12-31,A251231-12291,진정 크림,자사몰,1,44400,N,서울,50대이상,여
C1268,2025-12-20,2025-12-31,A251231-12681,클렌징 밤,자사몰,1,32500,N,경기,20대,여
C1334,2025-12-30,2025-12-31,A251231-13341,진정 크림,자사몰,2,78700,N,서울,50대이상,여
C1707,2025-12-30,2025-12-31,A251231-17071,클렌징 밤,쿠팡,3,70100,N,서울,30대,여
C1872,2025-12-25,2025-12-31,A251231-18721,수분 세럼,자사몰,1,42200,N,충남,40대,남
C1036,2025-07-03,2026-01-01,A260101-10365,수분 세럼,쿠팡,1,60400,N,경기,20대,남
C1198,2025-10-30,2026-01-01,A260101-11982,진정 크림,쿠팡,2,95100,Y,서울,40대,여
C1198,2025-10-30,2026-01-01,A260101-11982,수분 세럼,자사몰,1,49000,N,서울,40대,여
C1253,2025-11-08,2026-01-01,A260101-12532,진정 크림,자사몰,1,46000,N,서울,40대,여
C1253,2025-11-08,2026-01-01,A260101-12532,수분 세럼,쿠팡,1,42700,N,서울,40대,여
C1253,2025-11-08,2026-01-01,A260101-12532,진정 크림,자사몰,1,41400,Y,서울,40대,여
C1716,2025-10-29,2026-01-01,A260101-17162,클렌징 밤,쿠팡,1,24400,N,서울,30대,여
C1716,2025-10-29,2026-01-01,A260101-17162,수분 세럼,쿠팡,1,34000,N,서울,30대,여
C1716,2025-10-29,2026-01-01,A260101-17162,수분 세럼,자사몰,3,102000,N,서울,30대,여
C1871,2025-12-31,2026-01-01,A260101-18711,수분 세럼,쿠팡,1,32400,N,충남,30대,남
C1034,2025-07-01,2026-01-02,A260102-10345,수분 세럼,쿠팡,1,66700,N,경기,40대,여
C1034,2025-07-01,2026-01-02,A260102-10345,진정 크림,쿠팡,1,64700,Y,경기,40대,여
C1070,2025-07-13,2026-01-02,A260102-10704,수분 세럼,쿠팡,2,99600,Y,경기,20대,여
C1070,2025-07-13,2026-01-02,A260102-10704,진정 크림,자사몰,1,59600,N,경기,20대,여
C1119,2025-07-20,2026-01-02,A260102-11194,수분 세럼,자사몰,1,45700,N,서울,20대,남
C1119,2025-07-20,2026-01-02,A260102-11194,수분 세럼,자사몰,3,137000,N,서울,20대,남
C1289,2025-12-27,2026-01-02,A260102-12891,수분 세럼,자사몰,1,35800,Y,대전,40대,여
C1309,2025-12-25,2026-01-02,A260102-13091,수분 세럼,쿠팡,2,80800,Y,서울,50대이상,여
C1783,2025-10-17,2026-01-02,A260102-17834,진정 크림,자사몰,1,38300,N,경기,30대,여
C1783,2025-10-17,2026-01-02,A260102-17834,수분 세럼,쿠팡,2,71100,N,경기,30대,여
C1853,2025-08-04,2026-01-02,A260102-18534,클렌징 밤,자사몰,3,80100,N,경기,30대,여
C1853,2025-08-04,2026-01-02,A260102-18534,진정 크림,쿠팡,1,36100,Y,경기,30대,여
C1324,2026-01-03,2026-01-03,A260103-13241,진정 크림,자사몰,1,46900,N,광주,30대,여
C1703,2026-01-01,2026-01-03,A260103-17031,수분 세럼,네이버스토어,1,42000,N,경남,40대,여
C1708,2025-07-18,2026-01-03,A260103-17084,수분 세럼,네이버스토어,1,40200,N,경남,50대이상,여
C1006,2025-08-01,2026-01-04,A260104-10065,수분 세럼,네이버스토어,2,108000,N,부산,40대,남
C1006,2025-08-01,2026-01-04,A260104-10065,수분 세럼,자사몰,2,108000,N,부산,40대,남
C1171,2025-08-21,2026-01-04,A260104-11714,수분 세럼,쿠팡,1,45300,N,인천,30대,여
C1171,2025-08-21,2026-01-04,A260104-11714,진정 크림,쿠팡,1,48800,N,인천,30대,여
C1260,2026-01-01,2026-01-04,A260104-12601,수분 세럼,쿠팡,1,41400,N,서울,30대,여
C1347,2025-12-26,2026-01-04,A260104-13471,클렌징 밤,자사몰,3,84300,N,대구,30대,여
C1742,2025-12-03,2026-01-04,A260104-17422,진정 크림,쿠팡,1,33600,Y,경기,30대,여
C1084,2025-12-29,2026-01-05,A260105-10841,진정 크림,자사몰,2,96600,Y,경기,30대,여
C1118,2025-10-28,2026-01-05,A260105-11183,수분 세럼,쿠팡,1,52900,N,대구,40대,여
C1129,2025-09-20,2026-01-05,A260105-11293,수분 세럼,자사몰,1,44900,N,부산,40대,여
C1189,2025-09-13,2026-01-05,A260105-11893,진정 크림,쿠팡,1,55400,N,서울,40대,남
C1189,2025-09-13,2026-01-05,A260105-11893,수분 세럼,자사몰,1,51500,N,서울,40대,남
C1216,2025-10-13,2026-01-05,A260105-12162,클렌징 밤,자사몰,2,58100,N,경기,30대,여
C1228,2026-01-01,2026-01-05,A260105-12281,진정 크림,네이버스토어,1,40800,N,경기,30대,남
C1304,2025-12-27,2026-01-05,A260105-13041,수분 세럼,자사몰,1,45800,N,경기,30대,여
C1368,2026-01-01,2026-01-05,A260105-13681,클렌징 밤,자사몰,1,30800,N,대전,50대이상,여
C1691,2025-12-24,2026-01-05,A260105-16911,진정 크림,쿠팡,2,78400,N,서울,50대이상,여
C1696,2025-10-16,2026-01-05,A260105-16962,수분 세럼,쿠팡,2,57300,Y,경기,50대이상,남
C1830,2025-08-27,2026-01-05,A260105-18303,수분 세럼,자사몰,1,31300,N,서울,30대,여
C1056,2025-08-03,2026-01-06,A260106-10564,수분 세럼,자사몰,1,61500,N,서울,30대,여
C1112,2025-09-11,2026-01-06,A260106-11123,진정 크림,네이버스토어,1,41800,Y,부산,30대,여
C1112,2025-09-11,2026-01-06,A260106-11123,수분 세럼,자사몰,2,77600,Y,부산,30대,여
C1409,2026-01-02,2026-01-06,A260106-14091,수분 세럼,자사몰,1,40900,N,경기,40대,여
C1658,2025-09-03,2026-01-06,A260106-16583,진정 크림,자사몰,1,36300,N,대구,50대이상,남
C1754,2025-10-08,2026-01-06,A260106-17543,진정 크림,자사몰,1,36000,Y,광주,30대,여
C1754,2025-10-08,2026-01-06,A260106-17543,수분 세럼,네이버스토어,1,37100,N,광주,30대,여
C1844,2025-12-25,2026-01-06,A260106-18441,수분 세럼,쿠팡,1,37300,N,서울,30대,여
C1068,2025-07-06,2026-01-07,A260107-10685,수분 세럼,자사몰,1,54900,N,대구,20대,여
C1072,2025-07-19,2026-01-07,A260107-10724,진정 크림,자사몰,1,67700,Y,기타,20대,여
C1093,2025-11-15,2026-01-07,A260107-10932,클렌징 밤,자사몰,3,87000,Y,경남,20대,여
C1135,2025-10-22,2026-01-07,A260107-11353,수분 세럼,네이버스토어,2,96100,N,충남,50대이상,여
C1135,2025-10-22,2026-01-07,A260107-11353,클렌징 밤,자사몰,1,34500,N,충남,50대이상,여
C1135,2025-10-22,2026-01-07,A260107-11353,수분 세럼,자사몰,2,96100,N,충남,50대이상,여
C1147,2025-11-05,2026-01-07,A260107-11472,진정 크림,쿠팡,3,167700,N,경기,40대,남
C1147,2025-11-05,2026-01-07,A260107-11472,수분 세럼,자사몰,1,46700,Y,경기,40대,남
C1147,2025-11-05,2026-01-07,A260107-11472,수분 세럼,네이버스토어,2,103800,N,경기,40대,남
C1293,2025-12-27,2026-01-07,A260107-12931,진정 크림,네이버스토어,1,34100,Y,경기,30대,여
C1866,2025-10-16,2026-01-07,A260107-18662,클렌징 밤,자사몰,1,29800,N,경기,30대,여
C1866,2025-10-16,2026-01-07,A260107-18662,수분 세럼,쿠팡,1,41500,N,경기,30대,여
C1071,2025-07-01,2026-01-08,A260108-10715,진정 크림,자사몰,1,75800,N,부산,30대,여
C1094,2025-09-06,2026-01-08,A260108-10943,수분 세럼,네이버스토어,1,46300,N,인천,50대이상,여
C1125,2025-12-29,2026-01-08,A260108-11251,수분 세럼,자사몰,1,49400,N,인천,40대,남
C1132,2025-07-12,2026-01-08,A260108-11324,클렌징 밤,자사몰,3,111400,N,서울,40대,여
C1132,2025-07-12,2026-01-08,A260108-11324,클렌징 밤,네이버스토어,1,37100,N,서울,40대,여
C1446,2025-12-28,2026-01-08,A260108-14461,수분 세럼,자사몰,3,114700,N,경기,30대,여
C1137,2026-01-03,2026-01-09,A260109-11371,수분 세럼,쿠팡,1,53300,N,서울,30대,여
C1145,2025-08-26,2026-01-09,A260109-11454,수분 세럼,쿠팡,1,54400,N,서울,20대,여
C1145,2025-08-26,2026-01-09,A260109-11454,진정 크림,쿠팡,1,58600,N,서울,20대,여
C1146,2025-09-24,2026-01-09,A260109-11463,클렌징 밤,자사몰,1,31600,N,경기,30대,여
C1146,2025-09-24,2026-01-09,A260109-11463,수분 세럼,쿠팡,1,44000,N,경기,30대,여
C1146,2025-09-24,2026-01-09,A260109-11463,수분 세럼,자사몰,1,44000,N,경기,30대,여
C1443,2026-01-09,2026-01-09,A260109-14431,수분 세럼,자사몰,1,35800,N,서울,30대,남
C1701,2025-11-11,2026-01-09,A260109-17012,수분 세럼,쿠팡,1,41400,N,부산,30대,여
C1701,2025-11-11,2026-01-09,A260109-17012,수분 세럼,자사몰,1,41400,N,부산,30대,여
C1779,2025-10-14,2026-01-09,A260109-17793,수분 세럼,자사몰,1,33600,N,서울,20대,남
C1025,2025-07-19,2026-01-10,A260110-10255,수분 세럼,쿠팡,1,50400,Y,서울,30대,여
C1046,2025-07-09,2026-01-10,A260110-10464,수분 세럼,자사몰,1,48400,Y,인천,30대,여
C1060,2025-08-11,2026-01-10,A260110-10604,수분 세럼,쿠팡,1,62000,N,대구,30대,남
C1081,2025-08-08,2026-01-10,A260110-10813,진정 크림,쿠팡,2,92500,Y,서울,40대,여
C1081,2025-08-08,2026-01-10,A260110-10813,진정 크림,자사몰,1,46300,Y,서울,40대,여
C1081,2025-08-08,2026-01-10,A260110-10813,진정 크림,자사몰,2,102800,N,서울,40대,여
C1142,2025-08-19,2026-01-10,A260110-11423,클렌징 밤,쿠팡,2,78200,N,서울,40대,여
C1192,2025-10-11,2026-01-10,A260110-11924,수분 세럼,자사몰,1,54100,N,경기,30대,남
C1231,2026-01-10,2026-01-10,A260110-12311,수분 세럼,자사몰,1,35400,N,경남,30대,남
C1305,2026-01-04,2026-01-10,A260110-13051,진정 크림,자사몰,1,45900,N,경기,30대,여
C1001,2025-07-09,2026-01-11,A260111-10013,진정 크림,네이버스토어,1,64000,N,부산,30대,여
C1001,2025-07-09,2026-01-11,A260111-10013,수분 세럼,자사몰,1,59400,N,부산,30대,여
C1001,2025-07-09,2026-01-11,A260111-10013,수분 세럼,자사몰,1,59400,N,부산,30대,여
C1027,2025-08-21,2026-01-11,A260111-10273,진정 크림,자사몰,2,153300,N,서울,20대,여
C1049,2025-08-02,2026-01-11,A260111-10493,수분 세럼,쿠팡,2,120400,N,경기,20대,남
C1049,2025-08-02,2026-01-11,A260111-10493,진정 크림,자사몰,1,64800,N,경기,20대,남
C1049,2025-08-02,2026-01-11,A260111-10493,진정 크림,자사몰,1,64800,N,경기,20대,남
C1067,2025-07-01,2026-01-11,A260111-10676,클렌징 밤,자사몰,1,48800,N,서울,40대,여
C1067,2025-07-01,2026-01-11,A260111-10676,진정 크림,자사몰,1,65800,Y,서울,40대,여
C1067,2025-07-01,2026-01-11,A260111-10676,수분 세럼,쿠팡,1,61100,Y,서울,40대,여
C1350,2026-01-11,2026-01-11,A260111-13501,수분 세럼,네이버스토어,1,45100,N,대전,30대,여
C1740,2025-08-25,2026-01-11,A260111-17404,진정 크림,자사몰,1,35400,Y,서울,50대이상,여
C1249,2026-01-04,2026-01-12,A260112-12491,수분 세럼,쿠팡,3,112100,N,경기,30대,남
C1380,2026-01-09,2026-01-12,A260112-13801,수분 세럼,쿠팡,3,126800,N,충남,20대,여
C1810,2025-10-03,2026-01-12,A260112-18103,수분 세럼,쿠팡,1,32000,N,경기,40대,여
C1810,2025-10-03,2026-01-12,A260112-18103,진정 크림,자사몰,1,31000,Y,경기,40대,여
C1020,2025-07-01,2026-01-13,A260113-10204,클렌징 밤,자사몰,1,48700,N,경기,50대이상,여
C1101,2025-12-15,2026-01-13,A260113-11012,수분 세럼,자사몰,1,54100,N,대구,20대,여
C1101,2025-12-15,2026-01-13,A260113-11012,클렌징 밤,자사몰,2,77700,N,대구,20대,여
C1140,2026-01-03,2026-01-13,A260113-11401,클렌징 밤,쿠팡,1,33500,N,서울,40대,여
C1208,2025-09-01,2026-01-13,A260113-12084,진정 크림,쿠팡,1,50100,N,대구,20대,여
C1208,2025-09-01,2026-01-13,A260113-12084,진정 크림,쿠팡,1,50100,N,대구,20대,여
C1208,2025-09-01,2026-01-13,A260113-12084,수분 세럼,쿠팡,1,41900,Y,대구,20대,여
C1271,2026-01-13,2026-01-13,A260113-12711,수분 세럼,자사몰,3,114500,N,대전,30대,여
C1449,2026-01-02,2026-01-13,A260113-14491,수분 세럼,자사몰,1,38600,N,충남,30대,여
C1008,2025-10-15,2026-01-14,A260114-10083,수분 세럼,쿠팡,1,61100,Y,부산,40대,남
C1008,2025-10-15,2026-01-14,A260114-10083,진정 크림,네이버스토어,1,73100,N,부산,40대,남
C1042,2025-09-07,2026-01-14,A260114-10423,진정 크림,자사몰,2,103200,Y,대구,50대이상,여
C1050,2025-07-11,2026-01-14,A260114-10504,수분 세럼,쿠팡,1,56400,N,서울,30대,여
C1050,2025-07-11,2026-01-14,A260114-10504,진정 크림,쿠팡,1,54600,Y,서울,30대,여
C1050,2025-07-11,2026-01-14,A260114-10504,수분 세럼,자사몰,1,56400,N,서울,30대,여
C1170,2025-08-20,2026-01-14,A260114-11704,수분 세럼,쿠팡,1,50200,N,인천,40대,여
C1373,2026-01-03,2026-01-14,A260114-13731,진정 크림,자사몰,2,72700,Y,서울,30대,여
C1695,2025-08-08,2026-01-14,A260114-16954,진정 크림,자사몰,1,39800,Y,인천,40대,여
C1695,2025-08-08,2026-01-14,A260114-16954,수분 세럼,네이버스토어,1,41000,N,인천,40대,여
C1791,2026-01-11,2026-01-14,A260114-17911,클렌징 밤,쿠팡,1,24500,Y,서울,20대,여
C1045,2025-07-05,2026-01-15,A260115-10455,수분 세럼,쿠팡,1,53500,Y,광주,40대,여
C1045,2025-07-05,2026-01-15,A260115-10455,진정 크림,자사몰,2,128000,N,광주,40대,여
C1045,2025-07-05,2026-01-15,A260115-10455,수분 세럼,자사몰,1,59400,N,광주,40대,여
C1053,2025-07-22,2026-01-15,A260115-10534,수분 세럼,네이버스토어,2,106700,Y,서울,30대,여
C1053,2025-07-22,2026-01-15,A260115-10534,진정 크림,쿠팡,1,63800,N,서울,30대,여
C1066,2025-07-05,2026-01-15,A260115-10664,수분 세럼,쿠팡,1,67500,N,광주,20대,여
C1134,2025-12-01,2026-01-15,A260115-11342,수분 세럼,자사몰,2,98500,N,대전,40대,여
C1172,2025-09-17,2026-01-15,A260115-11723,진정 크림,쿠팡,1,49000,Y,경기,30대,여
C1209,2025-10-18,2026-01-15,A260115-12093,수분 세럼,자사몰,1,48600,N,경남,30대,여
C1209,2025-10-18,2026-01-15,A260115-12093,수분 세럼,쿠팡,1,48600,N,경남,30대,여
C1217,2026-01-15,2026-01-15,A260115-12171,클렌징 밤,자사몰,1,29100,Y,서울,40대,여
C1290,2026-01-08,2026-01-15,A260115-12901,수분 세럼,네이버스토어,2,89700,N,부산,30대,여
C1306,2026-01-12,2026-01-15,A260115-13061,진정 크림,자사몰,1,48100,N,경남,30대,여
C1423,2026-01-05,2026-01-15,A260115-14231,수분 세럼,자사몰,1,38700,N,경기,30대,여
C1155,2025-07-28,2026-01-16,A260116-11554,진정 크림,자사몰,1,43000,Y,경남,30대,여
C1155,2025-07-28,2026-01-16,A260116-11554,수분 세럼,자사몰,2,88700,N,경남,30대,여
C1196,2025-09-14,2026-01-16,A260116-11963,수분 세럼,자사몰,1,46100,Y,경기,20대,남
C1196,2025-09-14,2026-01-16,A260116-11963,수분 세럼,쿠팡,1,51300,N,경기,20대,남
C1196,2025-09-14,2026-01-16,A260116-11963,수분 세럼,쿠팡,1,51300,N,경기,20대,남
C1388,2025-12-10,2026-01-16,A260116-13882,수분 세럼,쿠팡,2,86800,N,경기,40대,여
C1388,2025-12-10,2026-01-16,A260116-13882,수분 세럼,쿠팡,1,39100,Y,경기,40대,여
C1817,2026-01-13,2026-01-16,A260116-18171,진정 크림,쿠팡,1,38500,N,서울,30대,남
C1023,2025-07-01,2026-01-17,A260117-10236,수분 세럼,자사몰,1,57200,N,서울,40대,여
C1063,2025-08-04,2026-01-17,A260117-10634,진정 크림,자사몰,2,148200,N,서울,40대,여
C1069,2025-09-14,2026-01-17,A260117-10693,클렌징 밤,네이버스토어,1,39500,N,경남,40대,여
C1078,2025-10-09,2026-01-17,A260117-10783,수분 세럼,쿠팡,3,129500,N,부산,30대,여
C1078,2025-10-09,2026-01-17,A260117-10783,진정 크림,쿠팡,1,46500,N,부산,30대,여
C1086,2025-12-14,2026-01-17,A260117-10862,수분 세럼,자사몰,1,45300,N,경기,30대,여
C1086,2025-12-14,2026-01-17,A260117-10862,수분 세럼,자사몰,2,81600,Y,경기,30대,여
C1117,2025-12-02,2026-01-17,A260117-11172,수분 세럼,자사몰,1,48700,N,서울,40대,여
C1117,2025-12-02,2026-01-17,A260117-11172,클렌징 밤,자사몰,1,31500,Y,서울,40대,여
C1117,2025-12-02,2026-01-17,A260117-11172,클렌징 밤,자사몰,1,35000,N,서울,40대,여
C1126,2025-11-27,2026-01-17,A260117-11262,진정 크림,자사몰,1,56500,N,서울,30대,여
C1126,2025-11-27,2026-01-17,A260117-11262,수분 세럼,자사몰,1,52400,N,서울,30대,여
C1182,2025-09-02,2026-01-17,A260117-11823,진정 크림,자사몰,1,46900,N,부산,30대,여
C1182,2025-09-02,2026-01-17,A260117-11823,진정 크림,자사몰,1,42200,Y,부산,30대,여
C1426,2026-01-13,2026-01-17,A260117-14261,클렌징 밤,자사몰,1,31300,N,인천,30대,여
C1007,2025-07-18,2026-01-18,A260118-10074,클렌징 밤,쿠팡,1,47900,N,경기,20대,여
C1015,2025-08-15,2026-01-18,A260118-10154,수분 세럼,자사몰,1,67500,N,광주,50대이상,여
C1015,2025-08-15,2026-01-18,A260118-10154,진정 크림,자사몰,1,72700,N,광주,50대이상,여
C1019,2025-07-21,2026-01-18,A260118-10193,클렌징 밤,네이버스토어,1,38900,N,인천,30대,여
C1041,2025-09-05,2026-01-18,A260118-10414,수분 세럼,쿠팡,1,66100,N,경남,50대이상,여
C1195,2025-11-15,2026-01-18,A260118-11953,수분 세럼,자사몰,1,44600,Y,인천,40대,여
C1351,2026-01-13,2026-01-18,A260118-13511,수분 세럼,자사몰,2,83600,N,인천,50대이상,여
C1751,2025-07-01,2026-01-18,A260118-17514,수분 세럼,자사몰,2,83400,N,경기,50대이상,여
C1751,2025-07-01,2026-01-18,A260118-17514,수분 세럼,쿠팡,1,41700,N,경기,50대이상,여
C1040,2025-07-04,2026-01-19,A260119-10404,클렌징 밤,자사몰,2,94500,N,대구,50대이상,여
C1040,2025-07-04,2026-01-19,A260119-10404,진정 크림,자사몰,2,127500,Y,대구,50대이상,여
C1058,2025-07-11,2026-01-19,A260119-10585,수분 세럼,자사몰,2,128200,N,서울,30대,남
C1058,2025-07-11,2026-01-19,A260119-10585,수분 세럼,자사몰,3,192200,N,서울,30대,남
C1089,2025-11-14,2026-01-19,A260119-10893,진정 크림,자사몰,1,55000,N,광주,50대이상,여
C1089,2025-11-14,2026-01-19,A260119-10893,수분 세럼,쿠팡,3,153300,N,광주,50대이상,여
C1089,2025-11-14,2026-01-19,A260119-10893,클렌징 밤,쿠팡,1,36700,N,광주,50대이상,여
C1106,2025-11-19,2026-01-19,A260119-11062,수분 세럼,쿠팡,1,44500,N,경기,30대,여
C1106,2025-11-19,2026-01-19,A260119-11062,클렌징 밤,자사몰,1,28700,Y,경기,30대,여
C1106,2025-11-19,2026-01-19,A260119-11062,수분 세럼,쿠팡,1,44500,N,경기,30대,여
C1261,2026-01-09,2026-01-19,A260119-12611,수분 세럼,쿠팡,1,42600,N,광주,30대,여
C1284,2026-01-15,2026-01-19,A260119-12841,수분 세럼,자사몰,1,32600,Y,경기,30대,여
C1453,2025-12-08,2026-01-19,A260119-14532,수분 세럼,자사몰,1,33700,Y,서울,30대,여
C1453,2025-12-08,2026-01-19,A260119-14532,수분 세럼,자사몰,2,75000,N,서울,30대,여
C1815,2026-01-09,2026-01-19,A260119-18151,수분 세럼,네이버스토어,2,65100,Y,대구,30대,여
C1092,2025-08-21,2026-01-20,A260120-10923,클렌징 밤,쿠팡,1,36100,N,대전,30대,여
C1092,2025-08-21,2026-01-20,A260120-10923,수분 세럼,쿠팡,1,50300,N,대전,30대,여
C1149,2025-09-21,2026-01-20,A260120-11493,진정 크림,네이버스토어,1,49600,Y,충남,40대,여
C1149,2025-09-21,2026-01-20,A260120-11493,클렌징 밤,쿠팡,1,36700,N,충남,40대,여
C1183,2025-07-30,2026-01-20,A260120-11833,클렌징 밤,네이버스토어,3,92700,N,광주,20대,여
C1183,2025-07-30,2026-01-20,A260120-11833,수분 세럼,쿠팡,1,43100,N,광주,20대,여
C1385,2025-11-05,2026-01-20,A260120-13852,수분 세럼,네이버스토어,1,42100,N,부산,40대,여
C1136,2025-07-27,2026-01-21,A260121-11364,클렌징 밤,쿠팡,2,55900,Y,서울,40대,여
C1136,2025-07-27,2026-01-21,A260121-11364,수분 세럼,네이버스토어,1,43300,N,서울,40대,여
C1144,2025-08-12,2026-01-21,A260121-11444,진정 크림,쿠팡,1,43500,Y,충남,30대,여
C1199,2025-10-19,2026-01-21,A260121-11992,수분 세럼,네이버스토어,1,47100,N,서울,40대,여
C1199,2025-10-19,2026-01-21,A260121-11992,수분 세럼,쿠팡,1,47100,N,서울,40대,여
C1199,2025-10-19,2026-01-21,A260121-11992,진정 크림,자사몰,1,45700,Y,서울,40대,여
C1412,2025-11-22,2026-01-21,A260121-14122,수분 세럼,자사몰,1,38500,N,인천,40대,여
C1412,2025-11-22,2026-01-21,A260121-14122,진정 크림,자사몰,1,41500,N,인천,40대,여
C1661,2025-07-08,2026-01-21,A260121-16614,진정 크림,네이버스토어,3,103400,N,경기,40대,여
C1661,2025-07-08,2026-01-21,A260121-16614,진정 크림,쿠팡,1,34500,N,경기,40대,여
C1661,2025-07-08,2026-01-21,A260121-16614,수분 세럼,쿠팡,2,64000,N,경기,40대,여
C1181,2025-09-22,2026-01-22,A260122-11813,클렌징 밤,쿠팡,1,30900,N,경기,50대이상,여
C1193,2025-08-30,2026-01-22,A260122-11934,수분 세럼,자사몰,2,106200,N,서울,40대,여
C1193,2025-08-30,2026-01-22,A260122-11934,수분 세럼,자사몰,2,95600,Y,서울,40대,여
C1317,2025-10-13,2026-01-22,A260122-13172,수분 세럼,네이버스토어,1,32100,Y,경기,40대,여
C1016,2025-08-18,2026-01-23,A260123-10163,수분 세럼,자사몰,1,59600,N,대전,30대,여
C1028,2025-08-18,2026-01-23,A260123-10283,수분 세럼,네이버스토어,2,109000,Y,부산,30대,남
C1107,2025-10-14,2026-01-23,A260123-11073,수분 세럼,쿠팡,2,102400,N,서울,20대,남
C1130,2025-12-14,2026-01-23,A260123-11302,수분 세럼,자사몰,1,47800,N,서울,30대,여
C1130,2025-12-14,2026-01-23,A260123-11302,클렌징 밤,자사몰,1,34400,N,서울,30대,여
C1212,2026-01-16,2026-01-23,A260123-12121,수분 세럼,자사몰,1,36800,N,인천,20대,여
C1352,2026-01-16,2026-01-23,A260123-13521,수분 세럼,자사몰,1,37700,N,대구,20대,여
C1692,2025-12-01,2026-01-23,A260123-16922,수분 세럼,쿠팡,1,37100,N,경기,30대,여
C1692,2025-12-01,2026-01-23,A260123-16922,진정 크림,자사몰,1,40000,N,경기,30대,여
C1692,2025-12-01,2026-01-23,A260123-16922,수분 세럼,자사몰,1,37100,N,경기,30대,여
C1728,2026-01-21,2026-01-23,A260123-17281,수분 세럼,자사몰,3,87800,Y,부산,30대,여
C1737,2025-08-09,2026-01-23,A260123-17373,수분 세럼,쿠팡,1,36500,Y,경남,40대,여
C1737,2025-08-09,2026-01-23,A260123-17373,진정 크림,자사몰,1,39300,Y,경남,40대,여
C1737,2025-08-09,2026-01-23,A260123-17373,진정 크림,쿠팡,1,43700,N,경남,40대,여
C1013,2025-08-09,2026-01-24,A260124-10133,수분 세럼,자사몰,2,127100,N,대전,40대,여
C1013,2025-08-09,2026-01-24,A260124-10133,클렌징 밤,쿠팡,1,45600,N,대전,40대,여
C1022,2025-08-18,2026-01-24,A260124-10223,수분 세럼,자사몰,2,132400,N,서울,40대,여
C1190,2025-11-22,2026-01-24,A260124-11903,클렌징 밤,자사몰,1,36600,N,경기,40대,여
C1190,2025-11-22,2026-01-24,A260124-11903,진정 크림,자사몰,2,98900,Y,경기,40대,여
C1190,2025-11-22,2026-01-24,A260124-11903,진정 크림,자사몰,1,54900,N,경기,40대,여
C1214,2026-01-12,2026-01-24,A260124-12141,클렌징 밤,자사몰,2,59200,Y,광주,20대,여
C1702,2025-11-25,2026-01-24,A260124-17022,수분 세럼,쿠팡,1,39600,N,경기,50대이상,여
C1702,2025-11-25,2026-01-24,A260124-17022,진정 크림,쿠팡,1,42600,N,경기,50대이상,여
C1702,2025-11-25,2026-01-24,A260124-17022,진정 크림,쿠팡,1,42600,N,경기,50대이상,여
C1869,2025-11-19,2026-01-24,A260124-18692,진정 크림,네이버스토어,1,39400,N,경기,40대,여
C1869,2025-11-19,2026-01-24,A260124-18692,수분 세럼,자사몰,1,36600,N,경기,40대,여
C1869,2025-11-19,2026-01-24,A260124-18692,진정 크림,네이버스토어,2,71000,Y,경기,40대,여
C1339,2025-11-23,2026-01-25,A260125-13392,수분 세럼,자사몰,1,44800,N,서울,40대,여
C1772,2025-07-18,2026-01-25,A260125-17724,진정 크림,자사몰,3,122300,Y,경기,50대이상,남
C1833,2025-09-18,2026-01-25,A260125-18333,진정 크림,쿠팡,1,37600,Y,인천,30대,여
C1833,2025-09-18,2026-01-25,A260125-18333,수분 세럼,자사몰,2,77600,N,인천,30대,여
C1844,2025-12-25,2026-01-25,A260125-18442,수분 세럼,쿠팡,1,37300,N,서울,30대,여
C1844,2025-12-25,2026-01-25,A260125-18442,수분 세럼,자사몰,1,33600,Y,서울,30대,여
C1029,2025-07-16,2026-01-26,A260126-10294,클렌징 밤,자사몰,1,40500,Y,경기,30대,여
C1070,2025-07-13,2026-01-26,A260126-10705,진정 크림,자사몰,2,107300,Y,경기,20대,여
C1070,2025-07-13,2026-01-26,A260126-10705,진정 크림,자사몰,1,59600,N,경기,20대,여
C1070,2025-07-13,2026-01-26,A260126-10705,수분 세럼,쿠팡,1,55400,N,경기,20대,여
C1187,2025-10-20,2026-01-26,A260126-11872,진정 크림,자사몰,1,48600,N,경기,50대이상,여
C1299,2026-01-18,2026-01-26,A260126-12991,수분 세럼,자사몰,2,85000,N,서울,50대이상,여
C1311,2026-01-16,2026-01-26,A260126-13111,수분 세럼,쿠팡,1,36000,N,경기,40대,여
C1379,2025-12-22,2026-01-26,A260126-13792,수분 세럼,자사몰,3,126900,N,인천,50대이상,여
C1379,2025-12-22,2026-01-26,A260126-13792,수분 세럼,자사몰,3,114200,Y,인천,50대이상,여
C1408,2026-01-25,2026-01-26,A260126-14081,진정 크림,쿠팡,1,42800,Y,서울,40대,남
C1421,2026-01-22,2026-01-26,A260126-14211,수분 세럼,자사몰,2,88100,N,광주,20대,남
C1438,2025-11-19,2026-01-26,A260126-14382,진정 크림,쿠팡,1,42200,N,서울,40대,여
C1438,2025-11-19,2026-01-26,A260126-14382,진정 크림,자사몰,1,42200,N,서울,40대,여
C1438,2025-11-19,2026-01-26,A260126-14382,클렌징 밤,자사몰,1,28100,N,서울,40대,여
C1138,2025-12-16,2026-01-27,A260127-11382,수분 세럼,쿠팡,1,47200,N,기타,40대,여
C1141,2026-01-23,2026-01-27,A260127-11411,진정 크림,자사몰,1,57200,N,인천,30대,여
C1252,2025-12-12,2026-01-27,A260127-12522,수분 세럼,자사몰,1,42200,N,광주,50대이상,여
C1432,2026-01-16,2026-01-27,A260127-14321,진정 크림,자사몰,1,36200,Y,부산,20대,남
C1781,2025-08-10,2026-01-27,A260127-17813,진정 크림,자사몰,1,40600,N,서울,40대,여
C1781,2025-08-10,2026-01-27,A260127-17813,클렌징 밤,네이버스토어,1,24400,Y,서울,40대,여
C1005,2025-08-26,2026-01-28,A260128-10054,클렌징 밤,쿠팡,1,40000,Y,광주,50대이상,여
C1005,2025-08-26,2026-01-28,A260128-10054,클렌징 밤,네이버스토어,1,44500,N,광주,50대이상,여
C1005,2025-08-26,2026-01-28,A260128-10054,클렌징 밤,쿠팡,1,40000,Y,광주,50대이상,여
C1093,2025-11-15,2026-01-28,A260128-10933,수분 세럼,자사몰,2,89700,N,경남,20대,여
C1093,2025-11-15,2026-01-28,A260128-10933,수분 세럼,자사몰,1,40400,Y,경남,20대,여
C1148,2025-11-22,2026-01-28,A260128-11482,클렌징 밤,자사몰,1,32500,N,서울,30대,여
C1148,2025-11-22,2026-01-28,A260128-11482,수분 세럼,자사몰,1,45300,N,서울,30대,여
C1323,2025-12-07,2026-01-28,A260128-13232,클렌징 밤,자사몰,2,48300,Y,서울,50대이상,여
C1347,2025-12-26,2026-01-28,A260128-13472,수분 세럼,자사몰,3,105700,Y,대구,30대,여
C1407,2025-11-10,2026-01-28,A260128-14072,클렌징 밤,자사몰,1,27800,N,기타,40대,여
C1407,2025-11-10,2026-01-28,A260128-14072,클렌징 밤,자사몰,1,25000,Y,기타,40대,여
C1450,2025-12-20,2026-01-28,A260128-14502,진정 크림,쿠팡,1,50000,N,경기,30대,여
C1860,2025-11-10,2026-01-28,A260128-18602,진정 크림,네이버스토어,1,34400,Y,경기,50대이상,여
C1081,2025-08-08,2026-01-29,A260129-10814,수분 세럼,자사몰,1,47700,N,서울,40대,여
C1090,2025-09-01,2026-01-29,A260129-10903,수분 세럼,자사몰,1,54300,N,서울,30대,여
C1090,2025-09-01,2026-01-29,A260129-10903,수분 세럼,자사몰,1,54300,N,서울,30대,여
C1090,2025-09-01,2026-01-29,A260129-10903,수분 세럼,쿠팡,1,54300,N,서울,30대,여
C1104,2025-07-25,2026-01-29,A260129-11044,수분 세럼,쿠팡,1,47900,N,경기,20대,여
C1111,2025-10-06,2026-01-29,A260129-11113,클렌징 밤,자사몰,1,34400,Y,경기,30대,여
C1111,2025-10-06,2026-01-29,A260129-11113,수분 세럼,자사몰,1,53200,N,경기,30대,여
C1154,2025-12-03,2026-01-29,A260129-11542,수분 세럼,쿠팡,1,48900,Y,인천,30대,여
C1154,2025-12-03,2026-01-29,A260129-11542,진정 크림,쿠팡,2,117000,N,인천,30대,여
C1154,2025-12-03,2026-01-29,A260129-11542,수분 세럼,쿠팡,1,48900,Y,인천,30대,여
C1280,2026-01-27,2026-01-29,A260129-12801,수분 세럼,자사몰,2,75200,N,서울,20대,여
C1346,2026-01-27,2026-01-29,A260129-13461,수분 세럼,네이버스토어,1,34300,Y,서울,20대,여
C1696,2025-10-16,2026-01-29,A260129-16963,진정 크림,쿠팡,2,68600,N,경기,50대이상,남
C1706,2026-01-18,2026-01-29,A260129-17061,진정 크림,자사몰,2,88400,N,경기,50대이상,여
C1018,2025-07-26,2026-01-30,A260130-10184,수분 세럼,자사몰,1,59500,Y,서울,20대,여
C1076,2025-09-14,2026-01-30,A260130-10763,진정 크림,자사몰,1,48600,N,서울,50대이상,여
C1076,2025-09-14,2026-01-30,A260130-10763,수분 세럼,자사몰,1,40600,Y,서울,50대이상,여
C1123,2025-11-25,2026-01-30,A260130-11232,수분 세럼,자사몰,1,45300,Y,서울,30대,여
C1160,2025-10-13,2026-01-30,A260130-11603,클렌징 밤,네이버스토어,1,33400,N,대전,20대,여
C1160,2025-10-13,2026-01-30,A260130-11603,수분 세럼,자사몰,1,46500,N,대전,20대,여
C1160,2025-10-13,2026-01-30,A260130-11603,수분 세럼,자사몰,1,46500,N,대전,20대,여
C1179,2025-08-08,2026-01-30,A260130-11794,수분 세럼,자사몰,2,92200,N,인천,30대,여
C1215,2025-10-31,2026-01-30,A260130-12152,수분 세럼,자사몰,1,34300,Y,경기,30대,여
C1215,2025-10-31,2026-01-30,A260130-12152,진정 크림,자사몰,3,123100,N,경기,30대,여
C1272,2025-12-04,2026-01-30,A260130-12722,수분 세럼,쿠팡,1,42100,N,서울,30대,여
C1349,2026-01-22,2026-01-30,A260130-13491,클렌징 밤,쿠팡,1,25800,Y,경기,20대,여
C1371,2025-10-31,2026-01-30,A260130-13712,수분 세럼,자사몰,2,81900,Y,광주,30대,여
C1371,2025-10-31,2026-01-30,A260130-13712,수분 세럼,쿠팡,1,45500,N,광주,30대,여
C1075,2025-07-08,2026-01-31,A260131-10754,진정 크림,자사몰,2,101800,N,경기,20대,남
C1110,2025-10-22,2026-01-31,A260131-11102,수분 세럼,쿠팡,1,52600,N,경기,50대이상,여
C1113,2025-10-08,2026-01-31,A260131-11134,수분 세럼,자사몰,2,86900,N,서울,30대,여
C1113,2025-10-08,2026-01-31,A260131-11134,진정 크림,쿠팡,1,46800,N,서울,30대,여
C1128,2025-11-10,2026-01-31,A260131-11282,수분 세럼,자사몰,1,48600,N,서울,30대,여
C1298,2026-01-21,2026-01-31,A260131-12981,수분 세럼,쿠팡,1,32800,Y,서울,40대,남
C1827,2025-11-10,2026-01-31,A260131-18272,수분 세럼,자사몰,1,40000,N,인천,20대,여
C1827,2025-11-10,2026-01-31,A260131-18272,수분 세럼,자사몰,1,40000,N,인천,20대,여
C1031,2025-07-03,2026-02-01,A260201-10315,진정 크림,쿠팡,1,68500,Y,대구,30대,여
C1054,2025-08-07,2026-02-01,A260201-10543,수분 세럼,자사몰,1,64600,N,서울,30대,여
C1054,2025-08-07,2026-02-01,A260201-10543,수분 세럼,자사몰,1,64600,N,서울,30대,여
C1054,2025-08-07,2026-02-01,A260201-10543,클렌징 밤,자사몰,1,46400,N,서울,30대,여
C1057,2025-07-31,2026-02-01,A260201-10574,수분 세럼,자사몰,2,105300,Y,인천,30대,여
C1057,2025-07-31,2026-02-01,A260201-10574,진정 크림,자사몰,2,126000,N,인천,30대,여
C1079,2025-08-16,2026-02-01,A260201-10793,진정 크림,네이버스토어,1,48000,N,경기,20대,여
C1079,2025-08-16,2026-02-01,A260201-10793,클렌징 밤,자사몰,1,32000,N,경기,20대,여
C1108,2026-01-31,2026-02-01,A260201-11081,수분 세럼,쿠팡,1,46300,N,대구,30대,여
C1114,2026-01-27,2026-02-01,A260201-11141,진정 크림,자사몰,2,100800,Y,충남,30대,남
C1129,2025-09-20,2026-02-01,A260201-11294,진정 크림,쿠팡,1,48400,N,부산,40대,여
C1129,2025-09-20,2026-02-01,A260201-11294,클렌징 밤,자사몰,2,64500,N,부산,40대,여
C1161,2026-01-22,2026-02-01,A260201-11611,진정 크림,쿠팡,1,56800,N,인천,30대,여
C1393,2026-01-22,2026-02-01,A260201-13931,수분 세럼,자사몰,1,35600,Y,대전,50대이상,여
C1444,2025-12-09,2026-02-01,A260201-14442,수분 세럼,쿠팡,1,42000,Y,경기,20대,여
C1823,2026-01-24,2026-02-01,A260201-18231,수분 세럼,자사몰,2,84400,N,서울,40대,남
C1006,2025-08-01,2026-02-02,A260202-10066,클렌징 밤,쿠팡,1,38800,N,부산,40대,남
C1006,2025-08-01,2026-02-02,A260202-10066,클렌징 밤,자사몰,1,38800,N,부산,40대,남
C1098,2025-10-20,2026-02-02,A260202-10983,수분 세럼,쿠팡,1,53600,N,서울,40대,남
C1098,2025-10-20,2026-02-02,A260202-10983,진정 크림,네이버스토어,1,57700,N,서울,40대,남
C1120,2025-09-19,2026-02-02,A260202-11203,수분 세럼,쿠팡,1,43800,N,대구,30대,여
C1172,2025-09-17,2026-02-02,A260202-11724,클렌징 밤,자사몰,1,36300,N,경기,30대,여
C1201,2025-10-05,2026-02-02,A260202-12013,클렌징 밤,쿠팡,2,70600,N,경남,20대,여
C1278,2026-01-21,2026-02-02,A260202-12781,수분 세럼,자사몰,3,136400,N,서울,20대,남
C1307,2026-01-27,2026-02-02,A260202-13071,진정 크림,자사몰,1,38900,Y,기타,40대,여
C1025,2025-07-19,2026-02-03,A260203-10256,수분 세럼,자사몰,1,56000,N,서울,30대,여
C1087,2025-09-01,2026-02-03,A260203-10875,수분 세럼,쿠팡,1,47200,Y,서울,40대,여
C1087,2025-09-01,2026-02-03,A260203-10875,클렌징 밤,자사몰,1,33900,Y,서울,40대,여
C1152,2025-09-29,2026-02-03,A260203-11523,수분 세럼,쿠팡,1,43900,N,기타,40대,여
C1158,2025-10-28,2026-02-03,A260203-11582,수분 세럼,자사몰,1,49700,N,서울,30대,여
C1202,2025-08-11,2026-02-03,A260203-12024,수분 세럼,자사몰,2,88300,Y,인천,40대,여
C1202,2025-08-11,2026-02-03,A260203-12024,수분 세럼,쿠팡,2,98100,N,인천,40대,여
C1255,2025-11-25,2026-02-03,A260203-12552,클렌징 밤,자사몰,2,55300,N,서울,30대,여
C1255,2025-11-25,2026-02-03,A260203-12552,수분 세럼,네이버스토어,1,38500,N,서울,30대,여
C1341,2026-01-23,2026-02-03,A260203-13411,수분 세럼,쿠팡,2,71500,Y,대전,30대,남
C1354,2026-01-24,2026-02-03,A260203-13541,수분 세럼,쿠팡,2,76000,Y,경기,30대,여
C1390,2026-01-30,2026-02-03,A260203-13901,진정 크림,쿠팡,1,40800,N,서울,20대,여
C1399,2026-01-27,2026-02-03,A260203-13991,수분 세럼,쿠팡,1,45500,N,경기,20대,여
C1427,2026-02-02,2026-02-03,A260203-14271,수분 세럼,네이버스토어,2,78700,N,서울,40대,여
C1004,2025-08-11,2026-02-04,A260204-10044,클렌징 밤,자사몰,2,86400,Y,서울,40대,여
C1008,2025-10-15,2026-02-04,A260204-10084,수분 세럼,네이버스토어,1,61100,Y,부산,40대,남
C1008,2025-10-15,2026-02-04,A260204-10084,수분 세럼,자사몰,1,61100,Y,부산,40대,남
C1010,2025-09-03,2026-02-04,A260204-10104,진정 크림,네이버스토어,1,61800,N,광주,50대이상,여
C1012,2025-07-01,2026-02-04,A260204-10124,수분 세럼,쿠팡,2,106300,N,서울,40대,여
C1012,2025-07-01,2026-02-04,A260204-10124,진정 크림,쿠팡,1,57200,N,서울,40대,여
C1012,2025-07-01,2026-02-04,A260204-10124,수분 세럼,쿠팡,1,47800,Y,서울,40대,여
C1035,2025-07-07,2026-02-04,A260204-10355,진정 크림,자사몰,1,72700,N,경남,40대,여
C1035,2025-07-07,2026-02-04,A260204-10355,수분 세럼,자사몰,2,121500,Y,경남,40대,여
C1035,2025-07-07,2026-02-04,A260204-10355,클렌징 밤,쿠팡,2,96900,N,경남,40대,여
C1044,2025-07-29,2026-02-04,A260204-10445,수분 세럼,자사몰,1,60600,N,인천,40대,여
C1095,2025-10-23,2026-02-04,A260204-10953,수분 세럼,자사몰,1,48900,Y,인천,20대,여
C1095,2025-10-23,2026-02-04,A260204-10953,진정 크림,자사몰,1,52700,Y,인천,20대,여
C1097,2026-01-26,2026-02-04,A260204-10971,진정 크림,자사몰,2,115800,N,경기,40대,여
C1180,2025-11-28,2026-02-04,A260204-11802,진정 크림,네이버스토어,1,46400,N,경기,30대,여
C1270,2025-10-28,2026-02-04,A260204-12702,수분 세럼,쿠팡,1,34100,Y,대구,40대,남
C1310,2026-01-25,2026-02-04,A260204-13101,진정 크림,쿠팡,1,43400,N,서울,30대,여
C1365,2026-02-04,2026-02-04,A260204-13651,수분 세럼,자사몰,1,45700,N,인천,50대이상,여
C1688,2025-07-24,2026-02-04,A260204-16884,진정 크림,자사몰,1,43600,N,서울,40대,여
C1771,2025-11-16,2026-02-04,A260204-17712,진정 크림,자사몰,1,35600,N,인천,40대,여
C1771,2025-11-16,2026-02-04,A260204-17712,진정 크림,자사몰,2,71200,N,인천,40대,여
C1045,2025-07-05,2026-02-05,A260205-10456,수분 세럼,쿠팡,1,59400,N,광주,40대,여
C1045,2025-07-05,2026-02-05,A260205-10456,진정 크림,자사몰,1,57600,Y,광주,40대,여
C1045,2025-07-05,2026-02-05,A260205-10456,수분 세럼,쿠팡,1,59400,N,광주,40대,여
C1083,2025-12-15,2026-02-05,A260205-10832,진정 크림,자사몰,3,158700,Y,서울,30대,여
C1282,2026-01-26,2026-02-05,A260205-12821,진정 크림,자사몰,2,72700,Y,인천,30대,여
C1289,2025-12-27,2026-02-05,A260205-12892,수분 세럼,자사몰,1,39800,N,대전,40대,여
C1700,2026-02-01,2026-02-05,A260205-17001,수분 세럼,네이버스토어,2,85600,N,서울,40대,여
C1753,2025-08-20,2026-02-05,A260205-17534,수분 세럼,쿠팡,1,34000,Y,경남,30대,여
C1050,2025-07-11,2026-02-06,A260206-10505,진정 크림,자사몰,1,54600,Y,서울,30대,여
C1165,2025-10-13,2026-02-06,A260206-11653,진정 크림,자사몰,2,105200,N,인천,20대,여
C1165,2025-10-13,2026-02-06,A260206-11653,수분 세럼,자사몰,1,48900,N,인천,20대,여
C1205,2025-10-10,2026-02-06,A260206-12053,진정 크림,쿠팡,1,55000,N,서울,20대,여
C1205,2025-10-10,2026-02-06,A260206-12053,수분 세럼,자사몰,2,91800,Y,서울,20대,여
C1275,2025-12-03,2026-02-06,A260206-12752,클렌징 밤,자사몰,1,30900,N,경기,30대,여
C1275,2025-12-03,2026-02-06,A260206-12752,수분 세럼,자사몰,1,38800,Y,경기,30대,여
C1275,2025-12-03,2026-02-06,A260206-12752,수분 세럼,자사몰,1,38800,Y,경기,30대,여
C1303,2026-02-01,2026-02-06,A260206-13031,진정 크림,쿠팡,2,75800,N,기타,40대,여
C1375,2026-01-28,2026-02-06,A260206-13751,수분 세럼,쿠팡,1,45500,N,서울,40대,남
C1403,2025-10-29,2026-02-06,A260206-14032,클렌징 밤,쿠팡,1,29600,N,경기,30대,여
C1403,2025-10-29,2026-02-06,A260206-14032,진정 크림,쿠팡,2,79900,Y,경기,30대,여
C1417,2026-02-03,2026-02-06,A260206-14171,수분 세럼,쿠팡,1,45000,N,경기,50대이상,남
C1007,2025-07-18,2026-02-07,A260207-10075,수분 세럼,쿠팡,1,66700,N,경기,20대,여
C1007,2025-07-18,2026-02-07,A260207-10075,클렌징 밤,쿠팡,3,129400,Y,경기,20대,여
C1007,2025-07-18,2026-02-07,A260207-10075,진정 크림,쿠팡,1,64700,Y,경기,20대,여
C1140,2026-01-03,2026-02-07,A260207-11402,수분 세럼,자사몰,1,46700,N,서울,40대,여
C1159,2025-09-28,2026-02-07,A260207-11593,클렌징 밤,자사몰,1,36600,N,경기,30대,여
C1198,2025-10-30,2026-02-07,A260207-11983,수분 세럼,자사몰,1,44100,Y,서울,40대,여
C1198,2025-10-30,2026-02-07,A260207-11983,진정 크림,네이버스토어,1,52800,N,서울,40대,여
C1198,2025-10-30,2026-02-07,A260207-11983,수분 세럼,자사몰,2,98100,N,서울,40대,여
C1222,2026-01-28,2026-02-07,A260207-12221,클렌징 밤,쿠팡,2,56400,N,경기,30대,여
C1321,2026-01-26,2026-02-07,A260207-13211,클렌징 밤,쿠팡,1,32000,N,대구,50대이상,남
C1363,2026-01-28,2026-02-07,A260207-13631,수분 세럼,자사몰,2,82700,N,서울,40대,여
C1416,2025-11-18,2026-02-07,A260207-14162,진정 크림,자사몰,2,95900,N,서울,20대,여
C1420,2025-11-18,2026-02-07,A260207-14202,진정 크림,네이버스토어,2,81700,N,충남,30대,남
C1429,2026-02-05,2026-02-07,A260207-14291,수분 세럼,자사몰,1,40900,N,충남,40대,여
C1043,2025-08-23,2026-02-08,A260208-10434,수분 세럼,자사몰,2,125900,N,경남,40대,남
C1043,2025-08-23,2026-02-08,A260208-10434,수분 세럼,쿠팡,1,56700,Y,경남,40대,남
C1043,2025-08-23,2026-02-08,A260208-10434,진정 크림,자사몰,1,61000,Y,경남,40대,남
C1066,2025-07-05,2026-02-08,A260208-10665,진정 크림,네이버스토어,1,72700,N,광주,20대,여
C1177,2025-09-15,2026-02-08,A260208-11773,클렌징 밤,쿠팡,2,76200,N,경기,40대,남
C1456,2026-01-30,2026-02-08,A260208-14561,클렌징 밤,자사몰,1,31000,N,경남,50대이상,여
C1826,2025-09-16,2026-02-08,A260208-18263,클렌징 밤,쿠팡,1,25500,N,부산,40대,남
C1002,2025-08-07,2026-02-09,A260209-10024,수분 세럼,자사몰,3,170100,N,경기,30대,남
C1068,2025-07-06,2026-02-09,A260209-10686,클렌징 밤,쿠팡,1,39400,N,대구,20대,여
C1074,2025-11-24,2026-02-09,A260209-10742,클렌징 밤,자사몰,2,66000,N,경남,20대,여
C1131,2025-09-26,2026-02-09,A260209-11313,수분 세럼,자사몰,1,51600,N,서울,30대,여
C1151,2025-09-30,2026-02-09,A260209-11513,진정 크림,자사몰,2,98100,N,서울,50대이상,남
C1194,2025-12-15,2026-02-09,A260209-11942,진정 크림,자사몰,1,53800,N,경기,30대,여
C1274,2026-02-01,2026-02-09,A260209-12741,수분 세럼,쿠팡,2,73100,Y,광주,20대,남
C1424,2025-11-01,2026-02-09,A260209-14242,클렌징 밤,자사몰,1,27500,N,부산,40대,남
C1424,2025-11-01,2026-02-09,A260209-14242,진정 크림,자사몰,1,41200,N,부산,40대,남
C1685,2025-11-26,2026-02-09,A260209-16852,클렌징 밤,자사몰,1,25300,Y,경기,30대,남
C1729,2026-02-01,2026-02-09,A260209-17291,클렌징 밤,자사몰,2,51700,Y,경기,20대,남
C1016,2025-08-18,2026-02-10,A260210-10164,진정 크림,쿠팡,2,128300,N,대전,30대,여
C1037,2025-07-08,2026-02-10,A260210-10375,클렌징 밤,자사몰,1,50000,N,인천,30대,여
C1037,2025-07-08,2026-02-10,A260210-10375,수분 세럼,자사몰,2,139200,N,인천,30대,여
C1135,2025-10-22,2026-02-10,A260210-11354,진정 크림,쿠팡,2,93100,Y,충남,50대이상,여
C1248,2026-01-30,2026-02-10,A260210-12481,클렌징 밤,자사몰,1,32400,N,경기,20대,여
C1296,2026-02-03,2026-02-10,A260210-12961,수분 세럼,자사몰,2,89000,N,경기,20대,여
C1331,2026-02-01,2026-02-10,A260210-13311,수분 세럼,네이버스토어,1,42800,N,경기,30대,여
C1332,2026-02-04,2026-02-10,A260210-13321,수분 세럼,자사몰,3,128100,N,경기,20대,여
C1333,2026-02-05,2026-02-10,A260210-13331,수분 세럼,자사몰,1,37100,N,대전,30대,여
C1439,2026-02-04,2026-02-10,A260210-14391,수분 세럼,자사몰,1,31700,Y,경기,30대,여
C1836,2025-12-12,2026-02-10,A260210-18362,수분 세럼,쿠팡,1,40900,N,부산,50대이상,여
C1019,2025-07-21,2026-02-11,A260211-10194,수분 세럼,쿠팡,1,54200,N,인천,30대,여
C1019,2025-07-21,2026-02-11,A260211-10194,진정 크림,자사몰,1,52600,Y,인천,30대,여
C1042,2025-09-07,2026-02-11,A260211-10424,진정 크림,자사몰,1,57300,N,대구,50대이상,여
C1337,2026-02-05,2026-02-11,A260211-13371,진정 크림,네이버스토어,1,43100,N,경기,30대,여
C1340,2026-02-08,2026-02-11,A260211-13401,클렌징 밤,자사몰,1,32500,N,서울,30대,남
C1655,2025-07-16,2026-02-11,A260211-16554,클렌징 밤,자사몰,1,22900,N,경기,40대,여
C1724,2025-08-25,2026-02-11,A260211-17243,진정 크림,자사몰,2,72500,Y,부산,30대,여
C1164,2025-07-23,2026-02-12,A260212-11644,수분 세럼,쿠팡,1,48700,N,경기,50대이상,여
C1164,2025-07-23,2026-02-12,A260212-11644,진정 크림,자사몰,1,52400,N,경기,50대이상,여
C1191,2026-02-03,2026-02-12,A260212-11911,진정 크림,쿠팡,2,100400,N,서울,30대,여
C1243,2026-02-05,2026-02-12,A260212-12431,클렌징 밤,쿠팡,1,28500,N,서울,30대,여
C1300,2026-02-06,2026-02-12,A260212-13001,진정 크림,자사몰,2,83800,N,서울,50대이상,여
C1329,2025-11-12,2026-02-12,A260212-13292,수분 세럼,쿠팡,1,36300,N,대구,30대,여
C1389,2025-11-22,2026-02-12,A260212-13892,수분 세럼,쿠팡,1,46400,N,서울,40대,여
C1389,2025-11-22,2026-02-12,A260212-13892,진정 크림,자사몰,2,99800,N,서울,40대,여
C1411,2026-02-01,2026-02-12,A260212-14111,수분 세럼,자사몰,1,41200,Y,충남,20대,남
C1023,2025-07-01,2026-02-13,A260213-10237,수분 세럼,네이버스토어,2,114400,N,서울,40대,여
C1023,2025-07-01,2026-02-13,A260213-10237,클렌징 밤,네이버스토어,1,41100,N,서울,40대,여
C1023,2025-07-01,2026-02-13,A260213-10237,수분 세럼,쿠팡,1,57200,N,서울,40대,여
C1024,2025-07-29,2026-02-13,A260213-10244,진정 크림,쿠팡,1,70900,N,서울,40대,여
C1046,2025-07-09,2026-02-13,A260213-10465,진정 크림,자사몰,1,57900,N,인천,30대,여
C1046,2025-07-09,2026-02-13,A260213-10465,수분 세럼,자사몰,1,48400,Y,인천,30대,여
C1062,2025-07-14,2026-02-13,A260213-10624,수분 세럼,쿠팡,1,70100,N,대전,30대,여
C1062,2025-07-14,2026-02-13,A260213-10624,클렌징 밤,네이버스토어,1,45300,Y,대전,30대,여
C1062,2025-07-14,2026-02-13,A260213-10624,수분 세럼,자사몰,1,63100,Y,대전,30대,여
C1127,2025-11-07,2026-02-13,A260213-11273,수분 세럼,쿠팡,1,52600,N,경기,30대,여
C1127,2025-11-07,2026-02-13,A260213-11273,클렌징 밤,자사몰,1,34000,Y,경기,30대,여
C1410,2026-02-11,2026-02-13,A260213-14101,수분 세럼,쿠팡,1,39600,N,경기,40대,여
C1073,2026-02-05,2026-02-14,A260214-10731,진정 크림,자사몰,1,52700,Y,인천,30대,여
C1078,2025-10-09,2026-02-14,A260214-10784,클렌징 밤,자사몰,1,31000,N,부산,30대,여
C1229,2025-12-22,2026-02-14,A260214-12292,수분 세럼,자사몰,1,37100,Y,서울,50대이상,여
C1301,2025-12-21,2026-02-14,A260214-13012,수분 세럼,자사몰,2,81800,Y,광주,50대이상,여
C1391,2026-02-11,2026-02-14,A260214-13911,수분 세럼,자사몰,1,33600,Y,부산,20대,여
C1168,2025-08-16,2026-02-15,A260215-11684,수분 세럼,자사몰,1,47500,N,대전,20대,남
C1168,2025-08-16,2026-02-15,A260215-11684,수분 세럼,쿠팡,1,47500,N,대전,20대,남
C1188,2026-02-10,2026-02-15,A260215-11881,수분 세럼,쿠팡,1,45900,N,서울,30대,여
C1402,2026-02-13,2026-02-15,A260215-14021,진정 크림,자사몰,2,87400,Y,서울,20대,여
C1779,2025-10-14,2026-02-15,A260215-17794,진정 크림,쿠팡,1,36100,N,서울,20대,남
C1779,2025-10-14,2026-02-15,A260215-17794,진정 크림,쿠팡,2,72300,N,서울,20대,남
C1844,2025-12-25,2026-02-15,A260215-18443,클렌징 밤,자사몰,2,53600,N,서울,30대,여
C1099,2025-12-24,2026-02-16,A260216-10992,수분 세럼,자사몰,2,96100,N,경남,30대,여
C1121,2025-10-10,2026-02-16,A260216-11213,수분 세럼,자사몰,1,45600,N,대전,20대,여
C1121,2025-10-10,2026-02-16,A260216-11213,수분 세럼,자사몰,3,136900,N,대전,20대,여
C1206,2025-10-14,2026-02-16,A260216-12063,수분 세럼,네이버스토어,1,48600,N,서울,20대,여
C1206,2025-10-14,2026-02-16,A260216-12063,수분 세럼,쿠팡,1,48600,N,서울,20대,여
C1206,2025-10-14,2026-02-16,A260216-12063,수분 세럼,네이버스토어,1,43800,Y,서울,20대,여
C1346,2026-01-27,2026-02-16,A260216-13462,진정 크림,자사몰,1,41000,N,서울,20대,여
C1449,2026-01-02,2026-02-16,A260216-14492,수분 세럼,쿠팡,1,38600,N,충남,30대,여
C1449,2026-01-02,2026-02-16,A260216-14492,수분 세럼,쿠팡,1,34800,Y,충남,30대,여
C1022,2025-08-18,2026-02-17,A260217-10224,수분 세럼,쿠팡,1,66200,N,서울,40대,여
C1055,2025-07-01,2026-02-17,A260217-10554,진정 크림,자사몰,1,57400,Y,부산,20대,여
C1055,2025-07-01,2026-02-17,A260217-10554,진정 크림,자사몰,1,63800,N,부산,20대,여
C1137,2026-01-03,2026-02-17,A260217-11372,진정 크림,네이버스토어,1,57400,N,서울,30대,여
C1141,2026-01-23,2026-02-17,A260217-11412,클렌징 밤,자사몰,1,38100,N,인천,30대,여
C1141,2026-01-23,2026-02-17,A260217-11412,수분 세럼,네이버스토어,1,53100,N,인천,30대,여
C1154,2025-12-03,2026-02-17,A260217-11543,수분 세럼,자사몰,2,97700,Y,인천,30대,여
C1265,2026-02-09,2026-02-17,A260217-12651,클렌징 밤,네이버스토어,1,25700,Y,기타,30대,여
C1281,2026-02-07,2026-02-17,A260217-12811,수분 세럼,자사몰,1,42800,N,인천,40대,여
C1418,2025-11-26,2026-02-17,A260217-14182,수분 세럼,쿠팡,1,46500,N,인천,40대,남
C1418,2025-11-26,2026-02-17,A260217-14182,클렌징 밤,자사몰,2,66800,N,인천,40대,남
C1451,2026-02-17,2026-02-17,A260217-14511,수분 세럼,쿠팡,2,77000,N,서울,30대,여
C1763,2025-09-28,2026-02-17,A260217-17633,클렌징 밤,네이버스토어,1,25200,N,광주,40대,여
C1843,2025-08-11,2026-02-17,A260217-18434,진정 크림,네이버스토어,2,84000,N,경기,40대,여
C1843,2025-08-11,2026-02-17,A260217-18434,수분 세럼,자사몰,1,39000,N,경기,40대,여
C1026,2025-08-22,2026-02-18,A260218-10264,진정 크림,자사몰,1,69300,Y,경기,50대이상,여
C1059,2025-07-05,2026-02-18,A260218-10594,클렌징 밤,쿠팡,1,50500,N,경기,20대,여
C1059,2025-07-05,2026-02-18,A260218-10594,수분 세럼,자사몰,2,140800,N,경기,20대,여
C1059,2025-07-05,2026-02-18,A260218-10594,진정 크림,쿠팡,2,151600,N,경기,20대,여
C1064,2025-08-29,2026-02-18,A260218-10644,진정 크림,자사몰,2,135100,Y,경기,40대,남
C1105,2026-02-14,2026-02-18,A260218-11051,수분 세럼,쿠팡,1,45800,N,서울,20대,여
C1138,2025-12-16,2026-02-18,A260218-11383,클렌징 밤,자사몰,1,30500,Y,기타,40대,여
C1203,2025-10-08,2026-02-18,A260218-12033,수분 세럼,쿠팡,3,160300,N,서울,40대,여
C1203,2025-10-08,2026-02-18,A260218-12033,진정 크림,쿠팡,1,57500,N,서울,40대,여
C1674,2026-02-17,2026-02-18,A260218-16741,클렌징 밤,자사몰,2,51100,N,대전,50대이상,여
C1027,2025-08-21,2026-02-19,A260219-10274,수분 세럼,자사몰,1,71200,N,서울,20대,여
C1047,2025-07-11,2026-02-19,A260219-10475,수분 세럼,자사몰,1,61400,N,대구,50대이상,여
C1061,2025-08-27,2026-02-19,A260219-10613,수분 세럼,네이버스토어,1,72000,N,경기,30대,남
C1061,2025-08-27,2026-02-19,A260219-10613,클렌징 밤,쿠팡,2,103400,N,경기,30대,남
C1061,2025-08-27,2026-02-19,A260219-10613,수분 세럼,쿠팡,1,72000,N,경기,30대,남
C1207,2025-08-13,2026-02-19,A260219-12073,진정 크림,네이버스토어,2,102300,N,경기,30대,여
C1207,2025-08-13,2026-02-19,A260219-12073,수분 세럼,자사몰,1,47500,N,경기,30대,여
C1226,2026-02-19,2026-02-19,A260219-12261,수분 세럼,자사몰,1,45500,N,대구,30대,여
C1376,2026-02-12,2026-02-19,A260219-13761,수분 세럼,자사몰,1,42900,N,서울,20대,여
C1434,2026-02-15,2026-02-19,A260219-14341,수분 세럼,자사몰,2,92400,N,기타,30대,여
C1088,2025-09-02,2026-02-20,A260220-10883,수분 세럼,쿠팡,1,40700,Y,인천,50대이상,여
C1088,2025-09-02,2026-02-20,A260220-10883,수분 세럼,쿠팡,2,90400,N,인천,50대이상,여
C1185,2025-09-19,2026-02-20,A260220-11853,진정 크림,자사몰,1,45300,Y,광주,40대,여
C1319,2026-02-18,2026-02-20,A260220-13191,진정 크림,자사몰,1,40200,Y,인천,20대,여
C1741,2025-09-16,2026-02-20,A260220-17413,수분 세럼,네이버스토어,1,32400,N,부산,30대,여
C1009,2025-08-17,2026-02-21,A260221-10095,진정 크림,자사몰,1,61500,N,경기,20대,여
C1014,2025-08-07,2026-02-21,A260221-10144,진정 크림,쿠팡,1,68200,Y,경남,40대,여
C1014,2025-08-07,2026-02-21,A260221-10144,수분 세럼,네이버스토어,1,70300,N,경남,40대,여
C1065,2025-09-05,2026-02-21,A260221-10654,수분 세럼,자사몰,1,58800,N,경기,30대,여
C1192,2025-10-11,2026-02-21,A260221-11925,클렌징 밤,자사몰,1,38800,N,경기,30대,남
C1335,2026-02-10,2026-02-21,A260221-13351,수분 세럼,네이버스토어,2,89300,N,서울,40대,남
C1369,2026-02-20,2026-02-21,A260221-13691,수분 세럼,자사몰,1,46500,N,경기,30대,여
C1373,2026-01-03,2026-02-21,A260221-13732,진정 크림,자사몰,1,36400,Y,서울,30대,여
C1373,2026-01-03,2026-02-21,A260221-13732,수분 세럼,자사몰,1,37500,N,서울,30대,여
C1373,2026-01-03,2026-02-21,A260221-13732,진정 크림,쿠팡,2,80800,N,서울,30대,여
C1413,2026-02-19,2026-02-21,A260221-14131,수분 세럼,네이버스토어,1,46400,N,경기,20대,여
C1857,2025-09-24,2026-02-21,A260221-18574,클렌징 밤,자사몰,1,30700,N,경기,50대이상,여
C1857,2025-09-24,2026-02-21,A260221-18574,클렌징 밤,쿠팡,2,61500,N,경기,50대이상,여
C1857,2025-09-24,2026-02-21,A260221-18574,수분 세럼,쿠팡,2,85600,N,경기,50대이상,여
C1102,2025-09-12,2026-02-22,A260222-11024,클렌징 밤,자사몰,1,31700,N,경기,30대,여
C1102,2025-09-12,2026-02-22,A260222-11024,수분 세럼,자사몰,2,88400,N,경기,30대,여
C1114,2026-01-27,2026-02-22,A260222-11142,클렌징 밤,자사몰,2,67200,Y,충남,30대,남
C1114,2026-01-27,2026-02-22,A260222-11142,수분 세럼,자사몰,2,104000,N,충남,30대,남
C1114,2026-01-27,2026-02-22,A260222-11142,수분 세럼,자사몰,1,52000,N,충남,30대,남
C1161,2026-01-22,2026-02-22,A260222-11612,진정 크림,네이버스토어,1,51100,Y,인천,30대,여
C1161,2026-01-22,2026-02-22,A260222-11612,수분 세럼,쿠팡,1,52700,N,인천,30대,여
C1161,2026-01-22,2026-02-22,A260222-11612,클렌징 밤,자사몰,1,37900,N,인천,30대,여
C1228,2026-01-01,2026-02-22,A260222-12282,진정 크림,쿠팡,1,40800,N,경기,30대,남
C1228,2026-01-01,2026-02-22,A260222-12282,진정 크림,자사몰,1,36700,Y,경기,30대,남
C1228,2026-01-01,2026-02-22,A260222-12282,수분 세럼,자사몰,1,34100,Y,경기,30대,남
C1312,2025-12-07,2026-02-22,A260222-13122,수분 세럼,자사몰,3,109100,N,대전,40대,여
C1406,2026-02-19,2026-02-22,A260222-14061,수분 세럼,자사몰,1,40700,N,기타,40대,여
C1004,2025-08-11,2026-02-23,A260223-10045,클렌징 밤,자사몰,1,43200,Y,서울,40대,여
C1004,2025-08-11,2026-02-23,A260223-10045,수분 세럼,자사몰,3,200500,N,서울,40대,여
C1004,2025-08-11,2026-02-23,A260223-10045,수분 세럼,쿠팡,3,200500,N,서울,40대,여
C1060,2025-08-11,2026-02-23,A260223-10605,수분 세럼,쿠팡,2,124000,N,대구,30대,남
C1100,2025-09-13,2026-02-23,A260223-11004,수분 세럼,자사몰,1,49900,N,서울,50대이상,여
C1100,2025-09-13,2026-02-23,A260223-11004,클렌징 밤,자사몰,1,35900,N,서울,50대이상,여
C1116,2025-12-15,2026-02-23,A260223-11162,진정 크림,쿠팡,1,49800,N,충남,30대,남
C1116,2025-12-15,2026-02-23,A260223-11162,진정 크림,쿠팡,1,49800,N,충남,30대,남
C1157,2025-07-04,2026-02-23,A260223-11574,진정 크림,자사몰,1,55500,N,경기,50대이상,여
C1157,2025-07-04,2026-02-23,A260223-11574,수분 세럼,자사몰,1,51600,N,경기,50대이상,여
C1157,2025-07-04,2026-02-23,A260223-11574,진정 크림,자사몰,1,55500,N,경기,50대이상,여
C1204,2025-12-25,2026-02-23,A260223-12042,수분 세럼,네이버스토어,3,151300,N,서울,40대,여
C1204,2025-12-25,2026-02-23,A260223-12042,수분 세럼,쿠팡,2,100900,N,서울,40대,여
C1392,2026-02-15,2026-02-23,A260223-13921,클렌징 밤,자사몰,2,52500,N,기타,20대,남
C1070,2025-07-13,2026-02-24,A260224-10706,수분 세럼,자사몰,2,110700,N,경기,20대,여
C1160,2025-10-13,2026-02-24,A260224-11604,수분 세럼,네이버스토어,1,41900,Y,대전,20대,여
C1160,2025-10-13,2026-02-24,A260224-11604,수분 세럼,자사몰,1,41900,Y,대전,20대,여
C1181,2025-09-22,2026-02-24,A260224-11814,수분 세럼,쿠팡,1,43100,N,경기,50대이상,여
C1181,2025-09-22,2026-02-24,A260224-11814,수분 세럼,자사몰,1,43100,N,경기,50대이상,여
C1294,2026-02-12,2026-02-24,A260224-12941,클렌징 밤,자사몰,1,27200,N,경기,20대,여
C1297,2026-02-18,2026-02-24,A260224-12971,클렌징 밤,쿠팡,1,23400,Y,경기,30대,여
C1299,2026-01-18,2026-02-24,A260224-12992,진정 크림,자사몰,1,45700,N,서울,50대이상,여
C1394,2026-02-15,2026-02-24,A260224-13941,수분 세럼,자사몰,1,41500,Y,서울,40대,여
C1001,2025-07-09,2026-02-25,A260225-10014,수분 세럼,자사몰,1,59400,N,부산,30대,여
C1001,2025-07-09,2026-02-25,A260225-10014,진정 크림,자사몰,1,64000,N,부산,30대,여
C1001,2025-07-09,2026-02-25,A260225-10014,수분 세럼,자사몰,2,118800,N,부산,30대,여
C1003,2025-07-31,2026-02-25,A260225-10034,진정 크림,쿠팡,1,59300,N,경기,20대,여
C1030,2025-07-29,2026-02-25,A260225-10304,수분 세럼,자사몰,1,64100,N,경기,30대,여
C1063,2025-08-04,2026-02-25,A260225-10635,수분 세럼,네이버스토어,2,123900,Y,서울,40대,여
C1286,2026-02-17,2026-02-25,A260225-12861,수분 세럼,자사몰,1,33700,Y,경기,40대,여
C1303,2026-02-01,2026-02-25,A260225-13032,수분 세럼,쿠팡,3,105600,N,기타,40대,여
C1303,2026-02-01,2026-02-25,A260225-13032,진정 크림,네이버스토어,1,37900,N,기타,40대,여
C1303,2026-02-01,2026-02-25,A260225-13032,수분 세럼,자사몰,1,35200,N,기타,40대,여
C1318,2026-02-24,2026-02-25,A260225-13181,클렌징 밤,자사몰,1,32200,N,서울,40대,남
C1326,2026-02-16,2026-02-25,A260225-13261,수분 세럼,자사몰,1,35700,N,경기,30대,여
C1334,2025-12-30,2026-02-25,A260225-13342,수분 세럼,네이버스토어,1,32900,Y,서울,50대이상,여
C1033,2025-07-03,2026-02-26,A260226-10334,수분 세럼,자사몰,1,54200,N,서울,20대,여
C1033,2025-07-03,2026-02-26,A260226-10334,진정 크림,쿠팡,1,52500,Y,서울,20대,여
C1033,2025-07-03,2026-02-26,A260226-10334,수분 세럼,자사몰,2,108300,N,서울,20대,여
C1049,2025-08-02,2026-02-26,A260226-10494,진정 크림,네이버스토어,1,64800,N,경기,20대,남
C1049,2025-08-02,2026-02-26,A260226-10494,클렌징 밤,자사몰,1,38900,Y,경기,20대,남
C1049,2025-08-02,2026-02-26,A260226-10494,클렌징 밤,자사몰,1,43200,N,경기,20대,남
C1143,2025-09-16,2026-02-26,A260226-11433,수분 세럼,쿠팡,3,155500,N,경기,20대,여
C1143,2025-09-16,2026-02-26,A260226-11433,진정 크림,쿠팡,1,50200,Y,경기,20대,여
C1143,2025-09-16,2026-02-26,A260226-11433,클렌징 밤,쿠팡,1,33500,Y,경기,20대,여
C1233,2025-12-21,2026-02-26,A260226-12332,수분 세럼,자사몰,1,36300,Y,광주,30대,여
C1295,2026-02-18,2026-02-26,A260226-12951,수분 세럼,자사몰,2,75200,N,대전,40대,여
C1401,2026-02-24,2026-02-26,A260226-14011,수분 세럼,자사몰,1,44500,N,대전,20대,여
C1415,2026-02-24,2026-02-26,A260226-14151,수분 세럼,자사몰,1,39700,Y,기타,30대,남
C1452,2025-11-25,2026-02-26,A260226-14522,수분 세럼,자사몰,1,39000,N,경기,20대,여
C1021,2025-07-06,2026-02-27,A260227-10214,수분 세럼,자사몰,1,57400,N,부산,40대,여
C1071,2025-07-01,2026-02-27,A260227-10716,진정 크림,자사몰,1,75800,N,부산,30대,여
C1071,2025-07-01,2026-02-27,A260227-10716,수분 세럼,쿠팡,1,70400,N,부산,30대,여
C1101,2025-12-15,2026-02-27,A260227-11013,수분 세럼,자사몰,2,108200,N,대구,20대,여
C1115,2026-02-22,2026-02-27,A260227-11151,수분 세럼,자사몰,1,48700,N,서울,20대,남
C1122,2025-12-19,2026-02-27,A260227-11222,수분 세럼,자사몰,1,45500,N,부산,30대,여
C1163,2025-07-28,2026-02-27,A260227-11634,수분 세럼,자사몰,2,94200,N,대구,40대,여
C1166,2025-08-13,2026-02-27,A260227-11664,클렌징 밤,네이버스토어,3,103400,N,경기,30대,남
C1175,2026-02-16,2026-02-27,A260227-11751,수분 세럼,쿠팡,1,54600,N,대구,20대,여
C1330,2026-02-25,2026-02-27,A260227-13301,수분 세럼,쿠팡,1,31800,Y,경기,50대이상,여
C1350,2026-01-11,2026-02-27,A260227-13502,진정 크림,쿠팡,2,97100,N,대전,30대,여
C1350,2026-01-11,2026-02-27,A260227-13502,진정 크림,자사몰,1,43700,Y,대전,30대,여
C1409,2026-01-02,2026-02-27,A260227-14092,클렌징 밤,쿠팡,1,29300,N,경기,40대,여
C1051,2025-07-27,2026-02-28,A260228-10514,진정 크림,자사몰,3,182900,N,서울,20대,여
C1051,2025-07-27,2026-02-28,A260228-10514,수분 세럼,자사몰,1,56600,N,서울,20대,여
C1051,2025-07-27,2026-02-28,A260228-10514,진정 크림,자사몰,3,182900,N,서울,20대,여
C1134,2025-12-01,2026-02-28,A260228-11343,클렌징 밤,쿠팡,1,35400,N,대전,40대,여
C1353,2026-02-28,2026-02-28,A260228-13531,진정 크림,자사몰,1,35900,Y,서울,20대,여
C1428,2026-02-24,2026-02-28,A260228-14281,수분 세럼,자사몰,1,41100,N,서울,20대,여
C1108,2026-01-31,2026-03-01,A260301-11082,진정 크림,자사몰,1,49800,N,대구,30대,여
C1357,2026-02-22,2026-03-01,A260301-13571,수분 세럼,자사몰,1,38400,Y,경기,50대이상,남
C1042,2025-09-07,2026-03-02,A260302-10425,수분 세럼,자사몰,2,95800,Y,대구,50대이상,여
C1042,2025-09-07,2026-03-02,A260302-10425,진정 크림,자사몰,2,114600,N,대구,50대이상,여
C1124,2025-11-03,2026-03-02,A260302-11244,진정 크림,쿠팡,1,46900,N,대구,40대,여
C1124,2025-11-03,2026-03-02,A260302-11244,수분 세럼,자사몰,1,43600,N,대구,40대,여
C1131,2025-09-26,2026-03-02,A260302-11314,진정 크림,쿠팡,2,111000,N,서울,30대,여
C1131,2025-09-26,2026-03-02,A260302-11314,클렌징 밤,자사몰,1,33300,Y,서울,30대,여
C1131,2025-09-26,2026-03-02,A260302-11314,수분 세럼,쿠팡,1,51600,N,서울,30대,여
C1153,2026-02-23,2026-03-02,A260302-11531,수분 세럼,네이버스토어,1,41300,Y,경기,30대,여
C1158,2025-10-28,2026-03-02,A260302-11583,진정 크림,네이버스토어,1,48200,Y,서울,30대,여
C1158,2025-10-28,2026-03-02,A260302-11583,수분 세럼,자사몰,1,49700,N,서울,30대,여
C1348,2026-02-25,2026-03-02,A260302-13481,수분 세럼,쿠팡,1,40300,N,부산,30대,여
C1095,2025-10-23,2026-03-03,A260303-10954,수분 세럼,쿠팡,2,108700,N,인천,20대,여
C1186,2025-09-18,2026-03-03,A260303-11864,수분 세럼,자사몰,1,45200,N,부산,40대,여
C1197,2025-08-16,2026-03-03,A260303-11974,수분 세럼,네이버스토어,1,43200,Y,서울,20대,여
C1258,2026-02-22,2026-03-03,A260303-12581,진정 크림,자사몰,1,48400,N,경남,40대,여
C1313,2026-02-21,2026-03-03,A260303-13131,클렌징 밤,네이버스토어,1,32700,N,경기,50대이상,여
C1320,2026-02-21,2026-03-03,A260303-13201,진정 크림,자사몰,1,38600,N,경기,40대,여
C1362,2026-03-01,2026-03-03,A260303-13621,수분 세럼,쿠팡,1,34100,Y,광주,30대,여
C1381,2026-02-25,2026-03-03,A260303-13811,수분 세럼,자사몰,2,72200,Y,광주,30대,여
C1400,2026-02-20,2026-03-03,A260303-14001,수분 세럼,네이버스토어,1,38100,N,부산,30대,남
C1035,2025-07-07,2026-03-04,A260304-10356,진정 크림,자사몰,1,72700,N,경남,40대,여
C1035,2025-07-07,2026-03-04,A260304-10356,클렌징 밤,자사몰,1,48500,N,경남,40대,여
C1052,2025-07-17,2026-03-04,A260304-10524,진정 크림,자사몰,1,71900,N,경기,50대이상,여
C1118,2025-10-28,2026-03-04,A260304-11184,수분 세럼,쿠팡,1,52900,N,대구,40대,여
C1118,2025-10-28,2026-03-04,A260304-11184,진정 크림,자사몰,1,51300,Y,대구,40대,여
C1118,2025-10-28,2026-03-04,A260304-11184,클렌징 밤,쿠팡,2,76000,N,대구,40대,여
C1173,2025-10-07,2026-03-04,A260304-11733,진정 크림,자사몰,1,52200,N,경기,40대,여
C1193,2025-08-30,2026-03-04,A260304-11935,수분 세럼,쿠팡,2,106200,N,서울,40대,여
C1193,2025-08-30,2026-03-04,A260304-11935,진정 크림,네이버스토어,1,51500,Y,서울,40대,여
C1025,2025-07-19,2026-03-05,A260305-10257,클렌징 밤,자사몰,1,40200,N,서울,30대,여
C1025,2025-07-19,2026-03-05,A260305-10257,수분 세럼,자사몰,1,50400,Y,서울,30대,여
C1025,2025-07-19,2026-03-05,A260305-10257,클렌징 밤,자사몰,1,36200,Y,서울,30대,여
C1056,2025-08-03,2026-03-05,A260305-10565,수분 세럼,네이버스토어,1,61500,N,서울,30대,여
C1085,2026-02-21,2026-03-05,A260305-10851,수분 세럼,쿠팡,1,52000,N,대전,30대,여
C1132,2025-07-12,2026-03-05,A260305-11325,수분 세럼,자사몰,1,51700,N,서울,40대,여
C1246,2026-02-28,2026-03-05,A260305-12461,클렌징 밤,쿠팡,2,61000,N,경기,30대,여
C1338,2026-02-21,2026-03-05,A260305-13381,수분 세럼,네이버스토어,3,114500,N,대구,20대,여
C1345,2025-12-06,2026-03-05,A260305-13452,진정 크림,쿠팡,2,76800,N,충남,30대,여
C1456,2026-01-30,2026-03-05,A260305-14562,수분 세럼,자사몰,1,43100,N,경남,50대이상,여
C1456,2026-01-30,2026-03-05,A260305-14562,진정 크림,자사몰,1,46500,N,경남,50대이상,여
C1456,2026-01-30,2026-03-05,A260305-14562,진정 크림,자사몰,1,46500,N,경남,50대이상,여
C1018,2025-07-26,2026-03-06,A260306-10185,수분 세럼,자사몰,1,66100,N,서울,20대,여
C1018,2025-07-26,2026-03-06,A260306-10185,진정 크림,자사몰,1,71200,N,서울,20대,여
C1044,2025-07-29,2026-03-06,A260306-10446,수분 세럼,쿠팡,1,60600,N,인천,40대,여
C1044,2025-07-29,2026-03-06,A260306-10446,진정 크림,자사몰,1,65200,N,인천,40대,여
C1096,2025-11-02,2026-03-06,A260306-10963,수분 세럼,쿠팡,1,46100,N,경남,30대,여
C1096,2025-11-02,2026-03-06,A260306-10963,진정 크림,쿠팡,1,44700,Y,경남,30대,여
C1269,2026-02-23,2026-03-06,A260306-12691,클렌징 밤,쿠팡,2,55800,N,경기,30대,여
C1283,2026-02-28,2026-03-06,A260306-12831,진정 크림,자사몰,2,68300,Y,충남,20대,여
C1398,2026-03-04,2026-03-06,A260306-13981,클렌징 밤,자사몰,3,82800,Y,대구,30대,여
C1433,2025-12-12,2026-03-06,A260306-14332,수분 세럼,자사몰,1,37600,N,서울,30대,여
C1433,2025-12-12,2026-03-06,A260306-14332,클렌징 밤,자사몰,1,27000,N,서울,30대,여
C1041,2025-09-05,2026-03-07,A260307-10415,수분 세럼,자사몰,1,66100,N,경남,50대이상,여
C1091,2025-09-30,2026-03-07,A260307-10913,수분 세럼,자사몰,1,44900,N,경기,20대,여
C1091,2025-09-30,2026-03-07,A260307-10913,클렌징 밤,자사몰,1,32200,N,경기,20대,여
C1139,2025-12-15,2026-03-07,A260307-11392,수분 세럼,네이버스토어,1,39100,Y,경기,20대,여
C1170,2025-08-20,2026-03-07,A260307-11705,수분 세럼,자사몰,1,50200,N,인천,40대,여
C1174,2025-12-09,2026-03-07,A260307-11742,수분 세럼,쿠팡,1,49000,Y,경기,40대,여
C1174,2025-12-09,2026-03-07,A260307-11742,클렌징 밤,쿠팡,1,39100,N,경기,40대,여
C1218,2025-12-16,2026-03-07,A260307-12182,클렌징 밤,네이버스토어,1,33400,N,경기,30대,남
C1232,2026-03-02,2026-03-07,A260307-12321,수분 세럼,네이버스토어,1,37400,N,경남,50대이상,여
C1251,2026-03-02,2026-03-07,A260307-12511,진정 크림,자사몰,1,39300,N,경남,30대,남
C1384,2026-02-28,2026-03-07,A260307-13841,수분 세럼,쿠팡,1,42600,N,기타,30대,여
C1040,2025-07-04,2026-03-08,A260308-10405,진정 크림,네이버스토어,1,63800,Y,대구,50대이상,여
C1040,2025-07-04,2026-03-08,A260308-10405,진정 크림,자사몰,1,63800,Y,대구,50대이상,여
C1105,2026-02-14,2026-03-08,A260308-11052,수분 세럼,쿠팡,1,41200,Y,서울,20대,여
C1105,2026-02-14,2026-03-08,A260308-11052,진정 크림,자사몰,1,49300,N,서울,20대,여
C1105,2026-02-14,2026-03-08,A260308-11052,클렌징 밤,자사몰,3,98500,N,서울,20대,여
C1120,2025-09-19,2026-03-08,A260308-11204,클렌징 밤,쿠팡,1,31500,N,대구,30대,여
C1120,2025-09-19,2026-03-08,A260308-11204,수분 세럼,네이버스토어,1,43800,N,대구,30대,여
C1144,2025-08-12,2026-03-08,A260308-11445,진정 크림,쿠팡,2,87100,Y,충남,30대,여
C1184,2025-12-09,2026-03-08,A260308-11842,수분 세럼,쿠팡,1,47400,N,서울,20대,여
C1184,2025-12-09,2026-03-08,A260308-11842,진정 크림,네이버스토어,1,45900,Y,서울,20대,여
C1225,2026-02-28,2026-03-08,A260308-12251,수분 세럼,자사몰,1,36800,N,광주,50대이상,여
C1276,2025-12-19,2026-03-08,A260308-12762,수분 세럼,자사몰,1,36800,Y,경기,50대이상,여
C1276,2025-12-19,2026-03-08,A260308-12762,진정 크림,자사몰,1,44100,N,경기,50대이상,여
C1377,2026-03-02,2026-03-08,A260308-13771,클렌징 밤,쿠팡,1,31200,N,서울,20대,남
C1405,2026-02-25,2026-03-08,A260308-14051,진정 크림,자사몰,1,40600,Y,서울,30대,여
C1008,2025-10-15,2026-03-09,A260309-10085,수분 세럼,자사몰,1,61100,Y,부산,40대,남
C1257,2026-02-27,2026-03-09,A260309-12571,수분 세럼,쿠팡,2,83900,N,서울,40대,여
C1328,2025-12-11,2026-03-09,A260309-13282,수분 세럼,자사몰,2,85800,N,경기,20대,여
C1328,2025-12-11,2026-03-09,A260309-13282,수분 세럼,네이버스토어,2,77300,Y,경기,20대,여
C1328,2025-12-11,2026-03-09,A260309-13282,클렌징 밤,자사몰,2,61600,N,경기,20대,여
C1358,2026-02-25,2026-03-09,A260309-13581,수분 세럼,자사몰,1,38400,N,서울,30대,여
C1011,2025-09-20,2026-03-10,A260310-10114,진정 크림,자사몰,2,136200,Y,광주,40대,남
C1084,2025-12-29,2026-03-10,A260310-10842,수분 세럼,쿠팡,2,99700,N,경기,30대,여
C1084,2025-12-29,2026-03-10,A260310-10842,수분 세럼,자사몰,1,49900,N,경기,30대,여
C1098,2025-10-20,2026-03-10,A260310-10984,진정 크림,자사몰,1,52000,Y,서울,40대,남
C1098,2025-10-20,2026-03-10,A260310-10984,진정 크림,쿠팡,2,115500,N,서울,40대,남
C1107,2025-10-14,2026-03-10,A260310-11074,수분 세럼,쿠팡,1,46100,Y,서울,20대,남
C1107,2025-10-14,2026-03-10,A260310-11074,진정 크림,쿠팡,1,49600,Y,서울,20대,남
C1133,2025-08-06,2026-03-10,A260310-11334,수분 세럼,자사몰,1,43800,N,서울,50대이상,여
C1133,2025-08-06,2026-03-10,A260310-11334,수분 세럼,쿠팡,1,43800,N,서울,50대이상,여
C1133,2025-08-06,2026-03-10,A260310-11334,수분 세럼,자사몰,1,43800,N,서울,50대이상,여
C1224,2026-02-27,2026-03-10,A260310-12241,진정 크림,쿠팡,1,44600,Y,인천,30대,여
C1259,2026-03-10,2026-03-10,A260310-12591,진정 크림,자사몰,1,41600,Y,경기,40대,여
C1281,2026-02-07,2026-03-10,A260310-12812,진정 크림,자사몰,3,124500,Y,인천,40대,여
C1010,2025-09-03,2026-03-11,A260311-10105,수분 세럼,쿠팡,3,155000,Y,광주,50대이상,여
C1010,2025-09-03,2026-03-11,A260311-10105,진정 크림,쿠팡,1,61800,N,광주,50대이상,여
C1010,2025-09-03,2026-03-11,A260311-10105,수분 세럼,자사몰,1,51700,Y,광주,50대이상,여
C1146,2025-09-24,2026-03-11,A260311-11464,수분 세럼,쿠팡,1,44000,N,경기,30대,여
C1146,2025-09-24,2026-03-11,A260311-11464,수분 세럼,네이버스토어,1,44000,N,경기,30대,여
C1440,2025-12-18,2026-03-11,A260311-14402,진정 크림,쿠팡,1,41100,Y,경남,20대,여
C1441,2026-03-06,2026-03-11,A260311-14411,클렌징 밤,자사몰,1,32400,N,인천,40대,남
C1017,2025-07-04,2026-03-12,A260312-10175,클렌징 밤,쿠팡,2,68500,Y,충남,30대,여
C1066,2025-07-05,2026-03-12,A260312-10666,진정 크림,자사몰,1,72700,N,광주,20대,여
C1082,2025-10-24,2026-03-12,A260312-10823,수분 세럼,쿠팡,1,46600,N,경남,40대,여
C1104,2025-07-25,2026-03-12,A260312-11045,수분 세럼,자사몰,1,43100,Y,경기,20대,여
C1104,2025-07-25,2026-03-12,A260312-11045,진정 크림,네이버스토어,1,51500,N,경기,20대,여
C1104,2025-07-25,2026-03-12,A260312-11045,진정 크림,쿠팡,1,51500,N,경기,20대,여
C1176,2025-10-19,2026-03-12,A260312-11763,클렌징 밤,자사몰,1,34500,N,인천,30대,여
C1176,2025-10-19,2026-03-12,A260312-11763,수분 세럼,자사몰,1,48000,N,인천,30대,여
C1212,2026-01-16,2026-03-12,A260312-12122,수분 세럼,자사몰,1,36800,N,인천,20대,여
C1212,2026-01-16,2026-03-12,A260312-12122,진정 크림,자사몰,2,79200,N,인천,20대,여
C1212,2026-01-16,2026-03-12,A260312-12122,진정 크림,자사몰,1,39600,N,인천,20대,여
C1235,2026-03-12,2026-03-12,A260312-12351,수분 세럼,쿠팡,2,90300,N,서울,40대,여
C1256,2026-03-11,2026-03-12,A260312-12561,클렌징 밤,쿠팡,1,23800,Y,경남,50대이상,여
C1274,2026-02-01,2026-03-12,A260312-12742,진정 크림,자사몰,1,43700,N,광주,20대,남
C1296,2026-02-03,2026-03-12,A260312-12962,진정 크림,쿠팡,2,86200,Y,경기,20대,여
C1343,2026-03-11,2026-03-12,A260312-13431,진정 크림,자사몰,1,38500,Y,인천,40대,여
C1361,2026-03-04,2026-03-12,A260312-13611,수분 세럼,쿠팡,1,42200,N,서울,50대이상,여
C1027,2025-08-21,2026-03-13,A260313-10275,수분 세럼,자사몰,2,142300,N,서울,20대,여
C1027,2025-08-21,2026-03-13,A260313-10275,진정 크림,자사몰,1,69000,Y,서울,20대,여
C1053,2025-07-22,2026-03-13,A260313-10535,진정 크림,자사몰,2,127700,N,서울,30대,여
C1053,2025-07-22,2026-03-13,A260313-10535,수분 세럼,자사몰,1,59300,N,서울,30대,여
C1102,2025-09-12,2026-03-13,A260313-11025,수분 세럼,쿠팡,1,44200,N,경기,30대,여
C1103,2025-10-09,2026-03-13,A260313-11033,진정 크림,네이버스토어,1,56300,N,기타,40대,남
C1103,2025-10-09,2026-03-13,A260313-11033,수분 세럼,자사몰,1,52300,N,기타,40대,남
C1223,2026-03-13,2026-03-13,A260313-12231,클렌징 밤,자사몰,1,29900,N,경기,30대,여
C1332,2026-02-04,2026-03-13,A260313-13322,진정 크림,자사몰,1,46000,N,경기,20대,여
C1332,2026-02-04,2026-03-13,A260313-13322,진정 크림,쿠팡,3,137900,N,경기,20대,여
C1332,2026-02-04,2026-03-13,A260313-13322,진정 크림,쿠팡,1,41400,Y,경기,20대,여
C1333,2026-02-05,2026-03-13,A260313-13332,진정 크림,자사몰,1,40000,N,대전,30대,여
C1333,2026-02-05,2026-03-13,A260313-13332,수분 세럼,쿠팡,1,37100,N,대전,30대,여
C1333,2026-02-05,2026-03-13,A260313-13332,진정 크림,자사몰,1,36000,Y,대전,30대,여
C1069,2025-09-14,2026-03-14,A260314-10694,클렌징 밤,자사몰,1,39500,N,경남,40대,여
C1069,2025-09-14,2026-03-14,A260314-10694,수분 세럼,쿠팡,1,49600,Y,경남,40대,여
C1136,2025-07-27,2026-03-14,A260314-11365,진정 크림,자사몰,1,46600,N,서울,40대,여
C1136,2025-07-27,2026-03-14,A260314-11365,수분 세럼,자사몰,1,39000,Y,서울,40대,여
C1245,2026-03-11,2026-03-14,A260314-12451,진정 크림,네이버스토어,2,96100,N,인천,40대,여
C1327,2025-12-15,2026-03-14,A260314-13272,수분 세럼,쿠팡,1,46700,N,인천,40대,여
C1327,2025-12-15,2026-03-14,A260314-13272,진정 크림,쿠팡,1,50300,N,인천,40대,여
C1045,2025-07-05,2026-03-15,A260315-10457,클렌징 밤,네이버스토어,1,38400,Y,광주,40대,여
C1045,2025-07-05,2026-03-15,A260315-10457,클렌징 밤,자사몰,1,42700,N,광주,40대,여
C1047,2025-07-11,2026-03-15,A260315-10476,수분 세럼,자사몰,1,55200,Y,대구,50대이상,여
C1047,2025-07-11,2026-03-15,A260315-10476,수분 세럼,쿠팡,2,122700,N,대구,50대이상,여
C1047,2025-07-11,2026-03-15,A260315-10476,진정 크림,쿠팡,3,198200,N,대구,50대이상,여
C1076,2025-09-14,2026-03-15,A260315-10764,수분 세럼,쿠팡,1,45100,N,서울,50대이상,여
C1203,2025-10-08,2026-03-15,A260315-12034,수분 세럼,자사몰,1,53400,N,서울,40대,여
C1203,2025-10-08,2026-03-15,A260315-12034,수분 세럼,쿠팡,1,48100,Y,서울,40대,여
C1203,2025-10-08,2026-03-15,A260315-12034,수분 세럼,네이버스토어,1,48100,Y,서울,40대,여
C1210,2025-12-05,2026-03-15,A260315-12102,수분 세럼,쿠팡,1,54000,N,서울,20대,남
C1210,2025-12-05,2026-03-15,A260315-12102,수분 세럼,자사몰,1,48600,Y,서울,20대,남
C1220,2026-03-13,2026-03-15,A260315-12201,클렌징 밤,자사몰,1,26400,N,경기,20대,남
C1230,2026-03-12,2026-03-15,A260315-12301,수분 세럼,자사몰,1,37700,Y,부산,30대,여
C1260,2026-01-01,2026-03-15,A260315-12602,수분 세럼,자사몰,2,82800,N,서울,30대,여
C1309,2025-12-25,2026-03-15,A260315-13092,수분 세럼,네이버스토어,1,44900,N,서울,50대이상,여
C1419,2026-03-03,2026-03-15,A260315-14191,수분 세럼,쿠팡,1,41200,Y,부산,50대이상,여
C1125,2025-12-29,2026-03-16,A260316-11252,수분 세럼,자사몰,3,148300,N,인천,40대,남
C1130,2025-12-14,2026-03-16,A260316-11303,수분 세럼,자사몰,2,95700,N,서울,30대,여
C1151,2025-09-30,2026-03-16,A260316-11514,수분 세럼,자사몰,1,45500,N,서울,50대이상,남
C1162,2025-09-16,2026-03-16,A260316-11623,수분 세럼,쿠팡,1,45500,N,서울,20대,남
C1162,2025-09-16,2026-03-16,A260316-11623,수분 세럼,쿠팡,2,90900,N,서울,20대,남
C1167,2025-11-19,2026-03-16,A260316-11673,클렌징 밤,쿠팡,1,32100,Y,부산,40대,여
C1202,2025-08-11,2026-03-16,A260316-12025,수분 세럼,쿠팡,1,49100,N,인천,40대,여
C1213,2026-03-14,2026-03-16,A260316-12131,수분 세럼,자사몰,1,36900,Y,충남,40대,여
C1249,2026-01-04,2026-03-16,A260316-12492,수분 세럼,네이버스토어,2,74700,N,경기,30대,남
C1249,2026-01-04,2026-03-16,A260316-12492,수분 세럼,쿠팡,2,74700,N,경기,30대,남
C1249,2026-01-04,2026-03-16,A260316-12492,클렌징 밤,자사몰,1,26800,N,경기,30대,남
C1294,2026-02-12,2026-03-16,A260316-12942,진정 크림,자사몰,1,40800,N,경기,20대,여
C1408,2026-01-25,2026-03-16,A260316-14082,수분 세럼,자사몰,2,88400,N,서울,40대,남
C1455,2026-03-15,2026-03-16,A260316-14551,클렌징 밤,네이버스토어,1,26900,N,경기,20대,여
C1002,2025-08-07,2026-03-17,A260317-10025,진정 크림,네이버스토어,1,55000,Y,경기,30대,남
C1002,2025-08-07,2026-03-17,A260317-10025,클렌징 밤,자사몰,1,36600,Y,경기,30대,남
C1032,2025-07-07,2026-03-17,A260317-10326,클렌징 밤,자사몰,1,50700,N,부산,30대,남
C1032,2025-07-07,2026-03-17,A260317-10326,수분 세럼,자사몰,1,70700,N,부산,30대,남
C1032,2025-07-07,2026-03-17,A260317-10326,수분 세럼,쿠팡,2,127200,Y,부산,30대,남
C1209,2025-10-18,2026-03-17,A260317-12094,진정 크림,자사몰,2,104800,N,경남,30대,여
C1247,2026-03-13,2026-03-17,A260317-12471,수분 세럼,자사몰,1,41000,Y,경기,40대,남
C1375,2026-01-28,2026-03-17,A260317-13752,진정 크림,네이버스토어,1,49000,N,서울,40대,남
C1169,2025-11-06,2026-03-18,A260318-11693,수분 세럼,자사몰,1,48600,Y,경기,30대,여
C1169,2025-11-06,2026-03-18,A260318-11693,클렌징 밤,자사몰,2,77500,N,경기,30대,여
C1169,2025-11-06,2026-03-18,A260318-11693,수분 세럼,자사몰,1,54000,N,경기,30대,여
C1342,2026-03-16,2026-03-18,A260318-13421,수분 세럼,쿠팡,2,81600,N,충남,30대,여
C1352,2026-01-16,2026-03-18,A260318-13522,수분 세럼,자사몰,1,33900,Y,대구,20대,여
C1443,2026-01-09,2026-03-18,A260318-14432,수분 세럼,자사몰,1,32200,Y,서울,30대,남
C1065,2025-09-05,2026-03-19,A260319-10655,수분 세럼,자사몰,1,58800,N,경기,30대,여
C1065,2025-09-05,2026-03-19,A260319-10655,수분 세럼,자사몰,1,52900,Y,경기,30대,여
C1065,2025-09-05,2026-03-19,A260319-10655,진정 크림,자사몰,1,63300,N,경기,30대,여
C1078,2025-10-09,2026-03-19,A260319-10785,수분 세럼,자사몰,1,43200,N,부산,30대,여
C1078,2025-10-09,2026-03-19,A260319-10785,진정 크림,쿠팡,1,46500,N,부산,30대,여
C1078,2025-10-09,2026-03-19,A260319-10785,클렌징 밤,자사몰,1,27900,Y,부산,30대,여
C1150,2025-11-15,2026-03-19,A260319-11503,수분 세럼,쿠팡,1,48700,Y,서울,40대,여
C1226,2026-02-19,2026-03-19,A260319-12262,수분 세럼,쿠팡,1,40900,Y,대구,30대,여
C1263,2026-03-17,2026-03-19,A260319-12631,진정 크림,자사몰,1,41700,N,충남,20대,여
C1344,2026-03-10,2026-03-19,A260319-13441,클렌징 밤,네이버스토어,1,27400,Y,대구,30대,여
C1355,2026-03-17,2026-03-19,A260319-13551,클렌징 밤,쿠팡,1,24500,Y,경기,30대,여
C1396,2026-03-10,2026-03-19,A260319-13961,수분 세럼,자사몰,1,42600,N,경기,20대,여
C1007,2025-07-18,2026-03-20,A260320-10076,진정 크림,네이버스토어,1,71900,N,경기,20대,여
C1007,2025-07-18,2026-03-20,A260320-10076,수분 세럼,쿠팡,1,66700,N,경기,20대,여
C1007,2025-07-18,2026-03-20,A260320-10076,수분 세럼,자사몰,1,66700,N,경기,20대,여
C1048,2025-07-01,2026-03-20,A260320-10485,수분 세럼,자사몰,1,47800,Y,인천,30대,여
C1048,2025-07-01,2026-03-20,A260320-10485,클렌징 밤,자사몰,1,38200,N,인천,30대,여
C1148,2025-11-22,2026-03-20,A260320-11483,수분 세럼,쿠팡,1,45300,N,서울,30대,여
C1160,2025-10-13,2026-03-20,A260320-11605,수분 세럼,쿠팡,2,83800,Y,대전,20대,여
C1160,2025-10-13,2026-03-20,A260320-11605,수분 세럼,자사몰,2,93100,N,대전,20대,여
C1190,2025-11-22,2026-03-20,A260320-11904,진정 크림,자사몰,1,54900,N,경기,40대,여
C1190,2025-11-22,2026-03-20,A260320-11904,수분 세럼,자사몰,1,51000,N,경기,40대,여
C1200,2025-09-09,2026-03-20,A260320-12003,진정 크림,자사몰,1,53900,N,경기,30대,여
C1221,2026-03-17,2026-03-20,A260320-12211,수분 세럼,자사몰,1,41100,N,서울,20대,여
C1234,2026-03-10,2026-03-20,A260320-12341,클렌징 밤,자사몰,1,29700,N,기타,40대,여
C1239,2026-03-13,2026-03-20,A260320-12391,진정 크림,자사몰,1,44900,N,경기,40대,여
C1242,2026-03-10,2026-03-20,A260320-12421,진정 크림,자사몰,2,92600,N,서울,50대이상,여
C1250,2026-03-18,2026-03-20,A260320-12501,클렌징 밤,네이버스토어,2,52000,N,서울,20대,여
C1349,2026-01-22,2026-03-20,A260320-13492,진정 크림,자사몰,2,77500,Y,경기,20대,여
C1454,2026-03-13,2026-03-20,A260320-14541,수분 세럼,쿠팡,2,74900,N,부산,30대,여
C1005,2025-08-26,2026-03-21,A260321-10055,수분 세럼,쿠팡,1,55700,Y,광주,50대이상,여
C1005,2025-08-26,2026-03-21,A260321-10055,수분 세럼,쿠팡,1,61900,N,광주,50대이상,여
C1058,2025-07-11,2026-03-21,A260321-10586,진정 크림,자사몰,1,62100,Y,서울,30대,남
C1070,2025-07-13,2026-03-21,A260321-10707,진정 크림,쿠팡,1,53700,Y,경기,20대,여
C1086,2025-12-14,2026-03-21,A260321-10863,수분 세럼,쿠팡,2,90700,N,경기,30대,여
C1159,2025-09-28,2026-03-21,A260321-11594,수분 세럼,쿠팡,1,51000,N,경기,30대,여
C1182,2025-09-02,2026-03-22,A260322-11824,수분 세럼,자사몰,2,87000,N,부산,30대,여
C1182,2025-09-02,2026-03-22,A260322-11824,수분 세럼,자사몰,1,43500,N,부산,30대,여
C1241,2026-03-11,2026-03-22,A260322-12411,진정 크림,네이버스토어,1,43200,Y,경기,50대이상,여
C1340,2026-02-08,2026-03-22,A260322-13402,수분 세럼,자사몰,2,90700,N,서울,30대,남
C1397,2026-03-12,2026-03-22,A260322-13971,클렌징 밤,자사몰,2,64000,N,경기,30대,여
C1080,2025-09-04,2026-03-23,A260323-10805,수분 세럼,자사몰,1,45300,N,서울,20대,여
C1080,2025-09-04,2026-03-23,A260323-10805,수분 세럼,자사몰,1,45300,N,서울,20대,여
C1127,2025-11-07,2026-03-23,A260323-11274,수분 세럼,자사몰,1,47400,Y,경기,30대,여
C1127,2025-11-07,2026-03-23,A260323-11274,클렌징 밤,자사몰,2,75600,N,경기,30대,여
C1155,2025-07-28,2026-03-23,A260323-11555,클렌징 밤,자사몰,2,63700,N,경남,30대,여
C1191,2026-02-03,2026-03-23,A260323-11912,수분 세럼,자사몰,1,41900,Y,서울,30대,여
C1191,2026-02-03,2026-03-23,A260323-11912,진정 크림,자사몰,1,50200,N,서울,30대,여
C1240,2026-03-14,2026-03-23,A260323-12401,클렌징 밤,쿠팡,1,25300,N,경기,30대,여
C1302,2026-03-20,2026-03-23,A260323-13021,진정 크림,자사몰,3,147200,N,서울,50대이상,여
C1043,2025-08-23,2026-03-24,A260324-10435,수분 세럼,쿠팡,1,63000,N,경남,40대,남
C1077,2025-10-08,2026-03-24,A260324-10773,수분 세럼,자사몰,2,101400,N,경남,20대,여
C1097,2026-01-26,2026-03-24,A260324-10972,수분 세럼,자사몰,1,48400,Y,경기,40대,여
C1097,2026-01-26,2026-03-24,A260324-10972,수분 세럼,자사몰,2,107500,N,경기,40대,여
C1111,2025-10-06,2026-03-24,A260324-11114,진정 크림,자사몰,2,114600,N,경기,30대,여
C1111,2025-10-06,2026-03-24,A260324-11114,수분 세럼,자사몰,1,53200,N,경기,30대,여
C1116,2025-12-15,2026-03-24,A260324-11163,수분 세럼,네이버스토어,2,92500,N,충남,30대,남
C1189,2025-09-13,2026-03-24,A260324-11894,클렌징 밤,자사몰,1,33300,Y,서울,40대,남
C1208,2025-09-01,2026-03-24,A260324-12085,진정 크림,네이버스토어,1,50100,N,대구,20대,여
C1208,2025-09-01,2026-03-24,A260324-12085,수분 세럼,자사몰,1,46500,N,대구,20대,여
C1351,2026-01-13,2026-03-24,A260324-13512,수분 세럼,쿠팡,1,41800,N,인천,50대이상,여
C1383,2026-03-12,2026-03-24,A260324-13831,수분 세럼,자사몰,1,43900,N,서울,30대,여
C1020,2025-07-01,2026-03-25,A260325-10205,수분 세럼,자사몰,2,122000,Y,경기,50대이상,여
C1020,2025-07-01,2026-03-25,A260325-10205,클렌징 밤,네이버스토어,2,87600,Y,경기,50대이상,여
C1030,2025-07-29,2026-03-25,A260325-10305,수분 세럼,네이버스토어,1,64100,N,경기,30대,여
C1030,2025-07-29,2026-03-25,A260325-10305,수분 세럼,자사몰,1,64100,N,경기,30대,여
C1034,2025-07-01,2026-03-25,A260325-10346,수분 세럼,쿠팡,3,180100,Y,경기,40대,여
C1038,2025-07-14,2026-03-25,A260325-10384,수분 세럼,자사몰,1,65900,N,경남,30대,여
C1038,2025-07-14,2026-03-25,A260325-10384,수분 세럼,자사몰,1,65900,N,경남,30대,여
C1129,2025-09-20,2026-03-25,A260325-11295,진정 크림,쿠팡,1,48400,N,부산,40대,여
C1153,2026-02-23,2026-03-25,A260325-11532,수분 세럼,자사몰,1,45900,N,경기,30대,여
C1156,2025-10-28,2026-03-25,A260325-11564,수분 세럼,자사몰,1,47700,Y,경기,30대,여
C1387,2026-03-25,2026-03-25,A260325-13871,진정 크림,쿠팡,1,43800,Y,대구,30대,여
C1448,2026-03-24,2026-03-25,A260325-14481,수분 세럼,쿠팡,1,38300,N,인천,30대,여
C1051,2025-07-27,2026-03-26,A260326-10515,진정 크림,자사몰,3,164600,Y,서울,20대,여
C1134,2025-12-01,2026-03-26,A260326-11344,수분 세럼,쿠팡,1,44300,Y,대전,40대,여
C1134,2025-12-01,2026-03-26,A260326-11344,수분 세럼,자사몰,2,98500,N,대전,40대,여
C1134,2025-12-01,2026-03-26,A260326-11344,수분 세럼,쿠팡,1,49300,N,대전,40대,여
C1178,2025-09-20,2026-03-26,A260326-11785,수분 세럼,쿠팡,1,44600,Y,경기,50대이상,여
C1178,2025-09-20,2026-03-26,A260326-11785,클렌징 밤,쿠팡,3,106800,N,경기,50대이상,여
C1187,2025-10-20,2026-03-26,A260326-11873,수분 세럼,쿠팡,1,40600,Y,경기,50대이상,여
C1199,2025-10-19,2026-03-26,A260326-11993,수분 세럼,자사몰,1,47100,N,서울,40대,여
C1199,2025-10-19,2026-03-26,A260326-11993,진정 크림,자사몰,3,137000,Y,서울,40대,여
C1370,2026-03-14,2026-03-26,A260326-13701,진정 크림,자사몰,1,48600,N,인천,40대,여
C1384,2026-02-28,2026-03-26,A260326-13842,진정 크림,쿠팡,1,45900,N,기타,30대,여
C1014,2025-08-07,2026-03-27,A260327-10145,진정 크림,쿠팡,1,75800,N,경남,40대,여
C1014,2025-08-07,2026-03-27,A260327-10145,진정 크림,자사몰,2,151500,N,경남,40대,여
C1037,2025-07-08,2026-03-27,A260327-10376,수분 세럼,쿠팡,1,69600,N,인천,30대,여
C1101,2025-12-15,2026-03-27,A260327-11014,수분 세럼,쿠팡,1,54100,N,대구,20대,여
C1101,2025-12-15,2026-03-27,A260327-11014,수분 세럼,네이버스토어,2,97400,Y,대구,20대,여
C1219,2026-03-19,2026-03-27,A260327-12191,수분 세럼,쿠팡,1,36900,N,기타,30대,여
C1313,2026-02-21,2026-03-27,A260327-13132,진정 크림,자사몰,1,49100,N,경기,50대이상,여
C1009,2025-08-17,2026-03-28,A260328-10096,진정 크림,자사몰,1,61500,N,경기,20대,여
C1009,2025-08-17,2026-03-28,A260328-10096,클렌징 밤,네이버스토어,2,73700,Y,경기,20대,여
C1039,2025-09-03,2026-03-28,A260328-10395,진정 크림,쿠팡,1,53300,Y,서울,30대,여
C1039,2025-09-03,2026-03-28,A260328-10395,수분 세럼,자사몰,1,55000,N,서울,30대,여
C1171,2025-08-21,2026-03-28,A260328-11715,진정 크림,자사몰,1,43900,Y,인천,30대,여
C1268,2025-12-20,2026-03-28,A260328-12682,진정 크림,자사몰,2,97600,N,경기,20대,여
C1275,2025-12-03,2026-03-28,A260328-12753,진정 크림,자사몰,2,83500,Y,경기,30대,여
C1275,2025-12-03,2026-03-28,A260328-12753,진정 크림,네이버스토어,1,46400,N,경기,30대,여
C1304,2025-12-27,2026-03-28,A260328-13042,수분 세럼,쿠팡,1,45800,N,경기,30대,여
C1304,2025-12-27,2026-03-28,A260328-13042,클렌징 밤,쿠팡,1,29600,Y,경기,30대,여
C1376,2026-02-12,2026-03-28,A260328-13762,진정 크림,자사몰,1,46200,N,서울,20대,여
C1376,2026-02-12,2026-03-28,A260328-13762,진정 크림,네이버스토어,1,46200,N,서울,20대,여
C1385,2025-11-05,2026-03-28,A260328-13853,수분 세럼,쿠팡,1,42100,N,부산,40대,여
C1385,2025-11-05,2026-03-28,A260328-13853,수분 세럼,네이버스토어,1,42100,N,부산,40대,여
C1412,2025-11-22,2026-03-28,A260328-14123,진정 크림,쿠팡,1,41500,N,인천,40대,여
C1450,2025-12-20,2026-03-28,A260328-14503,진정 크림,쿠팡,3,150000,N,경기,30대,여
C1450,2025-12-20,2026-03-28,A260328-14503,수분 세럼,자사몰,1,46400,N,경기,30대,여
C1012,2025-07-01,2026-03-29,A260329-10125,클렌징 밤,자사몰,1,38200,N,서울,40대,여
C1016,2025-08-18,2026-03-29,A260329-10165,수분 세럼,자사몰,1,59600,N,대전,30대,여
C1016,2025-08-18,2026-03-29,A260329-10165,클렌징 밤,자사몰,1,38500,Y,대전,30대,여
C1016,2025-08-18,2026-03-29,A260329-10165,진정 크림,쿠팡,2,128300,N,대전,30대,여
C1063,2025-08-04,2026-03-29,A260329-10636,수분 세럼,자사몰,1,68800,N,서울,40대,여
C1064,2025-08-29,2026-03-29,A260329-10645,수분 세럼,네이버스토어,2,139400,N,경기,40대,남
C1064,2025-08-29,2026-03-29,A260329-10645,클렌징 밤,자사몰,3,150100,N,경기,40대,남
C1067,2025-07-01,2026-03-29,A260329-10677,수분 세럼,자사몰,1,67900,N,서울,40대,여
C1067,2025-07-01,2026-03-29,A260329-10677,클렌징 밤,자사몰,1,48800,N,서울,40대,여
C1092,2025-08-21,2026-03-29,A260329-10924,클렌징 밤,자사몰,1,32500,Y,대전,30대,여
C1115,2026-02-22,2026-03-29,A260329-11152,수분 세럼,자사몰,1,48700,N,서울,20대,남
C1115,2026-02-22,2026-03-29,A260329-11152,진정 크림,자사몰,2,105000,N,서울,20대,남
C1115,2026-02-22,2026-03-29,A260329-11152,수분 세럼,자사몰,2,97500,N,서울,20대,남
C1124,2025-11-03,2026-03-29,A260329-11245,수분 세럼,네이버스토어,1,43600,N,대구,40대,여
C1124,2025-11-03,2026-03-29,A260329-11245,수분 세럼,자사몰,1,39200,Y,대구,40대,여
C1195,2025-11-15,2026-03-29,A260329-11954,수분 세럼,쿠팡,3,148800,N,인천,40대,여
C1244,2026-03-18,2026-03-29,A260329-12441,진정 크림,쿠팡,1,37200,Y,경기,50대이상,여
C1273,2026-03-24,2026-03-29,A260329-12731,진정 크림,자사몰,1,38500,N,부산,50대이상,여
C1288,2026-03-25,2026-03-29,A260329-12881,진정 크림,네이버스토어,1,42600,N,서울,50대이상,여
C1293,2025-12-27,2026-03-29,A260329-12932,수분 세럼,자사몰,2,70400,N,경기,30대,여
C1295,2026-02-18,2026-03-29,A260329-12952,클렌징 밤,자사몰,1,27000,N,대전,40대,여
C1316,2026-03-21,2026-03-29,A260329-13161,수분 세럼,네이버스토어,1,36900,N,서울,20대,여
C1367,2026-03-20,2026-03-29,A260329-13671,수분 세럼,쿠팡,2,79800,N,충남,30대,여
C1368,2026-01-01,2026-03-29,A260329-13682,진정 크림,자사몰,1,46100,N,대전,50대이상,여
C1368,2026-01-01,2026-03-29,A260329-13682,수분 세럼,쿠팡,2,85700,N,대전,50대이상,여
C1401,2026-02-24,2026-03-29,A260329-14012,수분 세럼,자사몰,3,133400,N,대전,20대,여
C1401,2026-02-24,2026-03-29,A260329-14012,클렌징 밤,자사몰,2,63900,N,대전,20대,여
C1414,2026-03-25,2026-03-29,A260329-14141,진정 크림,쿠팡,1,41600,N,경기,30대,여
C1006,2025-08-01,2026-03-30,A260330-10067,수분 세럼,자사몰,2,108000,N,부산,40대,남
C1006,2025-08-01,2026-03-30,A260330-10067,수분 세럼,쿠팡,3,145800,Y,부산,40대,남
C1015,2025-08-15,2026-03-30,A260330-10155,진정 크림,자사몰,1,65500,Y,광주,50대이상,여
C1072,2025-07-19,2026-03-30,A260330-10725,클렌징 밤,네이버스토어,1,50200,N,기타,20대,여
C1072,2025-07-19,2026-03-30,A260330-10725,수분 세럼,자사몰,1,69900,N,기타,20대,여
C1073,2026-02-05,2026-03-30,A260330-10732,클렌징 밤,자사몰,1,39000,N,인천,30대,여
C1073,2026-02-05,2026-03-30,A260330-10732,수분 세럼,자사몰,2,108700,N,인천,30대,여
C1073,2026-02-05,2026-03-30,A260330-10732,수분 세럼,쿠팡,1,54400,N,인천,30대,여
C1090,2025-09-01,2026-03-30,A260330-10904,수분 세럼,쿠팡,3,162800,N,서울,30대,여
C1098,2025-10-20,2026-03-30,A260330-10985,진정 크림,자사몰,1,57700,N,서울,40대,남
C1098,2025-10-20,2026-03-30,A260330-10985,수분 세럼,자사몰,1,53600,N,서울,40대,남
C1112,2025-09-11,2026-03-30,A260330-11124,수분 세럼,쿠팡,1,43100,N,부산,30대,여
C1112,2025-09-11,2026-03-30,A260330-11124,진정 크림,네이버스토어,1,46400,N,부산,30대,여
C1112,2025-09-11,2026-03-30,A260330-11124,수분 세럼,자사몰,1,43100,N,부산,30대,여
C1123,2025-11-25,2026-03-30,A260330-11233,수분 세럼,자사몰,1,50400,N,서울,30대,여
C1255,2025-11-25,2026-03-30,A260330-12553,수분 세럼,쿠팡,1,38500,N,서울,30대,여
C1255,2025-11-25,2026-03-30,A260330-12553,수분 세럼,쿠팡,1,38500,N,서울,30대,여
C1255,2025-11-25,2026-03-30,A260330-12553,진정 크림,자사몰,1,41500,N,서울,30대,여
C1287,2025-12-17,2026-03-30,A260330-12872,클렌징 밤,자사몰,2,61700,N,경기,40대,남
C1287,2025-12-17,2026-03-30,A260330-12872,진정 크림,자사몰,1,46300,N,경기,40대,남
C1315,2026-03-24,2026-03-30,A260330-13151,수분 세럼,자사몰,1,42100,N,부산,20대,여
C1348,2026-02-25,2026-03-30,A260330-13482,수분 세럼,자사몰,1,40300,N,부산,30대,여
C1354,2026-01-24,2026-03-30,A260330-13542,수분 세럼,자사몰,1,42200,N,경기,30대,여
C1438,2025-11-19,2026-03-30,A260330-14383,수분 세럼,쿠팡,1,39200,N,서울,40대,여
C1029,2025-07-16,2026-03-31,A260331-10295,진정 크림,쿠팡,1,60800,Y,경기,30대,여
C1029,2025-07-16,2026-03-31,A260331-10295,진정 크림,쿠팡,1,67600,N,경기,30대,여
C1106,2025-11-19,2026-03-31,A260331-11063,진정 크림,자사몰,1,47900,N,경기,30대,여
C1106,2025-11-19,2026-03-31,A260331-11063,클렌징 밤,쿠팡,1,31900,N,경기,30대,여
C1106,2025-11-19,2026-03-31,A260331-11063,수분 세럼,쿠팡,2,88900,N,경기,30대,여
C1109,2025-09-19,2026-03-31,A260331-11093,수분 세럼,자사몰,1,49300,N,서울,30대,여
C1119,2025-07-20,2026-03-31,A260331-11195,클렌징 밤,쿠팡,2,65600,N,서울,20대,남
C1119,2025-07-20,2026-03-31,A260331-11195,클렌징 밤,쿠팡,2,65600,N,서울,20대,남
C1119,2025-07-20,2026-03-31,A260331-11195,수분 세럼,자사몰,1,45700,N,서울,20대,남
C1145,2025-08-26,2026-03-31,A260331-11455,수분 세럼,쿠팡,2,98000,Y,서울,20대,여
C1214,2026-01-12,2026-03-31,A260331-12142,수분 세럼,자사몰,1,45800,N,광주,20대,여
C1216,2025-10-13,2026-03-31,A260331-12163,수분 세럼,자사몰,1,36400,Y,경기,30대,여
C1236,2025-11-23,2026-03-31,A260331-12363,수분 세럼,네이버스토어,1,41800,N,기타,50대이상,여
C1236,2025-11-23,2026-03-31,A260331-12363,수분 세럼,네이버스토어,1,37600,Y,기타,50대이상,여
C1343,2026-03-11,2026-03-31,A260331-13432,수분 세럼,자사몰,1,39700,N,인천,40대,여
C1365,2026-02-04,2026-03-31,A260331-13652,수분 세럼,쿠팡,1,45700,N,인천,50대이상,여
C1365,2026-02-04,2026-03-31,A260331-13652,수분 세럼,자사몰,2,91400,N,인천,50대이상,여
C1434,2026-02-15,2026-03-31,A260331-14342,수분 세럼,자사몰,1,46200,N,기타,30대,여
C1060,2025-08-11,2026-04-01,A260401-10606,진정 크림,자사몰,1,66800,N,대구,30대,남
C1060,2025-08-11,2026-04-01,A260401-10606,진정 크림,자사몰,1,66800,N,대구,30대,남
C1113,2025-10-08,2026-04-01,A260401-11135,수분 세럼,네이버스토어,1,43400,N,서울,30대,여
C1113,2025-10-08,2026-04-01,A260401-11135,진정 크림,자사몰,2,93600,N,서울,30대,여
C1113,2025-10-08,2026-04-01,A260401-11135,수분 세럼,네이버스토어,1,43400,N,서울,30대,여
C1164,2025-07-23,2026-04-01,A260401-11645,수분 세럼,자사몰,3,146000,N,경기,50대이상,여
C1237,2026-03-21,2026-04-01,A260401-12371,수분 세럼,네이버스토어,1,38500,N,경남,40대,여
C1276,2025-12-19,2026-04-01,A260401-12763,수분 세럼,자사몰,1,36800,Y,경기,50대이상,여
C1276,2025-12-19,2026-04-01,A260401-12763,수분 세럼,쿠팡,3,122700,N,경기,50대이상,여
C1290,2026-01-08,2026-04-01,A260401-12902,진정 크림,자사몰,1,48300,N,부산,30대,여
C1356,2026-03-26,2026-04-01,A260401-13561,수분 세럼,네이버스토어,1,40200,N,대구,20대,남
C1378,2026-03-25,2026-04-01,A260401-13781,진정 크림,자사몰,2,88600,N,서울,30대,여
C1382,2026-03-22,2026-04-01,A260401-13821,수분 세럼,쿠팡,3,123500,N,경기,30대,여
C1386,2026-03-26,2026-04-01,A260401-13861,수분 세럼,자사몰,1,40800,N,기타,40대,남
C1403,2025-10-29,2026-04-01,A260401-14033,수분 세럼,자사몰,1,37100,Y,경기,30대,여
C1403,2025-10-29,2026-04-01,A260401-14033,수분 세럼,쿠팡,1,37100,Y,경기,30대,여
C1403,2025-10-29,2026-04-01,A260401-14033,수분 세럼,자사몰,1,41200,N,경기,30대,여
C1446,2025-12-28,2026-04-01,A260401-14462,수분 세럼,네이버스토어,1,38200,N,경기,30대,여
C1446,2025-12-28,2026-04-01,A260401-14462,클렌징 밤,쿠팡,1,27400,N,경기,30대,여
C1036,2025-07-03,2026-04-02,A260402-10366,수분 세럼,쿠팡,1,60400,N,경기,20대,남
C1062,2025-07-14,2026-04-02,A260402-10625,진정 크림,쿠팡,1,75500,N,대전,30대,여
C1071,2025-07-01,2026-04-02,A260402-10717,수분 세럼,쿠팡,1,70400,N,부산,30대,여
C1071,2025-07-01,2026-04-02,A260402-10717,수분 세럼,자사몰,1,70400,N,부산,30대,여
C1071,2025-07-01,2026-04-02,A260402-10717,진정 크림,자사몰,2,151600,N,부산,30대,여
C1135,2025-10-22,2026-04-02,A260402-11355,수분 세럼,자사몰,1,48000,N,충남,50대이상,여
C1141,2026-01-23,2026-04-02,A260402-11413,클렌징 밤,자사몰,1,38100,N,인천,30대,여
C1223,2026-03-13,2026-04-02,A260402-12232,수분 세럼,자사몰,1,41600,N,경기,30대,여
C1223,2026-03-13,2026-04-02,A260402-12232,진정 크림,자사몰,1,44800,N,경기,30대,여
C1324,2026-01-03,2026-04-02,A260402-13242,클렌징 밤,자사몰,1,31300,N,광주,30대,여
C1341,2026-01-23,2026-04-02,A260402-13412,수분 세럼,쿠팡,1,35800,Y,대전,30대,남
C1341,2026-01-23,2026-04-02,A260402-13412,수분 세럼,쿠팡,1,35800,Y,대전,30대,남
C1341,2026-01-23,2026-04-02,A260402-13412,수분 세럼,네이버스토어,1,35800,Y,대전,30대,남
C1445,2026-03-26,2026-04-02,A260402-14451,수분 세럼,쿠팡,3,136100,N,경기,50대이상,남
C1451,2026-02-17,2026-04-02,A260402-14512,수분 세럼,쿠팡,1,34600,Y,서울,30대,여
C1451,2026-02-17,2026-04-02,A260402-14512,수분 세럼,쿠팡,1,38500,N,서울,30대,여
C1451,2026-02-17,2026-04-02,A260402-14512,진정 크림,자사몰,1,37300,Y,서울,30대,여
C1168,2025-08-16,2026-04-03,A260403-11685,수분 세럼,자사몰,1,47500,N,대전,20대,남
C1212,2026-01-16,2026-04-03,A260403-12123,진정 크림,네이버스토어,1,39600,N,인천,20대,여
C1266,2026-03-25,2026-04-03,A260403-12661,수분 세럼,자사몰,2,80800,N,부산,30대,여
C1300,2026-02-06,2026-04-03,A260403-13002,진정 크림,쿠팡,1,41900,N,서울,50대이상,여
C1300,2026-02-06,2026-04-03,A260403-13002,수분 세럼,쿠팡,1,35000,Y,서울,50대이상,여
C1388,2025-12-10,2026-04-03,A260403-13883,클렌징 밤,자사몰,1,31200,N,경기,40대,여
C1402,2026-02-13,2026-04-03,A260403-14022,수분 세럼,자사몰,1,45100,N,서울,20대,여
C1402,2026-02-13,2026-04-03,A260403-14022,수분 세럼,쿠팡,1,45100,N,서울,20대,여
C1402,2026-02-13,2026-04-03,A260403-14022,수분 세럼,쿠팡,2,90200,N,서울,20대,여
C1432,2026-01-16,2026-04-03,A260403-14322,수분 세럼,쿠팡,1,37300,N,부산,20대,남
C1432,2026-01-16,2026-04-03,A260403-14322,수분 세럼,쿠팡,1,37300,N,부산,20대,남
C1440,2025-12-18,2026-04-03,A260403-14403,수분 세럼,네이버스토어,1,42400,N,경남,20대,여
C1139,2025-12-15,2026-04-04,A260404-11393,클렌징 밤,자사몰,2,62400,N,경기,20대,여
C1158,2025-10-28,2026-04-04,A260404-11584,수분 세럼,쿠팡,1,49700,N,서울,30대,여
C1165,2025-10-13,2026-04-04,A260404-11654,수분 세럼,자사몰,2,97700,N,인천,20대,여
C1165,2025-10-13,2026-04-04,A260404-11654,수분 세럼,자사몰,1,44000,Y,인천,20대,여
C1213,2026-03-14,2026-04-04,A260404-12132,수분 세럼,자사몰,1,36900,Y,충남,40대,여
C1231,2026-01-10,2026-04-04,A260404-12312,클렌징 밤,쿠팡,1,25400,N,경남,30대,남
C1231,2026-01-10,2026-04-04,A260404-12312,진정 크림,자사몰,1,38100,N,경남,30대,남
C1231,2026-01-10,2026-04-04,A260404-12312,진정 크림,쿠팡,1,38100,N,경남,30대,남
C1253,2025-11-08,2026-04-04,A260404-12533,수분 세럼,자사몰,1,42700,N,서울,40대,여
C1282,2026-01-26,2026-04-04,A260404-12822,수분 세럼,자사몰,1,37500,N,인천,30대,여
C1282,2026-01-26,2026-04-04,A260404-12822,진정 크림,자사몰,1,36400,Y,인천,30대,여
C1282,2026-01-26,2026-04-04,A260404-12822,진정 크림,자사몰,1,40400,N,인천,30대,여
C1320,2026-02-21,2026-04-04,A260404-13202,진정 크림,쿠팡,1,38600,N,경기,40대,여
C1321,2026-01-26,2026-04-04,A260404-13212,진정 크림,쿠팡,1,48100,N,대구,50대이상,남
C1321,2026-01-26,2026-04-04,A260404-13212,수분 세럼,자사몰,1,44600,N,대구,50대이상,남
C1359,2026-03-27,2026-04-04,A260404-13591,수분 세럼,자사몰,1,34000,Y,경기,30대,남
C1142,2025-08-19,2026-04-05,A260405-11424,수분 세럼,자사몰,1,54400,N,서울,40대,여
C1026,2025-08-22,2026-04-06,A260406-10265,진정 크림,자사몰,1,77000,N,경기,50대이상,여
C1035,2025-07-07,2026-04-06,A260406-10357,진정 크림,네이버스토어,1,72700,N,경남,40대,여
C1035,2025-07-07,2026-04-06,A260406-10357,진정 크림,쿠팡,2,145400,N,경남,40대,여
C1089,2025-11-14,2026-04-06,A260406-10894,수분 세럼,쿠팡,1,51100,N,광주,50대이상,여
C1217,2026-01-15,2026-04-06,A260406-12172,진정 크림,자사몰,1,43700,Y,서울,40대,여
C1235,2026-03-12,2026-04-06,A260406-12352,진정 크림,네이버스토어,1,48600,N,서울,40대,여
C1310,2026-01-25,2026-04-06,A260406-13102,수분 세럼,네이버스토어,1,40300,N,서울,30대,여
C1310,2026-01-25,2026-04-06,A260406-13102,수분 세럼,쿠팡,1,40300,N,서울,30대,여
C1310,2026-01-25,2026-04-06,A260406-13102,수분 세럼,쿠팡,1,40300,N,서울,30대,여
C1317,2025-10-13,2026-04-06,A260406-13173,수분 세럼,네이버스토어,1,32100,Y,경기,40대,여
C1317,2025-10-13,2026-04-06,A260406-13173,수분 세럼,자사몰,3,96200,Y,경기,40대,여
C1317,2025-10-13,2026-04-06,A260406-13173,수분 세럼,쿠팡,2,64100,Y,경기,40대,여
C1333,2026-02-05,2026-04-06,A260406-13333,수분 세럼,자사몰,1,33400,Y,대전,30대,여
C1333,2026-02-05,2026-04-06,A260406-13333,수분 세럼,쿠팡,1,33400,Y,대전,30대,여
C1380,2026-01-09,2026-04-06,A260406-13802,수분 세럼,자사몰,1,42300,N,충남,20대,여
C1380,2026-01-09,2026-04-06,A260406-13802,클렌징 밤,쿠팡,1,27300,Y,충남,20대,여
C1404,2026-04-03,2026-04-06,A260406-14041,수분 세럼,자사몰,1,42400,N,부산,30대,여
C1426,2026-01-13,2026-04-06,A260406-14262,수분 세럼,네이버스토어,2,78500,Y,인천,30대,여
C1019,2025-07-21,2026-04-07,A260407-10195,진정 크림,쿠팡,1,58400,N,인천,30대,여
C1065,2025-09-05,2026-04-07,A260407-10656,진정 크림,자사몰,1,63300,N,경기,30대,여
C1074,2025-11-24,2026-04-07,A260407-10743,수분 세럼,쿠팡,1,41400,Y,경남,20대,여
C1074,2025-11-24,2026-04-07,A260407-10743,수분 세럼,쿠팡,1,46000,N,경남,20대,여
C1108,2026-01-31,2026-04-07,A260407-11083,진정 크림,자사몰,1,49800,N,대구,30대,여
C1147,2025-11-05,2026-04-07,A260407-11473,수분 세럼,자사몰,2,103800,N,경기,40대,남
C1147,2025-11-05,2026-04-07,A260407-11473,진정 크림,쿠팡,3,167700,N,경기,40대,남
C1172,2025-09-17,2026-04-07,A260407-11725,수분 세럼,네이버스토어,1,50500,N,경기,30대,여
C1172,2025-09-17,2026-04-07,A260407-11725,수분 세럼,쿠팡,2,101100,N,경기,30대,여
C1172,2025-09-17,2026-04-07,A260407-11725,수분 세럼,자사몰,1,50500,N,경기,30대,여
C1183,2025-07-30,2026-04-07,A260407-11834,클렌징 밤,쿠팡,2,61800,N,광주,20대,여
C1242,2026-03-10,2026-04-07,A260407-12422,수분 세럼,자사몰,1,43000,N,서울,50대이상,여
C1242,2026-03-10,2026-04-07,A260407-12422,진정 크림,쿠팡,1,46300,N,서울,50대이상,여
C1242,2026-03-10,2026-04-07,A260407-12422,수분 세럼,쿠팡,1,43000,N,서울,50대이상,여
C1261,2026-01-09,2026-04-07,A260407-12612,수분 세럼,자사몰,1,42600,N,광주,30대,여
C1338,2026-02-21,2026-04-07,A260407-13382,진정 크림,자사몰,2,82200,N,대구,20대,여
C1338,2026-02-21,2026-04-07,A260407-13382,진정 크림,쿠팡,1,41100,N,대구,20대,여
C1395,2026-03-27,2026-04-07,A260407-13951,수분 세럼,네이버스토어,3,108800,N,서울,30대,여
C1405,2026-02-25,2026-04-07,A260407-14052,클렌징 밤,네이버스토어,2,60200,N,서울,30대,여
C1405,2026-02-25,2026-04-07,A260407-14052,수분 세럼,자사몰,1,41900,N,서울,30대,여
C1409,2026-01-02,2026-04-07,A260407-14093,진정 크림,쿠팡,1,44000,N,경기,40대,여
C1409,2026-01-02,2026-04-07,A260407-14093,수분 세럼,자사몰,1,40900,N,경기,40대,여
C1409,2026-01-02,2026-04-07,A260407-14093,진정 크림,네이버스토어,2,88000,N,경기,40대,여
C1411,2026-02-01,2026-04-07,A260407-14112,진정 크림,자사몰,1,44400,Y,충남,20대,남
C1083,2025-12-15,2026-04-08,A260408-10833,클렌징 밤,쿠팡,2,78300,N,서울,30대,여
C1140,2026-01-03,2026-04-08,A260408-11403,클렌징 밤,네이버스토어,2,67000,N,서울,40대,여
C1149,2025-09-21,2026-04-08,A260408-11494,수분 세럼,쿠팡,1,51200,N,충남,40대,여
C1194,2025-12-15,2026-04-08,A260408-11943,클렌징 밤,쿠팡,1,32300,Y,경기,30대,여
C1194,2025-12-15,2026-04-08,A260408-11943,수분 세럼,자사몰,1,45000,Y,경기,30대,여
C1194,2025-12-15,2026-04-08,A260408-11943,클렌징 밤,네이버스토어,1,35900,N,경기,30대,여
C1366,2026-04-08,2026-04-08,A260408-13661,수분 세럼,쿠팡,1,45400,N,부산,40대,여
C1415,2026-02-24,2026-04-08,A260408-14152,클렌징 밤,자사몰,1,28500,Y,기타,30대,남
C1028,2025-08-18,2026-04-09,A260409-10284,수분 세럼,쿠팡,1,60600,N,부산,30대,남
C1044,2025-07-29,2026-04-09,A260409-10447,수분 세럼,쿠팡,1,60600,N,인천,40대,여
C1117,2025-12-02,2026-04-09,A260409-11173,진정 크림,자사몰,1,47200,Y,서울,40대,여
C1117,2025-12-02,2026-04-09,A260409-11173,수분 세럼,자사몰,1,48700,N,서울,40대,여
C1117,2025-12-02,2026-04-09,A260409-11173,수분 세럼,쿠팡,1,48700,N,서울,40대,여
C1174,2025-12-09,2026-04-09,A260409-11743,수분 세럼,쿠팡,2,97900,Y,경기,40대,여
C1224,2026-02-27,2026-04-09,A260409-12242,클렌징 밤,자사몰,2,66000,N,인천,30대,여
C1224,2026-02-27,2026-04-09,A260409-12242,클렌징 밤,자사몰,1,29700,Y,인천,30대,여
C1224,2026-02-27,2026-04-09,A260409-12242,진정 크림,자사몰,1,49500,N,인천,30대,여
C1228,2026-01-01,2026-04-09,A260409-12283,수분 세럼,쿠팡,1,34100,Y,경기,30대,남
C1228,2026-01-01,2026-04-09,A260409-12283,수분 세럼,자사몰,1,37900,N,경기,30대,남
C1353,2026-02-28,2026-04-09,A260409-13532,수분 세럼,자사몰,2,74000,N,서울,20대,여
C1363,2026-01-28,2026-04-09,A260409-13632,수분 세럼,자사몰,1,37200,Y,서울,40대,여
C1363,2026-01-28,2026-04-09,A260409-13632,진정 크림,자사몰,1,40100,Y,서울,40대,여
C1423,2026-01-05,2026-04-09,A260409-14232,진정 크림,자사몰,1,41700,N,경기,30대,여
C1423,2026-01-05,2026-04-09,A260409-14232,진정 크림,자사몰,1,41700,N,경기,30대,여
C1024,2025-07-29,2026-04-10,A260410-10245,수분 세럼,자사몰,1,65800,N,서울,40대,여
C1055,2025-07-01,2026-04-10,A260410-10555,수분 세럼,자사몰,2,118500,N,부산,20대,여
C1188,2026-02-10,2026-04-10,A260410-11882,클렌징 밤,자사몰,1,33000,N,서울,30대,여
C1286,2026-02-17,2026-04-10,A260410-12862,수분 세럼,자사몰,1,33700,Y,경기,40대,여
C1350,2026-01-11,2026-04-10,A260410-13503,진정 크림,자사몰,2,97100,N,대전,30대,여
C1361,2026-03-04,2026-04-10,A260410-13612,진정 크림,자사몰,1,45500,N,서울,50대이상,여
C1361,2026-03-04,2026-04-10,A260410-13612,수분 세럼,자사몰,2,84400,N,서울,50대이상,여
C1210,2025-12-05,2026-04-11,A260411-12103,클렌징 밤,자사몰,1,38700,N,서울,20대,남
C1210,2025-12-05,2026-04-11,A260411-12103,수분 세럼,자사몰,1,48600,Y,서울,20대,남
C1210,2025-12-05,2026-04-11,A260411-12103,진정 크림,네이버스토어,1,58100,N,서울,20대,남
C1234,2026-03-10,2026-04-11,A260411-12342,수분 세럼,자사몰,1,37300,Y,기타,40대,여
C1265,2026-02-09,2026-04-11,A260411-12652,진정 크림,자사몰,2,77200,Y,기타,30대,여
C1305,2026-01-04,2026-04-11,A260411-13052,수분 세럼,쿠팡,1,42600,N,경기,30대,여
C1347,2025-12-26,2026-04-11,A260411-13473,진정 크림,자사몰,1,37900,Y,대구,30대,여
C1347,2025-12-26,2026-04-11,A260411-13473,수분 세럼,자사몰,1,39200,N,대구,30대,여
C1347,2025-12-26,2026-04-11,A260411-13473,진정 크림,자사몰,1,37900,Y,대구,30대,여
C1430,2026-04-03,2026-04-11,A260411-14301,수분 세럼,자사몰,1,37400,N,서울,20대,여
C1013,2025-08-09,2026-04-12,A260412-10134,수분 세럼,자사몰,2,127100,N,대전,40대,여
C1094,2025-09-06,2026-04-12,A260412-10944,수분 세럼,쿠팡,2,92700,N,인천,50대이상,여
C1128,2025-11-10,2026-04-12,A260412-11283,진정 크림,자사몰,2,104600,N,서울,30대,여
C1175,2026-02-16,2026-04-12,A260412-11752,수분 세럼,자사몰,3,163700,N,대구,20대,여
C1175,2026-02-16,2026-04-12,A260412-11752,진정 크림,쿠팡,1,58800,N,대구,20대,여
C1196,2025-09-14,2026-04-12,A260412-11964,진정 크림,자사몰,1,55200,N,경기,20대,남
C1211,2026-04-07,2026-04-12,A260412-12111,수분 세럼,네이버스토어,1,41900,N,대전,40대,남
C1226,2026-02-19,2026-04-12,A260412-12263,진정 크림,네이버스토어,1,49000,N,대구,30대,여
C1226,2026-02-19,2026-04-12,A260412-12263,수분 세럼,쿠팡,1,45500,N,대구,30대,여
C1279,2026-04-06,2026-04-12,A260412-12791,진정 크림,자사몰,1,39900,Y,광주,30대,여
C1400,2026-02-20,2026-04-12,A260412-14002,수분 세럼,쿠팡,1,34300,Y,부산,30대,남
C1400,2026-02-20,2026-04-12,A260412-14002,수분 세럼,네이버스토어,1,38100,N,부산,30대,남
C1406,2026-02-19,2026-04-12,A260412-14062,수분 세럼,자사몰,2,81400,N,기타,40대,여
C1407,2025-11-10,2026-04-12,A260412-14073,클렌징 밤,쿠팡,1,27800,N,기타,40대,여
C1407,2025-11-10,2026-04-12,A260412-14073,진정 크림,자사몰,1,41700,N,기타,40대,여
C1443,2026-01-09,2026-04-12,A260412-14433,진정 크림,자사몰,1,38500,N,서울,30대,남
C1443,2026-01-09,2026-04-12,A260412-14433,진정 크림,쿠팡,1,38500,N,서울,30대,남
C1455,2026-03-15,2026-04-12,A260412-14552,수분 세럼,자사몰,1,37500,N,경기,20대,여
C1001,2025-07-09,2026-04-13,A260413-10015,진정 크림,자사몰,1,57600,Y,부산,30대,여
C1001,2025-07-09,2026-04-13,A260413-10015,클렌징 밤,네이버스토어,1,38400,Y,부산,30대,여
C1001,2025-07-09,2026-04-13,A260413-10015,클렌징 밤,쿠팡,2,85300,N,부산,30대,여
C1207,2025-08-13,2026-04-13,A260413-12074,클렌징 밤,자사몰,1,30700,Y,경기,30대,여
C1291,2026-04-10,2026-04-13,A260413-12911,진정 크림,쿠팡,1,38500,N,경기,40대,남
C1292,2026-04-06,2026-04-13,A260413-12921,진정 크림,자사몰,1,43800,N,서울,30대,여
C1384,2026-02-28,2026-04-13,A260413-13843,클렌징 밤,자사몰,1,30600,N,기타,30대,여
C1020,2025-07-01,2026-04-14,A260414-10206,수분 세럼,네이버스토어,2,122000,Y,경기,50대이상,여
C1020,2025-07-01,2026-04-14,A260414-10206,수분 세럼,쿠팡,1,67800,N,경기,50대이상,여
C1020,2025-07-01,2026-04-14,A260414-10206,수분 세럼,자사몰,1,67800,N,경기,50대이상,여
C1041,2025-09-05,2026-04-14,A260414-10416,클렌징 밤,자사몰,2,94900,N,경남,50대이상,여
C1177,2025-09-15,2026-04-14,A260414-11774,클렌징 밤,자사몰,1,38100,N,경기,40대,남
C1264,2026-04-08,2026-04-14,A260414-12641,진정 크림,네이버스토어,2,82200,N,서울,50대이상,여
C1322,2026-04-09,2026-04-14,A260414-13221,수분 세럼,자사몰,3,123400,Y,충남,40대,여
C1345,2025-12-06,2026-04-14,A260414-13453,수분 세럼,자사몰,1,32100,Y,충남,30대,여
C1345,2025-12-06,2026-04-14,A260414-13453,수분 세럼,쿠팡,1,32100,Y,충남,30대,여
C1355,2026-03-17,2026-04-14,A260414-13552,수분 세럼,쿠팡,1,37900,N,경기,30대,여
C1355,2026-03-17,2026-04-14,A260414-13552,진정 크림,쿠팡,2,81600,N,경기,30대,여
C1424,2025-11-01,2026-04-14,A260414-14243,수분 세럼,자사몰,1,38300,N,부산,40대,남
C1215,2025-10-31,2026-04-15,A260415-12153,수분 세럼,자사몰,1,38100,N,경기,30대,여
C1318,2026-02-24,2026-04-15,A260415-13182,클렌징 밤,자사몰,1,32200,N,서울,40대,남
C1364,2026-04-10,2026-04-15,A260415-13641,진정 크림,쿠팡,1,50000,N,부산,20대,여
C1456,2026-01-30,2026-04-15,A260415-14563,수분 세럼,자사몰,1,43100,N,경남,50대이상,여
C1456,2026-01-30,2026-04-15,A260415-14563,진정 크림,자사몰,1,46500,N,경남,50대이상,여
C1456,2026-01-30,2026-04-15,A260415-14563,수분 세럼,자사몰,1,38800,Y,경남,50대이상,여
C1057,2025-07-31,2026-04-16,A260416-10575,진정 크림,쿠팡,3,189000,N,인천,30대,여
C1121,2025-10-10,2026-04-16,A260416-11214,진정 크림,자사몰,1,44200,Y,대전,20대,여
C1138,2025-12-16,2026-04-16,A260416-11384,진정 크림,자사몰,1,50800,N,기타,40대,여
C1201,2025-10-05,2026-04-16,A260416-12014,수분 세럼,네이버스토어,1,49200,N,경남,20대,여
C1271,2026-01-13,2026-04-16,A260416-12712,클렌징 밤,자사몰,1,24700,Y,대전,30대,여
C1271,2026-01-13,2026-04-16,A260416-12712,클렌징 밤,자사몰,2,49300,Y,대전,30대,여
C1413,2026-02-19,2026-04-16,A260416-14132,클렌징 밤,네이버스토어,2,66700,N,경기,20대,여
C1413,2026-02-19,2026-04-16,A260416-14132,수분 세럼,자사몰,1,41800,Y,경기,20대,여
C1413,2026-02-19,2026-04-16,A260416-14132,수분 세럼,네이버스토어,1,41800,Y,경기,20대,여
C1453,2025-12-08,2026-04-16,A260416-14533,진정 크림,쿠팡,1,40400,N,서울,30대,여
C1110,2025-10-22,2026-04-17,A260417-11103,수분 세럼,쿠팡,1,52600,N,경기,50대이상,여
C1126,2025-11-27,2026-04-17,A260417-11263,수분 세럼,네이버스토어,1,52400,N,서울,30대,여
C1260,2026-01-01,2026-04-17,A260417-12603,수분 세럼,자사몰,2,82800,N,서울,30대,여
C1285,2026-04-05,2026-04-17,A260417-12851,수분 세럼,자사몰,2,88200,N,대구,20대,여
C1306,2026-01-12,2026-04-17,A260417-13062,수분 세럼,자사몰,1,40200,Y,경남,30대,여
C1414,2026-03-25,2026-04-17,A260417-14142,수분 세럼,자사몰,2,69500,Y,경기,30대,여
C1414,2026-03-25,2026-04-17,A260417-14142,수분 세럼,네이버스토어,3,115800,N,경기,30대,여
C1449,2026-01-02,2026-04-17,A260417-14493,진정 크림,자사몰,1,41600,N,충남,30대,여
C1452,2025-11-25,2026-04-17,A260417-14523,수분 세럼,자사몰,1,39000,N,경기,20대,여
C1452,2025-11-25,2026-04-17,A260417-14523,진정 크림,쿠팡,1,42100,N,경기,20대,여
C1452,2025-11-25,2026-04-17,A260417-14523,클렌징 밤,자사몰,2,56100,N,경기,20대,여
C1015,2025-08-15,2026-04-18,A260418-10156,수분 세럼,쿠팡,1,67500,N,광주,50대이상,여
C1031,2025-07-03,2026-04-18,A260418-10316,수분 세럼,쿠팡,1,63600,Y,대구,30대,여
C1067,2025-07-01,2026-04-18,A260418-10678,수분 세럼,자사몰,1,67900,N,서울,40대,여
C1067,2025-07-01,2026-04-18,A260418-10678,수분 세럼,네이버스토어,1,67900,N,서울,40대,여
C1067,2025-07-01,2026-04-18,A260418-10678,수분 세럼,자사몰,1,67900,N,서울,40대,여
C1081,2025-08-08,2026-04-18,A260418-10815,수분 세럼,자사몰,1,43000,Y,서울,40대,여
C1099,2025-12-24,2026-04-18,A260418-10993,진정 크림,자사몰,1,51700,N,경남,30대,여
C1099,2025-12-24,2026-04-18,A260418-10993,수분 세럼,자사몰,2,96100,N,경남,30대,여
C1127,2025-11-07,2026-04-18,A260418-11275,수분 세럼,자사몰,2,105300,N,경기,30대,여
C1199,2025-10-19,2026-04-18,A260418-11994,수분 세럼,자사몰,1,42400,Y,서울,40대,여
C1199,2025-10-19,2026-04-18,A260418-11994,수분 세럼,자사몰,2,94200,N,서울,40대,여
C1374,2026-04-09,2026-04-18,A260418-13741,클렌징 밤,자사몰,1,27700,Y,서울,30대,남
C1421,2026-01-22,2026-04-18,A260418-14212,진정 크림,자사몰,1,42700,Y,광주,20대,남
C1421,2026-01-22,2026-04-18,A260418-14212,수분 세럼,자사몰,1,44100,N,광주,20대,남
C1436,2026-04-06,2026-04-18,A260418-14361,진정 크림,네이버스토어,1,37900,Y,서울,40대,여
C1008,2025-10-15,2026-04-19,A260419-10086,수분 세럼,쿠팡,1,67900,N,부산,40대,남
C1059,2025-07-05,2026-04-19,A260419-10595,수분 세럼,쿠팡,1,70400,N,경기,20대,여
C1059,2025-07-05,2026-04-19,A260419-10595,클렌징 밤,자사몰,1,45500,Y,경기,20대,여
C1307,2026-01-27,2026-04-19,A260419-13072,클렌징 밤,네이버스토어,1,28800,N,기타,40대,여
C1311,2026-01-16,2026-04-19,A260419-13112,수분 세럼,자사몰,1,36000,N,경기,40대,여
C1316,2026-03-21,2026-04-19,A260419-13162,수분 세럼,자사몰,2,73800,N,서울,20대,여
C1316,2026-03-21,2026-04-19,A260419-13162,클렌징 밤,네이버스토어,1,23900,Y,서울,20대,여
C1316,2026-03-21,2026-04-19,A260419-13162,수분 세럼,쿠팡,3,110800,N,서울,20대,여
C1373,2026-01-03,2026-04-19,A260419-13733,진정 크림,쿠팡,2,80800,N,서울,30대,여
C1373,2026-01-03,2026-04-19,A260419-13733,수분 세럼,쿠팡,1,37500,N,서울,30대,여
C1418,2025-11-26,2026-04-19,A260419-14183,수분 세럼,네이버스토어,1,46500,N,인천,40대,남
C1418,2025-11-26,2026-04-19,A260419-14183,수분 세럼,네이버스토어,1,41800,Y,인천,40대,남
C1427,2026-02-02,2026-04-19,A260419-14272,수분 세럼,자사몰,1,35400,Y,서울,40대,여
C1004,2025-08-11,2026-04-20,A260420-10046,진정 크림,쿠팡,1,72000,N,서울,40대,여
C1004,2025-08-11,2026-04-20,A260420-10046,수분 세럼,쿠팡,1,66800,N,서울,40대,여
C1011,2025-09-20,2026-04-20,A260420-10115,수분 세럼,쿠팡,2,140600,N,광주,40대,남
C1011,2025-09-20,2026-04-20,A260420-10115,진정 크림,자사몰,3,227000,N,광주,40대,남
C1112,2025-09-11,2026-04-20,A260420-11125,진정 크림,자사몰,1,41800,Y,부산,30대,여
C1150,2025-11-15,2026-04-20,A260420-11504,진정 크림,자사몰,1,58200,N,서울,40대,여
C1180,2025-11-28,2026-04-20,A260420-11803,클렌징 밤,자사몰,1,30900,N,경기,30대,여
C1180,2025-11-28,2026-04-20,A260420-11803,수분 세럼,자사몰,1,43100,N,경기,30대,여
C1195,2025-11-15,2026-04-20,A260420-11955,수분 세럼,자사몰,2,89300,Y,인천,40대,여
C1195,2025-11-15,2026-04-20,A260420-11955,수분 세럼,쿠팡,1,49600,N,인천,40대,여
C1233,2025-12-21,2026-04-20,A260420-12333,진정 크림,쿠팡,1,39100,Y,광주,30대,여
C1252,2025-12-12,2026-04-20,A260420-12523,수분 세럼,쿠팡,2,84300,N,광주,50대이상,여
C1252,2025-12-12,2026-04-20,A260420-12523,수분 세럼,자사몰,1,42200,N,광주,50대이상,여
C1270,2025-10-28,2026-04-20,A260420-12703,클렌징 밤,네이버스토어,1,24500,Y,대구,40대,남
C1270,2025-10-28,2026-04-20,A260420-12703,수분 세럼,자사몰,1,37900,N,대구,40대,남
C1296,2026-02-03,2026-04-20,A260420-12963,수분 세럼,쿠팡,1,40000,Y,경기,20대,여
C1296,2026-02-03,2026-04-20,A260420-12963,수분 세럼,자사몰,1,44500,N,경기,20대,여
C1296,2026-02-03,2026-04-20,A260420-12963,수분 세럼,자사몰,1,44500,N,경기,20대,여
C1433,2025-12-12,2026-04-20,A260420-14333,진정 크림,쿠팡,1,36400,Y,서울,30대,여
C1433,2025-12-12,2026-04-20,A260420-14333,클렌징 밤,자사몰,1,27000,N,서울,30대,여
C1054,2025-08-07,2026-04-21,A260421-10544,진정 크림,네이버스토어,1,69600,N,서울,30대,여
C1054,2025-08-07,2026-04-21,A260421-10544,수분 세럼,자사몰,1,64600,N,서울,30대,여
C1064,2025-08-29,2026-04-21,A260421-10646,수분 세럼,자사몰,1,69700,N,경기,40대,남
C1064,2025-08-29,2026-04-21,A260421-10646,진정 크림,자사몰,2,150100,N,경기,40대,남
C1079,2025-08-16,2026-04-21,A260421-10794,수분 세럼,자사몰,1,40100,Y,경기,20대,여
C1148,2025-11-22,2026-04-21,A260421-11484,클렌징 밤,자사몰,1,29300,Y,서울,30대,여
C1148,2025-11-22,2026-04-21,A260421-11484,진정 크림,쿠팡,2,87900,Y,서울,30대,여
C1179,2025-08-08,2026-04-21,A260421-11795,진정 크림,자사몰,1,49700,N,인천,30대,여
C1179,2025-08-08,2026-04-21,A260421-11795,클렌징 밤,네이버스토어,1,33100,N,인천,30대,여
C1179,2025-08-08,2026-04-21,A260421-11795,진정 크림,네이버스토어,1,49700,N,인천,30대,여
C1257,2026-02-27,2026-04-21,A260421-12572,수분 세럼,쿠팡,1,37700,Y,서울,40대,여
C1257,2026-02-27,2026-04-21,A260421-12572,수분 세럼,자사몰,1,41900,N,서울,40대,여
C1278,2026-01-21,2026-04-21,A260421-12782,수분 세럼,자사몰,1,45500,N,서울,20대,남
C1278,2026-01-21,2026-04-21,A260421-12782,수분 세럼,자사몰,1,40900,Y,서울,20대,남
C1284,2026-01-15,2026-04-21,A260421-12842,수분 세럼,쿠팡,1,36200,N,경기,30대,여
C1439,2026-02-04,2026-04-21,A260421-14392,수분 세럼,자사몰,1,35300,N,경기,30대,여
C1250,2026-03-18,2026-04-22,A260422-12502,수분 세럼,자사몰,3,108700,N,서울,20대,여
C1358,2026-02-25,2026-04-22,A260422-13582,진정 크림,자사몰,1,37200,Y,서울,30대,여
C1358,2026-02-25,2026-04-22,A260422-13582,수분 세럼,쿠팡,1,38400,N,서울,30대,여
C1107,2025-10-14,2026-04-23,A260423-11075,수분 세럼,자사몰,1,51200,N,서울,20대,남
C1114,2026-01-27,2026-04-23,A260423-11143,진정 크림,자사몰,1,56000,N,충남,30대,남
C1114,2026-01-27,2026-04-23,A260423-11143,클렌징 밤,자사몰,1,37400,N,충남,30대,남
C1197,2025-08-16,2026-04-23,A260423-11975,진정 크림,쿠팡,2,93100,Y,서울,20대,여
C1198,2025-10-30,2026-04-23,A260423-11984,수분 세럼,자사몰,2,98100,N,서울,40대,여
C1230,2026-03-12,2026-04-23,A260423-12302,진정 크림,쿠팡,1,45200,N,부산,30대,여
C1230,2026-03-12,2026-04-23,A260423-12302,수분 세럼,자사몰,1,41900,N,부산,30대,여
C1254,2026-04-20,2026-04-23,A260423-12541,수분 세럼,쿠팡,2,73900,N,광주,20대,여
C1378,2026-03-25,2026-04-23,A260423-13782,진정 크림,자사몰,1,39900,Y,서울,30대,여
C1378,2026-03-25,2026-04-23,A260423-13782,수분 세럼,자사몰,1,37000,Y,서울,30대,여
C1399,2026-01-27,2026-04-23,A260423-13992,수분 세럼,네이버스토어,1,45500,N,경기,20대,여
C1399,2026-01-27,2026-04-23,A260423-13992,수분 세럼,자사몰,1,45500,N,경기,20대,여
C1417,2026-02-03,2026-04-23,A260423-14172,진정 크림,자사몰,2,87200,Y,경기,50대이상,남
C1012,2025-07-01,2026-04-24,A260424-10126,수분 세럼,자사몰,2,106300,N,서울,40대,여
C1085,2026-02-21,2026-04-24,A260424-10852,수분 세럼,네이버스토어,1,52000,N,대전,30대,여
C1103,2025-10-09,2026-04-24,A260424-11034,수분 세럼,네이버스토어,2,94100,Y,기타,40대,남
C1103,2025-10-09,2026-04-24,A260424-11034,클렌징 밤,자사몰,1,37500,N,기타,40대,남
C1103,2025-10-09,2026-04-24,A260424-11034,수분 세럼,쿠팡,1,52300,N,기타,40대,남
C1337,2026-02-05,2026-04-24,A260424-13372,진정 크림,자사몰,1,43100,N,경기,30대,여
C1337,2026-02-05,2026-04-24,A260424-13372,수분 세럼,자사몰,1,40100,N,경기,30대,여
C1356,2026-03-26,2026-04-24,A260424-13562,클렌징 밤,쿠팡,2,57700,N,대구,20대,남
C1356,2026-03-26,2026-04-24,A260424-13562,수분 세럼,자사몰,1,36200,Y,대구,20대,남
C1379,2025-12-22,2026-04-24,A260424-13793,진정 크림,자사몰,1,45500,N,인천,50대이상,여
C1390,2026-01-30,2026-04-24,A260424-13902,수분 세럼,자사몰,3,113700,N,서울,20대,여
C1390,2026-01-30,2026-04-24,A260424-13902,진정 크림,쿠팡,1,36700,Y,서울,20대,여
C1056,2025-08-03,2026-04-25,A260425-10566,수분 세럼,자사몰,1,61500,N,서울,30대,여
C1075,2025-07-08,2026-04-25,A260425-10755,수분 세럼,자사몰,2,94500,N,경기,20대,남
C1075,2025-07-08,2026-04-25,A260425-10755,수분 세럼,쿠팡,2,85100,Y,경기,20대,남
C1115,2026-02-22,2026-04-25,A260425-11153,진정 크림,자사몰,2,105000,N,서울,20대,남
C1115,2026-02-22,2026-04-25,A260425-11153,수분 세럼,쿠팡,1,48700,N,서울,20대,남
C1241,2026-03-11,2026-04-25,A260425-12412,수분 세럼,쿠팡,1,44500,N,경기,50대이상,여
C1272,2025-12-04,2026-04-25,A260425-12723,클렌징 밤,자사몰,1,30200,N,서울,30대,여
C1272,2025-12-04,2026-04-25,A260425-12723,수분 세럼,쿠팡,1,42100,N,서울,30대,여
C1272,2025-12-04,2026-04-25,A260425-12723,클렌징 밤,자사몰,1,27200,Y,서울,30대,여
C1331,2026-02-01,2026-04-25,A260425-13312,클렌징 밤,자사몰,1,27600,Y,경기,30대,여
C1331,2026-02-01,2026-04-25,A260425-13312,클렌징 밤,자사몰,1,30700,N,경기,30대,여
C1382,2026-03-22,2026-04-25,A260425-13822,수분 세럼,자사몰,1,41200,N,경기,30대,여
C1387,2026-03-25,2026-04-25,A260425-13872,수분 세럼,자사몰,1,40600,Y,대구,30대,여
C1387,2026-03-25,2026-04-25,A260425-13872,클렌징 밤,쿠팡,1,32400,N,대구,30대,여
C1125,2025-12-29,2026-04-26,A260426-11253,클렌징 밤,자사몰,2,63900,Y,인천,40대,남
C1125,2025-12-29,2026-04-26,A260426-11253,진정 크림,자사몰,1,53200,N,인천,40대,남
C1248,2026-01-30,2026-04-26,A260426-12482,진정 크림,쿠팡,1,48600,N,경기,20대,여
C1267,2026-04-18,2026-04-26,A260426-12671,클렌징 밤,쿠팡,3,82200,N,서울,30대,여
C1280,2026-01-27,2026-04-26,A260426-12802,진정 크림,쿠팡,1,36500,Y,서울,20대,여
C1299,2026-01-18,2026-04-26,A260426-12993,클렌징 밤,자사몰,1,30500,N,서울,50대이상,여
C1299,2026-01-18,2026-04-26,A260426-12993,클렌징 밤,자사몰,1,30500,N,서울,50대이상,여
C1299,2026-01-18,2026-04-26,A260426-12993,클렌징 밤,쿠팡,1,27400,Y,서울,50대이상,여
C1042,2025-09-07,2026-04-27,A260427-10426,진정 크림,자사몰,2,114600,N,대구,50대이상,여
C1096,2025-11-02,2026-04-27,A260427-10964,수분 세럼,자사몰,1,41500,Y,경남,30대,여
C1239,2026-03-13,2026-04-27,A260427-12392,진정 크림,쿠팡,2,89900,N,경기,40대,여
C1261,2026-01-09,2026-04-27,A260427-12613,수분 세럼,네이버스토어,1,42600,N,광주,30대,여
C1339,2025-11-23,2026-04-27,A260427-13393,클렌징 밤,네이버스토어,1,29000,Y,서울,40대,여
C1359,2026-03-27,2026-04-27,A260427-13592,클렌징 밤,자사몰,3,81300,N,경기,30대,남
C1359,2026-03-27,2026-04-27,A260427-13592,수분 세럼,자사몰,1,37700,N,경기,30대,남
C1404,2026-04-03,2026-04-27,A260427-14042,클렌징 밤,자사몰,1,30400,N,부산,30대,여
C1404,2026-04-03,2026-04-27,A260427-14042,진정 크림,자사몰,1,45600,N,부산,30대,여
C1416,2025-11-18,2026-04-27,A260427-14163,클렌징 밤,자사몰,1,28800,Y,서울,20대,여
C1073,2026-02-05,2026-04-28,A260428-10733,진정 크림,자사몰,1,52700,Y,인천,30대,여
C1073,2026-02-05,2026-04-28,A260428-10733,수분 세럼,네이버스토어,1,48900,Y,인천,30대,여
C1093,2025-11-15,2026-04-28,A260428-10934,수분 세럼,쿠팡,1,44900,N,경남,20대,여
C1093,2025-11-15,2026-04-28,A260428-10934,진정 크림,쿠팡,1,48300,N,경남,20대,여
C1093,2025-11-15,2026-04-28,A260428-10934,수분 세럼,쿠팡,1,44900,N,경남,20대,여
C1095,2025-10-23,2026-04-28,A260428-10955,진정 크림,자사몰,1,52700,Y,인천,20대,여
C1277,2026-04-21,2026-04-28,A260428-12771,수분 세럼,자사몰,1,43300,N,경남,20대,여
C1281,2026-02-07,2026-04-28,A260428-12813,수분 세럼,쿠팡,1,42800,N,인천,40대,여
C1281,2026-02-07,2026-04-28,A260428-12813,진정 크림,자사몰,1,46100,N,인천,40대,여
C1298,2026-01-21,2026-04-28,A260428-12982,클렌징 밤,자사몰,2,47100,Y,서울,40대,남
C1314,2026-04-18,2026-04-28,A260428-13141,수분 세럼,네이버스토어,1,40100,N,대전,40대,여
C1328,2025-12-11,2026-04-28,A260428-13283,수분 세럼,네이버스토어,1,42900,N,경기,20대,여
C1328,2025-12-11,2026-04-28,A260428-13283,수분 세럼,자사몰,2,85800,N,경기,20대,여
C1328,2025-12-11,2026-04-28,A260428-13283,클렌징 밤,자사몰,2,55500,Y,경기,20대,여
C1371,2025-10-31,2026-04-28,A260428-13713,클렌징 밤,자사몰,1,32700,N,광주,30대,여
C1371,2025-10-31,2026-04-28,A260428-13713,수분 세럼,자사몰,1,41000,Y,광주,30대,여
C1371,2025-10-31,2026-04-28,A260428-13713,클렌징 밤,자사몰,2,65400,N,광주,30대,여
C1442,2026-04-28,2026-04-28,A260428-14421,클렌징 밤,쿠팡,1,25900,N,부산,30대,여
C1040,2025-07-04,2026-04-29,A260429-10406,진정 크림,자사몰,1,63800,Y,대구,50대이상,여
C1040,2025-07-04,2026-04-29,A260429-10406,진정 크림,네이버스토어,2,127500,Y,대구,50대이상,여
C1040,2025-07-04,2026-04-29,A260429-10406,수분 세럼,네이버스토어,1,65800,N,대구,50대이상,여
C1061,2025-08-27,2026-04-29,A260429-10614,수분 세럼,네이버스토어,1,64800,Y,경기,30대,남
C1153,2026-02-23,2026-04-29,A260429-11533,수분 세럼,쿠팡,1,45900,N,경기,30대,여
C1153,2026-02-23,2026-04-29,A260429-11533,수분 세럼,쿠팡,3,124000,Y,경기,30대,여
C1312,2025-12-07,2026-04-29,A260429-13123,수분 세럼,자사몰,1,32700,Y,대전,40대,여
C1323,2025-12-07,2026-04-29,A260429-13233,진정 크림,쿠팡,2,72400,Y,서울,50대이상,여
C1372,2026-04-24,2026-04-29,A260429-13721,수분 세럼,쿠팡,2,71100,Y,서울,30대,여
C1397,2026-03-12,2026-04-29,A260429-13972,수분 세럼,자사몰,1,44600,N,경기,30대,여
C1397,2026-03-12,2026-04-29,A260429-13972,수분 세럼,자사몰,1,44600,N,경기,30대,여
C1068,2025-07-06,2026-04-30,A260430-10687,수분 세럼,자사몰,1,54900,N,대구,20대,여
C1204,2025-12-25,2026-04-30,A260430-12043,수분 세럼,쿠팡,2,100900,N,서울,40대,여
C1330,2026-02-25,2026-04-30,A260430-13302,진정 크림,쿠팡,2,68500,Y,경기,50대이상,여
C1346,2026-01-27,2026-04-30,A260430-13463,수분 세럼,자사몰,1,38100,N,서울,20대,여
C1346,2026-01-27,2026-04-30,A260430-13463,수분 세럼,자사몰,1,34300,Y,서울,20대,여
C1444,2025-12-09,2026-04-30,A260430-14443,진정 크림,자사몰,1,45300,Y,경기,20대,여
C1117,2025-12-02,2026-05-01,A260501-11174,클렌징 밤,자사몰,1,31500,Y,서울,40대,여
C1117,2025-12-02,2026-05-01,A260501-11174,수분 세럼,자사몰,1,48700,N,서울,40대,여
C1117,2025-12-02,2026-05-01,A260501-11174,클렌징 밤,쿠팡,2,70000,N,서울,40대,여
C1175,2026-02-16,2026-05-01,A260501-11753,진정 크림,자사몰,1,52900,Y,대구,20대,여
C1181,2025-09-22,2026-05-01,A260501-11815,진정 크림,자사몰,1,41700,Y,경기,50대이상,여
C1181,2025-09-22,2026-05-01,A260501-11815,클렌징 밤,네이버스토어,3,92700,N,경기,50대이상,여
C1395,2026-03-27,2026-05-01,A260501-13952,수분 세럼,자사몰,1,32600,Y,서울,30대,여
C1395,2026-03-27,2026-05-01,A260501-13952,수분 세럼,쿠팡,1,36300,N,서울,30대,여
C1395,2026-03-27,2026-05-01,A260501-13952,클렌징 밤,네이버스토어,1,23400,Y,서울,30대,여
C1410,2026-02-11,2026-05-01,A260501-14102,수분 세럼,자사몰,1,39600,N,경기,40대,여
C1410,2026-02-11,2026-05-01,A260501-14102,진정 크림,자사몰,1,38400,Y,경기,40대,여
C1410,2026-02-11,2026-05-01,A260501-14102,수분 세럼,자사몰,1,39600,N,경기,40대,여
C1188,2026-02-10,2026-05-02,A260502-11883,클렌징 밤,자사몰,1,29700,Y,서울,30대,여
C1205,2025-10-10,2026-05-02,A260502-12054,클렌징 밤,네이버스토어,2,65900,Y,서울,20대,여
C1205,2025-10-10,2026-05-02,A260502-12054,수분 세럼,쿠팡,1,51000,N,서울,20대,여
C1262,2026-04-29,2026-05-02,A260502-12621,수분 세럼,자사몰,3,119500,Y,경기,20대,남
C1344,2026-03-10,2026-05-02,A260502-13442,수분 세럼,자사몰,1,38100,Y,대구,30대,여
C1369,2026-02-20,2026-05-02,A260502-13692,진정 크림,자사몰,1,50000,N,경기,30대,여
C1369,2026-02-20,2026-05-02,A260502-13692,진정 크림,자사몰,2,100100,N,경기,30대,여
C1431,2026-04-28,2026-05-02,A260502-14311,클렌징 밤,네이버스토어,1,30900,N,서울,40대,남
C1437,2026-04-22,2026-05-02,A260502-14371,진정 크림,자사몰,1,46900,N,서울,30대,여
C1050,2025-07-11,2026-05-03,A260503-10506,수분 세럼,쿠팡,1,56400,N,서울,30대,여
C1089,2025-11-14,2026-05-03,A260503-10895,진정 크림,네이버스토어,1,55000,N,광주,50대이상,여
C1161,2026-01-22,2026-05-03,A260503-11613,수분 세럼,자사몰,1,52700,N,인천,30대,여
C1161,2026-01-22,2026-05-03,A260503-11613,수분 세럼,자사몰,3,158200,N,인천,30대,여
C1190,2025-11-22,2026-05-03,A260503-11905,수분 세럼,쿠팡,1,45900,Y,경기,40대,여
C1221,2026-03-17,2026-05-03,A260503-12212,수분 세럼,자사몰,2,74000,Y,서울,20대,여
C1221,2026-03-17,2026-05-03,A260503-12212,진정 크림,자사몰,1,44300,N,서울,20대,여
C1243,2026-02-05,2026-05-03,A260503-12432,진정 크림,네이버스토어,1,42800,N,서울,30대,여
C1243,2026-02-05,2026-05-03,A260503-12432,진정 크림,자사몰,2,85600,N,서울,30대,여
C1245,2026-03-11,2026-05-03,A260503-12452,진정 크림,자사몰,3,144200,N,인천,40대,여
C1335,2026-02-10,2026-05-03,A260503-13352,수분 세럼,자사몰,1,40200,Y,서울,40대,남
C1425,2026-04-23,2026-05-03,A260503-14251,진정 크림,쿠팡,1,37700,Y,대전,30대,여
C1025,2025-07-19,2026-05-04,A260504-10258,수분 세럼,쿠팡,1,56000,N,서울,30대,여
C1025,2025-07-19,2026-05-04,A260504-10258,수분 세럼,네이버스토어,1,56000,N,서울,30대,여
C1046,2025-07-09,2026-05-04,A260504-10466,진정 크림,자사몰,1,57900,N,인천,30대,여
C1046,2025-07-09,2026-05-04,A260504-10466,수분 세럼,쿠팡,3,161400,N,인천,30대,여
C1184,2025-12-09,2026-05-04,A260504-11843,진정 크림,자사몰,2,102000,N,서울,20대,여
C1184,2025-12-09,2026-05-04,A260504-11843,수분 세럼,자사몰,1,47400,N,서울,20대,여
C1229,2025-12-22,2026-05-04,A260504-12293,수분 세럼,쿠팡,1,41200,N,서울,50대이상,여
C1246,2026-02-28,2026-05-04,A260504-12462,클렌징 밤,자사몰,1,30500,N,경기,30대,여
C1289,2025-12-27,2026-05-04,A260504-12893,진정 크림,쿠팡,1,42800,N,대전,40대,여
C1336,2026-04-22,2026-05-04,A260504-13361,수분 세럼,네이버스토어,1,39500,Y,대구,20대,여
C1362,2026-03-01,2026-05-04,A260504-13622,수분 세럼,자사몰,1,37800,N,광주,30대,여
C1370,2026-03-14,2026-05-04,A260504-13702,진정 크림,자사몰,1,48600,N,인천,40대,여
C1370,2026-03-14,2026-05-04,A260504-13702,수분 세럼,자사몰,1,40600,Y,인천,40대,여
C1454,2026-03-13,2026-05-04,A260504-14542,수분 세럼,자사몰,1,37500,N,부산,30대,여
C1454,2026-03-13,2026-05-04,A260504-14542,진정 크림,쿠팡,1,40300,N,부산,30대,여
C1018,2025-07-26,2026-05-05,A260505-10186,클렌징 밤,쿠팡,1,47500,N,서울,20대,여
C1018,2025-07-26,2026-05-05,A260505-10186,클렌징 밤,자사몰,3,142400,N,서울,20대,여
C1222,2026-01-28,2026-05-05,A260505-12222,클렌징 밤,쿠팡,1,28200,N,경기,30대,여
C1349,2026-01-22,2026-05-05,A260505-13493,클렌징 밤,자사몰,2,57400,N,경기,20대,여
C1349,2026-01-22,2026-05-05,A260505-13493,수분 세럼,쿠팡,1,36000,Y,경기,20대,여
C1349,2026-01-22,2026-05-05,A260505-13493,진정 크림,쿠팡,1,38700,Y,경기,20대,여
C1393,2026-01-22,2026-05-05,A260505-13932,진정 크림,자사몰,1,42600,N,대전,50대이상,여
C1023,2025-07-01,2026-05-06,A260506-10238,수분 세럼,자사몰,1,51500,Y,서울,40대,여
C1152,2025-09-29,2026-05-06,A260506-11524,클렌징 밤,자사몰,1,31500,N,기타,40대,여
C1152,2025-09-29,2026-05-06,A260506-11524,수분 세럼,자사몰,1,39500,Y,기타,40대,여
C1264,2026-04-08,2026-05-06,A260506-12642,클렌징 밤,자사몰,1,27400,N,서울,50대이상,여
C1264,2026-04-08,2026-05-06,A260506-12642,수분 세럼,자사몰,2,68700,Y,서울,50대이상,여
C1303,2026-02-01,2026-05-06,A260506-13033,수분 세럼,자사몰,1,35200,N,기타,40대,여
C1303,2026-02-01,2026-05-06,A260506-13033,수분 세럼,네이버스토어,2,63300,Y,기타,40대,여
C1303,2026-02-01,2026-05-06,A260506-13033,수분 세럼,자사몰,1,31700,Y,기타,40대,여
C1319,2026-02-18,2026-05-06,A260506-13192,수분 세럼,네이버스토어,1,41400,N,인천,20대,여
C1319,2026-02-18,2026-05-06,A260506-13192,수분 세럼,자사몰,2,82900,N,인천,20대,여
C1429,2026-02-05,2026-05-06,A260506-14292,클렌징 밤,자사몰,2,58700,N,충남,40대,여
C1429,2026-02-05,2026-05-06,A260506-14292,수분 세럼,네이버스토어,2,81800,N,충남,40대,여
C1022,2025-08-18,2026-05-07,A260507-10225,클렌징 밤,쿠팡,2,95000,N,서울,40대,여
C1022,2025-08-18,2026-05-07,A260507-10225,수분 세럼,자사몰,1,66200,N,서울,40대,여
C1051,2025-07-27,2026-05-07,A260507-10516,진정 크림,자사몰,1,54900,Y,서울,20대,여
C1051,2025-07-27,2026-05-07,A260507-10516,진정 크림,자사몰,2,121900,N,서울,20대,여
C1051,2025-07-27,2026-05-07,A260507-10516,수분 세럼,쿠팡,1,56600,N,서울,20대,여
C1052,2025-07-17,2026-05-07,A260507-10525,진정 크림,쿠팡,1,71900,N,경기,50대이상,여
C1052,2025-07-17,2026-05-07,A260507-10525,진정 크림,자사몰,1,64700,Y,경기,50대이상,여
C1052,2025-07-17,2026-05-07,A260507-10525,수분 세럼,자사몰,1,60100,Y,경기,50대이상,여
C1058,2025-07-11,2026-05-07,A260507-10587,수분 세럼,자사몰,1,64100,N,서울,30대,남
C1097,2026-01-26,2026-05-07,A260507-10973,수분 세럼,네이버스토어,1,53800,N,경기,40대,여
C1140,2026-01-03,2026-05-07,A260507-11404,클렌징 밤,자사몰,1,33500,N,서울,40대,여
C1170,2025-08-20,2026-05-07,A260507-11706,수분 세럼,자사몰,3,150500,N,인천,40대,여
C1186,2025-09-18,2026-05-07,A260507-11865,수분 세럼,자사몰,2,81300,Y,부산,40대,여
C1186,2025-09-18,2026-05-07,A260507-11865,진정 크림,자사몰,2,97300,N,부산,40대,여
C1297,2026-02-18,2026-05-07,A260507-12972,수분 세럼,쿠팡,1,36200,N,경기,30대,여
C1392,2026-02-15,2026-05-07,A260507-13922,진정 크림,자사몰,2,70800,Y,기타,20대,남
C1163,2025-07-28,2026-05-08,A260508-11635,수분 세럼,쿠팡,1,47100,N,대구,40대,여
C1163,2025-07-28,2026-05-08,A260508-11635,진정 크림,자사몰,1,45600,Y,대구,40대,여
C1266,2026-03-25,2026-05-08,A260508-12662,수분 세럼,자사몰,1,40400,N,부산,30대,여
C1302,2026-03-20,2026-05-08,A260508-13022,클렌징 밤,쿠팡,2,65400,N,서울,50대이상,여
C1309,2025-12-25,2026-05-08,A260508-13093,진정 크림,네이버스토어,2,96600,N,서울,50대이상,여
C1309,2025-12-25,2026-05-08,A260508-13093,수분 세럼,쿠팡,1,44900,N,서울,50대이상,여
C1396,2026-03-10,2026-05-08,A260508-13962,클렌징 밤,쿠팡,2,61200,N,경기,20대,여
C1396,2026-03-10,2026-05-08,A260508-13962,수분 세럼,쿠팡,2,85300,N,경기,20대,여
C1396,2026-03-10,2026-05-08,A260508-13962,클렌징 밤,자사몰,1,27600,Y,경기,20대,여
C1081,2025-08-08,2026-05-09,A260509-10816,수분 세럼,자사몰,1,47700,N,서울,40대,여
C1087,2025-09-01,2026-05-09,A260509-10876,진정 크림,자사몰,3,152600,Y,서울,40대,여
C1109,2025-09-19,2026-05-09,A260509-11094,수분 세럼,네이버스토어,1,49300,N,서울,30대,여
C1157,2025-07-04,2026-05-09,A260509-11575,클렌징 밤,자사몰,1,33300,Y,경기,50대이상,여
C1191,2026-02-03,2026-05-09,A260509-11913,진정 크림,자사몰,1,45200,Y,서울,30대,여
C1191,2026-02-03,2026-05-09,A260509-11913,진정 크림,자사몰,2,100400,N,서울,30대,여
C1200,2025-09-09,2026-05-09,A260509-12004,진정 크림,네이버스토어,3,161800,N,경기,30대,여
C1200,2025-09-09,2026-05-09,A260509-12004,수분 세럼,자사몰,1,45100,Y,경기,30대,여
C1342,2026-03-16,2026-05-09,A260509-13422,수분 세럼,자사몰,1,40800,N,충남,30대,여
C1374,2026-04-09,2026-05-09,A260509-13742,진정 크림,쿠팡,2,83200,Y,서울,30대,남
C1422,2026-05-04,2026-05-09,A260509-14221,수분 세럼,쿠팡,1,43500,N,대전,30대,여
C1428,2026-02-24,2026-05-09,A260509-14282,수분 세럼,자사몰,2,82200,N,서울,20대,여
C1428,2026-02-24,2026-05-09,A260509-14282,진정 크림,자사몰,2,88600,N,서울,20대,여
C1003,2025-07-31,2026-05-10,A260510-10035,진정 크림,쿠팡,1,59300,N,경기,20대,여
C1003,2025-07-31,2026-05-10,A260510-10035,진정 크림,자사몰,2,118600,N,경기,20대,여
C1003,2025-07-31,2026-05-10,A260510-10035,진정 크림,네이버스토어,1,59300,N,경기,20대,여
C1049,2025-08-02,2026-05-10,A260510-10495,진정 크림,자사몰,3,194500,N,경기,20대,남
C1049,2025-08-02,2026-05-10,A260510-10495,수분 세럼,쿠팡,1,54200,Y,경기,20대,남
C1069,2025-09-14,2026-05-10,A260510-10695,진정 크림,쿠팡,2,118600,N,경남,40대,여
C1069,2025-09-14,2026-05-10,A260510-10695,수분 세럼,쿠팡,2,110100,N,경남,40대,여
C1077,2025-10-08,2026-05-10,A260510-10774,진정 크림,네이버스토어,1,54600,N,경남,20대,여
C1195,2025-11-15,2026-05-10,A260510-11956,진정 크림,네이버스토어,1,53400,N,인천,40대,여
C1195,2025-11-15,2026-05-10,A260510-11956,진정 크림,네이버스토어,1,53400,N,인천,40대,여
C1195,2025-11-15,2026-05-10,A260510-11956,진정 크림,자사몰,1,48100,Y,인천,40대,여
C1238,2026-05-06,2026-05-10,A260510-12381,클렌징 밤,쿠팡,1,28300,N,부산,30대,여
C1398,2026-03-04,2026-05-10,A260510-13982,수분 세럼,쿠팡,1,42700,N,대구,30대,여
C1398,2026-03-04,2026-05-10,A260510-13982,진정 크림,쿠팡,2,92000,N,대구,30대,여
C1420,2025-11-18,2026-05-10,A260510-14203,수분 세럼,자사몰,1,37900,N,충남,30대,남
C1083,2025-12-15,2026-05-11,A260511-10834,클렌징 밤,쿠팡,2,78300,N,서울,30대,여
C1088,2025-09-02,2026-05-11,A260511-10884,수분 세럼,자사몰,1,45200,N,인천,50대이상,여
C1088,2025-09-02,2026-05-11,A260511-10884,진정 크림,쿠팡,1,43800,Y,인천,50대이상,여
C1105,2026-02-14,2026-05-11,A260511-11053,수분 세럼,자사몰,1,41200,Y,서울,20대,여
C1105,2026-02-14,2026-05-11,A260511-11053,수분 세럼,쿠팡,2,82400,Y,서울,20대,여
C1118,2025-10-28,2026-05-11,A260511-11185,진정 크림,자사몰,1,57000,N,대구,40대,여
C1118,2025-10-28,2026-05-11,A260511-11185,진정 크림,자사몰,2,114000,N,대구,40대,여
C1137,2026-01-03,2026-05-11,A260511-11373,진정 크림,자사몰,1,57400,N,서울,30대,여
C1259,2026-03-10,2026-05-11,A260511-12592,클렌징 밤,자사몰,1,27700,Y,경기,40대,여
C1315,2026-03-24,2026-05-11,A260511-13152,수분 세럼,쿠팡,1,37900,Y,부산,20대,여
C1399,2026-01-27,2026-05-11,A260511-13993,수분 세럼,네이버스토어,1,45500,N,경기,20대,여
C1150,2025-11-15,2026-05-12,A260512-11505,클렌징 밤,자사몰,1,38800,N,서울,40대,여
C1150,2025-11-15,2026-05-12,A260512-11505,진정 크림,자사몰,1,58200,N,서울,40대,여
C1150,2025-11-15,2026-05-12,A260512-11505,수분 세럼,자사몰,1,54100,N,서울,40대,여
C1227,2026-04-30,2026-05-12,A260512-12271,수분 세럼,쿠팡,1,46800,N,서울,40대,여
C1320,2026-02-21,2026-05-12,A260512-13203,진정 크림,자사몰,2,77200,N,경기,40대,여
C1329,2025-11-12,2026-05-12,A260512-13293,진정 크림,네이버스토어,1,39000,N,대구,30대,여
C1351,2026-01-13,2026-05-12,A260512-13513,수분 세럼,자사몰,1,37600,Y,인천,50대이상,여
C1351,2026-01-13,2026-05-12,A260512-13513,수분 세럼,자사몰,1,41800,N,인천,50대이상,여
C1010,2025-09-03,2026-05-13,A260513-10106,수분 세럼,네이버스토어,2,114800,N,광주,50대이상,여
C1010,2025-09-03,2026-05-13,A260513-10106,진정 크림,쿠팡,1,61800,N,광주,50대이상,여
C1084,2025-12-29,2026-05-13,A260513-10843,진정 크림,쿠팡,2,107400,N,경기,30대,여
C1090,2025-09-01,2026-05-13,A260513-10905,수분 세럼,자사몰,1,54300,N,서울,30대,여
C1142,2025-08-19,2026-05-13,A260513-11425,클렌징 밤,자사몰,1,39100,N,서울,40대,여
C1146,2025-09-24,2026-05-13,A260513-11465,수분 세럼,자사몰,1,44000,N,경기,30대,여
C1159,2025-09-28,2026-05-13,A260513-11595,진정 크림,자사몰,1,54900,N,경기,30대,여
C1185,2025-09-19,2026-05-13,A260513-11854,진정 크림,자사몰,1,50400,N,광주,40대,여
C1232,2026-03-02,2026-05-13,A260513-12322,진정 크림,자사몰,1,36300,Y,경남,50대이상,여
C1285,2026-04-05,2026-05-13,A260513-12852,수분 세럼,자사몰,1,44100,N,대구,20대,여
C1391,2026-02-11,2026-05-13,A260513-13912,수분 세럼,자사몰,2,74700,N,부산,20대,여
C1391,2026-02-11,2026-05-13,A260513-13912,클렌징 밤,쿠팡,1,26800,N,부산,20대,여
C1391,2026-02-11,2026-05-13,A260513-13912,수분 세럼,쿠팡,1,37400,N,부산,20대,여
C1033,2025-07-03,2026-05-14,A260514-10335,수분 세럼,쿠팡,1,54200,N,서울,20대,여
C1033,2025-07-03,2026-05-14,A260514-10335,진정 크림,자사몰,2,116700,N,서울,20대,여
C1033,2025-07-03,2026-05-14,A260514-10335,수분 세럼,자사몰,1,54200,N,서울,20대,여
C1075,2025-07-08,2026-05-14,A260514-10756,진정 크림,쿠팡,2,91600,Y,경기,20대,남
C1092,2025-08-21,2026-05-14,A260514-10925,클렌징 밤,쿠팡,1,36100,N,대전,30대,여
C1162,2025-09-16,2026-05-14,A260514-11624,수분 세럼,자사몰,2,90900,N,서울,20대,남
C1162,2025-09-16,2026-05-14,A260514-11624,수분 세럼,자사몰,1,45500,N,서울,20대,남
C1164,2025-07-23,2026-05-14,A260514-11646,수분 세럼,자사몰,1,48700,N,경기,50대이상,여
C1180,2025-11-28,2026-05-14,A260514-11804,진정 크림,쿠팡,1,46400,N,경기,30대,여
C1180,2025-11-28,2026-05-14,A260514-11804,클렌징 밤,자사몰,2,61900,N,경기,30대,여
C1180,2025-11-28,2026-05-14,A260514-11804,진정 크림,쿠팡,1,46400,N,경기,30대,여
C1218,2025-12-16,2026-05-14,A260514-12183,클렌징 밤,쿠팡,2,60200,Y,경기,30대,남
C1218,2025-12-16,2026-05-14,A260514-12183,클렌징 밤,자사몰,1,33400,N,경기,30대,남
C1218,2025-12-16,2026-05-14,A260514-12183,진정 크림,쿠팡,2,90200,Y,경기,30대,남
C1230,2026-03-12,2026-05-14,A260514-12303,진정 크림,자사몰,1,45200,N,부산,30대,여
C1377,2026-03-02,2026-05-14,A260514-13772,클렌징 밤,쿠팡,2,62400,N,서울,20대,남
C1377,2026-03-02,2026-05-14,A260514-13772,수분 세럼,네이버스토어,1,43500,N,서울,20대,남
C1377,2026-03-02,2026-05-14,A260514-13772,수분 세럼,쿠팡,1,43500,N,서울,20대,남
C1064,2025-08-29,2026-05-15,A260515-10647,수분 세럼,쿠팡,2,139400,N,경기,40대,남
C1064,2025-08-29,2026-05-15,A260515-10647,수분 세럼,자사몰,3,188200,Y,경기,40대,남
C1130,2025-12-14,2026-05-15,A260515-11304,진정 크림,자사몰,2,103100,N,서울,30대,여
C1130,2025-12-14,2026-05-15,A260515-11304,수분 세럼,네이버스토어,1,47800,N,서울,30대,여
C1145,2025-08-26,2026-05-15,A260515-11456,수분 세럼,쿠팡,1,54400,N,서울,20대,여
C1206,2025-10-14,2026-05-15,A260515-12064,수분 세럼,네이버스토어,3,131300,Y,서울,20대,여
C1206,2025-10-14,2026-05-15,A260515-12064,수분 세럼,자사몰,1,48600,N,서울,20대,여
C1206,2025-10-14,2026-05-15,A260515-12064,클렌징 밤,자사몰,1,34900,N,서울,20대,여
C1208,2025-09-01,2026-05-15,A260515-12086,진정 크림,자사몰,1,50100,N,대구,20대,여
C1208,2025-09-01,2026-05-15,A260515-12086,수분 세럼,자사몰,1,41900,Y,대구,20대,여
C1313,2026-02-21,2026-05-15,A260515-13133,수분 세럼,자사몰,1,41000,Y,경기,50대이상,여
C1325,2026-05-09,2026-05-15,A260515-13251,수분 세럼,자사몰,1,42600,N,서울,20대,여
C1390,2026-01-30,2026-05-15,A260515-13903,수분 세럼,자사몰,3,113700,N,서울,20대,여
C1390,2026-01-30,2026-05-15,A260515-13903,수분 세럼,쿠팡,2,75800,N,서울,20대,여
C1390,2026-01-30,2026-05-15,A260515-13903,수분 세럼,자사몰,2,68200,Y,서울,20대,여
C1057,2025-07-31,2026-05-16,A260516-10576,클렌징 밤,자사몰,2,75600,Y,인천,30대,여
C1057,2025-07-31,2026-05-16,A260516-10576,수분 세럼,쿠팡,1,52700,Y,인천,30대,여
C1110,2025-10-22,2026-05-16,A260516-11104,클렌징 밤,쿠팡,2,75500,N,경기,50대이상,여
C1110,2025-10-22,2026-05-16,A260516-11104,수분 세럼,자사몰,1,52600,N,경기,50대이상,여
C1139,2025-12-15,2026-05-16,A260516-11394,수분 세럼,네이버스토어,3,117300,Y,경기,20대,여
C1354,2026-01-24,2026-05-16,A260516-13543,진정 크림,자사몰,1,45500,N,경기,30대,여
C1363,2026-01-28,2026-05-16,A260516-13633,수분 세럼,쿠팡,1,37200,Y,서울,40대,여
C1363,2026-01-28,2026-05-16,A260516-13633,클렌징 밤,쿠팡,1,29700,N,서울,40대,여
C1363,2026-01-28,2026-05-16,A260516-13633,진정 크림,네이버스토어,1,44500,N,서울,40대,여
C1400,2026-02-20,2026-05-16,A260516-14003,수분 세럼,자사몰,3,114300,N,부산,30대,남
C1400,2026-02-20,2026-05-16,A260516-14003,수분 세럼,자사몰,2,68600,Y,부산,30대,남
C1021,2025-07-06,2026-05-17,A260517-10215,클렌징 밤,자사몰,1,41200,N,부산,40대,여
C1032,2025-07-07,2026-05-17,A260517-10327,진정 크림,쿠팡,1,76100,N,부산,30대,남
C1141,2026-01-23,2026-05-17,A260517-11414,진정 크림,자사몰,2,102900,Y,인천,30대,여
C1147,2025-11-05,2026-05-17,A260517-11474,수분 세럼,쿠팡,2,93500,Y,경기,40대,남
C1189,2025-09-13,2026-05-17,A260517-11895,진정 크림,자사몰,1,55400,N,서울,40대,남
C1247,2026-03-13,2026-05-17,A260517-12472,수분 세럼,자사몰,3,136500,N,경기,40대,남
C1247,2026-03-13,2026-05-17,A260517-12472,진정 크림,자사몰,1,49000,N,경기,40대,남
C1341,2026-01-23,2026-05-17,A260517-13413,수분 세럼,쿠팡,2,79500,N,대전,30대,남
C1394,2026-02-15,2026-05-17,A260517-13942,클렌징 밤,자사몰,1,29800,Y,서울,40대,여
C1465,2026-05-13,2026-05-17,A260517-14651,수분 세럼,자사몰,1,42000,N,서울,40대,여
C1497,2026-05-13,2026-05-17,A260517-14971,수분 세럼,자사몰,1,33600,N,대구,50대이상,여
C1536,2026-05-08,2026-05-17,A260517-15361,클렌징 밤,자사몰,1,25800,Y,인천,30대,여
C1559,2026-05-14,2026-05-17,A260517-15591,수분 세럼,자사몰,2,71400,Y,경기,30대,여
C1617,2026-05-05,2026-05-17,A260517-16171,진정 크림,쿠팡,2,73100,Y,대구,30대,여
C1623,2026-05-06,2026-05-17,A260517-16231,진정 크림,자사몰,2,69200,Y,경기,40대,남
C1644,2026-05-13,2026-05-17,A260517-16441,수분 세럼,자사몰,2,68400,Y,대전,30대,남
C1650,2026-05-16,2026-05-17,A260517-16501,수분 세럼,쿠팡,1,33500,Y,인천,30대,여
C1651,2026-05-14,2026-05-17,A260517-16511,클렌징 밤,자사몰,2,58300,N,서울,30대,여
C1080,2025-09-04,2026-05-18,A260518-10806,수분 세럼,자사몰,1,45300,N,서울,20대,여
C1080,2025-09-04,2026-05-18,A260518-10806,진정 크림,네이버스토어,1,43900,Y,서울,20대,여
C1166,2025-08-13,2026-05-18,A260518-11665,클렌징 밤,자사몰,1,34500,N,경기,30대,남
C1244,2026-03-18,2026-05-18,A260518-12442,수분 세럼,자사몰,3,115200,N,경기,50대이상,여
C1244,2026-03-18,2026-05-18,A260518-12442,진정 크림,자사몰,1,41400,N,경기,50대이상,여
C1244,2026-03-18,2026-05-18,A260518-12442,진정 크림,자사몰,1,41400,N,경기,50대이상,여
C1257,2026-02-27,2026-05-18,A260518-12573,진정 크림,자사몰,1,45200,N,서울,40대,여
C1283,2026-02-28,2026-05-18,A260518-12832,수분 세럼,자사몰,1,35300,N,충남,20대,여
C1326,2026-02-16,2026-05-18,A260518-13262,수분 세럼,자사몰,1,32200,Y,경기,30대,여
C1375,2026-01-28,2026-05-18,A260518-13753,수분 세럼,자사몰,1,40900,Y,서울,40대,남
C1375,2026-01-28,2026-05-18,A260518-13753,수분 세럼,자사몰,1,45500,N,서울,40대,남
C1378,2026-03-25,2026-05-18,A260518-13783,진정 크림,자사몰,1,44300,N,서울,30대,여
C1389,2025-11-22,2026-05-18,A260518-13893,수분 세럼,자사몰,2,83400,Y,서울,40대,여
C1397,2026-03-12,2026-05-18,A260518-13973,진정 크림,자사몰,1,48000,N,경기,30대,여
C1397,2026-03-12,2026-05-18,A260518-13973,수분 세럼,쿠팡,1,44600,N,경기,30대,여
C1481,2026-05-11,2026-05-18,A260518-14811,클렌징 밤,쿠팡,1,26400,N,부산,20대,여
C1592,2026-05-13,2026-05-18,A260518-15921,수분 세럼,네이버스토어,1,37000,N,서울,40대,여
C1593,2026-05-12,2026-05-18,A260518-15931,진정 크림,자사몰,2,73500,Y,서울,50대이상,남
C1035,2025-07-07,2026-05-19,A260519-10358,클렌징 밤,자사몰,2,87200,Y,경남,40대,여
C1192,2025-10-11,2026-05-19,A260519-11926,진정 크림,쿠팡,1,58300,N,경기,30대,남
C1192,2025-10-11,2026-05-19,A260519-11926,수분 세럼,네이버스토어,1,54100,N,경기,30대,남
C1470,2026-05-12,2026-05-19,A260519-14701,클렌징 밤,자사몰,1,26900,Y,대전,30대,남
C1472,2026-05-13,2026-05-19,A260519-14721,진정 크림,자사몰,1,43100,N,부산,30대,여
C1582,2026-05-18,2026-05-19,A260519-15821,클렌징 밤,쿠팡,2,56300,N,서울,30대,여
C1597,2026-05-19,2026-05-19,A260519-15971,진정 크림,네이버스토어,2,86100,N,인천,30대,여
C1101,2025-12-15,2026-05-20,A260520-11015,수분 세럼,자사몰,2,108200,N,대구,20대,여
C1125,2025-12-29,2026-05-20,A260520-11254,수분 세럼,네이버스토어,2,98800,N,인천,40대,남
C1125,2025-12-29,2026-05-20,A260520-11254,진정 크림,자사몰,1,53200,N,인천,40대,남
C1143,2025-09-16,2026-05-20,A260520-11434,수분 세럼,자사몰,2,103600,N,경기,20대,여
C1148,2025-11-22,2026-05-20,A260520-11485,클렌징 밤,쿠팡,1,32500,N,서울,30대,여
C1148,2025-11-22,2026-05-20,A260520-11485,수분 세럼,자사몰,3,136000,N,서울,30대,여
C1277,2026-04-21,2026-05-20,A260520-12772,클렌징 밤,자사몰,1,31100,N,경남,20대,여
C1277,2026-04-21,2026-05-20,A260520-12772,클렌징 밤,네이버스토어,2,62200,N,경남,20대,여
C1301,2025-12-21,2026-05-20,A260520-13013,클렌징 밤,쿠팡,1,32600,N,광주,50대이상,여
C1365,2026-02-04,2026-05-20,A260520-13653,수분 세럼,쿠팡,2,91400,N,인천,50대이상,여
C1401,2026-02-24,2026-05-20,A260520-14013,수분 세럼,자사몰,3,133400,N,대전,20대,여
C1401,2026-02-24,2026-05-20,A260520-14013,진정 크림,자사몰,1,47900,N,대전,20대,여
C1435,2026-05-12,2026-05-20,A260520-14351,클렌징 밤,자사몰,2,49600,Y,광주,20대,남
C1447,2026-05-08,2026-05-20,A260520-14471,클렌징 밤,쿠팡,1,30200,N,부산,20대,여
C1533,2026-05-15,2026-05-20,A260520-15331,진정 크림,자사몰,1,40500,Y,서울,40대,여
C1601,2026-05-09,2026-05-20,A260520-16011,진정 크림,쿠팡,1,48200,N,대구,30대,여
C1638,2026-05-14,2026-05-20,A260520-16381,수분 세럼,쿠팡,1,34900,N,서울,20대,여
C1027,2025-08-21,2026-05-21,A260521-10276,수분 세럼,자사몰,3,213500,N,서울,20대,여
C1085,2026-02-21,2026-05-21,A260521-10853,진정 크림,자사몰,1,50400,Y,대전,30대,여
C1085,2026-02-21,2026-05-21,A260521-10853,진정 크림,자사몰,2,100700,Y,대전,30대,여
C1154,2025-12-03,2026-05-21,A260521-11544,진정 크림,쿠팡,1,58500,N,인천,30대,여
C1161,2026-01-22,2026-05-21,A260521-11614,진정 크림,자사몰,1,51100,Y,인천,30대,여
C1179,2025-08-08,2026-05-21,A260521-11796,진정 크림,자사몰,1,49700,N,인천,30대,여
C1179,2025-08-08,2026-05-21,A260521-11796,진정 크림,자사몰,3,149000,N,인천,30대,여
C1225,2026-02-28,2026-05-21,A260521-12252,수분 세럼,쿠팡,1,36800,N,광주,50대이상,여
C1225,2026-02-28,2026-05-21,A260521-12252,수분 세럼,쿠팡,1,33100,Y,광주,50대이상,여
C1225,2026-02-28,2026-05-21,A260521-12252,수분 세럼,자사몰,1,33100,Y,광주,50대이상,여
C1240,2026-03-14,2026-05-21,A260521-12402,진정 크림,자사몰,1,38000,N,경기,30대,여
C1240,2026-03-14,2026-05-21,A260521-12402,진정 크림,쿠팡,1,38000,N,경기,30대,여
C1240,2026-03-14,2026-05-21,A260521-12402,수분 세럼,자사몰,1,35300,N,경기,30대,여
C1288,2026-03-25,2026-05-21,A260521-12882,클렌징 밤,자사몰,3,85200,N,서울,50대이상,여
C1288,2026-03-25,2026-05-21,A260521-12882,수분 세럼,자사몰,1,35600,Y,서울,50대이상,여
C1308,2026-05-19,2026-05-21,A260521-13081,진정 크림,자사몰,1,38000,N,경기,40대,여
C1462,2026-05-13,2026-05-21,A260521-14621,수분 세럼,쿠팡,2,66900,N,인천,30대,여
C1467,2026-05-10,2026-05-21,A260521-14671,진정 크림,자사몰,1,45800,N,기타,20대,남
C1478,2026-05-13,2026-05-21,A260521-14781,클렌징 밤,쿠팡,2,52100,N,경기,20대,여
C1496,2026-05-19,2026-05-21,A260521-14961,수분 세럼,쿠팡,3,122500,N,광주,20대,여
C1585,2026-05-09,2026-05-21,A260521-15851,클렌징 밤,쿠팡,1,28100,N,경기,40대,남
C1005,2025-08-26,2026-05-22,A260522-10056,수분 세럼,자사몰,1,61900,N,광주,50대이상,여
C1030,2025-07-29,2026-05-22,A260522-10306,수분 세럼,네이버스토어,1,57700,Y,경기,30대,여
C1030,2025-07-29,2026-05-22,A260522-10306,수분 세럼,자사몰,1,64100,N,경기,30대,여
C1056,2025-08-03,2026-05-22,A260522-10567,수분 세럼,자사몰,1,55300,Y,서울,30대,여
C1056,2025-08-03,2026-05-22,A260522-10567,클렌징 밤,자사몰,1,44100,N,서울,30대,여
C1056,2025-08-03,2026-05-22,A260522-10567,수분 세럼,자사몰,1,55300,Y,서울,30대,여
C1091,2025-09-30,2026-05-22,A260522-10914,진정 크림,자사몰,1,48400,N,경기,20대,여
C1091,2025-09-30,2026-05-22,A260522-10914,수분 세럼,쿠팡,3,121300,Y,경기,20대,여
C1100,2025-09-13,2026-05-22,A260522-11005,진정 크림,자사몰,1,53800,N,서울,50대이상,여
C1115,2026-02-22,2026-05-22,A260522-11154,클렌징 밤,자사몰,1,35000,N,서울,20대,남
C1122,2025-12-19,2026-05-22,A260522-11223,클렌징 밤,자사몰,1,32700,N,부산,30대,여
C1122,2025-12-19,2026-05-22,A260522-11223,클렌징 밤,자사몰,1,32700,N,부산,30대,여
C1122,2025-12-19,2026-05-22,A260522-11223,클렌징 밤,쿠팡,1,32700,N,부산,30대,여
C1360,2026-05-17,2026-05-22,A260522-13601,수분 세럼,자사몰,1,41600,N,서울,20대,여
C1419,2026-03-03,2026-05-22,A260522-14192,수분 세럼,자사몰,1,41200,Y,부산,50대이상,여
C1485,2026-05-14,2026-05-22,A260522-14851,수분 세럼,자사몰,3,124700,N,광주,30대,여
C1486,2026-05-15,2026-05-22,A260522-14861,수분 세럼,쿠팡,2,66400,N,경남,30대,남
C1502,2026-05-10,2026-05-22,A260522-15021,진정 크림,네이버스토어,2,94400,N,경남,30대,남
C1511,2026-05-11,2026-05-22,A260522-15111,수분 세럼,쿠팡,1,38300,Y,경기,30대,남
C1513,2026-05-17,2026-05-22,A260522-15131,진정 크림,네이버스토어,1,47300,N,부산,40대,남
C1520,2026-05-13,2026-05-22,A260522-15201,수분 세럼,자사몰,3,132100,N,경기,20대,여
C1547,2026-05-17,2026-05-22,A260522-15471,진정 크림,쿠팡,2,95800,N,부산,40대,여
C1632,2026-05-13,2026-05-22,A260522-16321,수분 세럼,자사몰,2,75500,N,경기,30대,여
C1102,2025-09-12,2026-05-23,A260523-11026,클렌징 밤,자사몰,1,28500,Y,경기,30대,여
C1102,2025-09-12,2026-05-23,A260523-11026,수분 세럼,자사몰,3,132500,N,경기,30대,여
C1102,2025-09-12,2026-05-23,A260523-11026,수분 세럼,자사몰,1,44200,N,경기,30대,여
C1144,2025-08-12,2026-05-23,A260523-11446,수분 세럼,자사몰,1,40400,Y,충남,30대,여
C1177,2025-09-15,2026-05-23,A260523-11775,수분 세럼,자사몰,1,53100,N,경기,40대,남
C1193,2025-08-30,2026-05-23,A260523-11936,수분 세럼,자사몰,2,106200,N,서울,40대,여
C1193,2025-08-30,2026-05-23,A260523-11936,수분 세럼,쿠팡,1,47800,Y,서울,40대,여
C1203,2025-10-08,2026-05-23,A260523-12035,진정 크림,자사몰,1,57500,N,서울,40대,여
C1251,2026-03-02,2026-05-23,A260523-12512,진정 크림,쿠팡,1,39300,N,경남,30대,남
C1251,2026-03-02,2026-05-23,A260523-12512,수분 세럼,쿠팡,2,65600,Y,경남,30대,남
C1331,2026-02-01,2026-05-23,A260523-13313,수분 세럼,자사몰,1,42800,N,경기,30대,여
C1331,2026-02-01,2026-05-23,A260523-13313,클렌징 밤,자사몰,1,30700,N,경기,30대,여
C1366,2026-04-08,2026-05-23,A260523-13662,진정 크림,자사몰,1,48900,N,부산,40대,여
C1366,2026-04-08,2026-05-23,A260523-13662,클렌징 밤,쿠팡,1,32600,N,부산,40대,여
C1515,2026-05-13,2026-05-23,A260523-15151,수분 세럼,자사몰,1,41500,N,경기,50대이상,여
C1626,2026-05-13,2026-05-23,A260523-16261,진정 크림,자사몰,1,47200,N,서울,40대,남
C1634,2026-05-18,2026-05-23,A260523-16341,클렌징 밤,자사몰,2,63800,N,경기,20대,남
C1107,2025-10-14,2026-05-24,A260524-11076,수분 세럼,자사몰,1,46100,Y,서울,20대,남
C1123,2025-11-25,2026-05-24,A260524-11234,클렌징 밤,자사몰,1,36200,N,서울,30대,여
C1123,2025-11-25,2026-05-24,A260524-11234,클렌징 밤,자사몰,1,36200,N,서울,30대,여
C1510,2026-05-18,2026-05-24,A260524-15101,수분 세럼,자사몰,2,64800,Y,경남,30대,여
C1653,2026-05-12,2026-05-24,A260524-16531,수분 세럼,자사몰,1,36200,N,인천,20대,여
C1019,2025-07-21,2026-05-25,A260525-10196,수분 세럼,자사몰,3,162700,N,인천,30대,여
C1019,2025-07-21,2026-05-25,A260525-10196,수분 세럼,자사몰,1,54200,N,인천,30대,여
C1070,2025-07-13,2026-05-25,A260525-10708,진정 크림,자사몰,1,59600,N,경기,20대,여
C1070,2025-07-13,2026-05-25,A260525-10708,진정 크림,자사몰,1,59600,N,경기,20대,여
C1076,2025-09-14,2026-05-25,A260525-10765,클렌징 밤,쿠팡,1,29200,Y,서울,50대이상,여
C1082,2025-10-24,2026-05-25,A260525-10824,수분 세럼,자사몰,2,93300,N,경남,40대,여
C1111,2025-10-06,2026-05-25,A260525-11115,수분 세럼,쿠팡,2,95700,Y,경기,30대,여
C1111,2025-10-06,2026-05-25,A260525-11115,수분 세럼,쿠팡,1,53200,N,경기,30대,여
C1158,2025-10-28,2026-05-25,A260525-11585,수분 세럼,자사몰,1,49700,N,서울,30대,여
C1158,2025-10-28,2026-05-25,A260525-11585,진정 크림,자사몰,1,53600,N,서울,30대,여
C1158,2025-10-28,2026-05-25,A260525-11585,수분 세럼,자사몰,1,49700,N,서울,30대,여
C1210,2025-12-05,2026-05-25,A260525-12104,클렌징 밤,자사몰,1,38700,N,서울,20대,남
C1352,2026-01-16,2026-05-25,A260525-13523,클렌징 밤,자사몰,2,48700,Y,대구,20대,여
C1352,2026-01-16,2026-05-25,A260525-13523,클렌징 밤,쿠팡,2,54100,N,대구,20대,여
C1518,2026-05-20,2026-05-25,A260525-15181,수분 세럼,쿠팡,2,89000,N,경기,50대이상,여
C1073,2026-02-05,2026-05-26,A260526-10734,진정 크림,네이버스토어,1,52700,Y,인천,30대,여
C1176,2025-10-19,2026-05-26,A260526-11764,수분 세럼,자사몰,3,129700,Y,인천,30대,여
C1176,2025-10-19,2026-05-26,A260526-11764,클렌징 밤,네이버스토어,1,34500,N,인천,30대,여
C1194,2025-12-15,2026-05-26,A260526-11944,클렌징 밤,네이버스토어,1,35900,N,경기,30대,여
C1258,2026-02-22,2026-05-26,A260526-12582,수분 세럼,자사몰,1,45000,N,경남,40대,여
C1445,2026-03-26,2026-05-26,A260526-14452,수분 세럼,자사몰,2,90700,N,경기,50대이상,남
C1477,2026-05-21,2026-05-26,A260526-14771,진정 크림,자사몰,1,39400,Y,서울,30대,여
C1521,2026-05-19,2026-05-26,A260526-15211,진정 크림,쿠팡,1,39300,N,서울,30대,여
C1526,2026-05-17,2026-05-26,A260526-15261,진정 크림,네이버스토어,1,39900,N,부산,40대,여
C1563,2026-05-26,2026-05-26,A260526-15631,진정 크림,자사몰,1,47800,N,서울,30대,여
C1578,2026-05-25,2026-05-26,A260526-15781,수분 세럼,자사몰,1,44400,N,서울,20대,여
C1207,2025-08-13,2026-05-27,A260527-12075,수분 세럼,쿠팡,1,47500,N,경기,30대,여
C1207,2025-08-13,2026-05-27,A260527-12075,진정 크림,쿠팡,1,46000,Y,경기,30대,여
C1338,2026-02-21,2026-05-27,A260527-13383,진정 크림,쿠팡,1,41100,N,대구,20대,여
C1338,2026-02-21,2026-05-27,A260527-13383,수분 세럼,자사몰,1,38200,N,대구,20대,여
C1338,2026-02-21,2026-05-27,A260527-13383,수분 세럼,자사몰,1,34400,Y,대구,20대,여
C1383,2026-03-12,2026-05-27,A260527-13832,진정 크림,자사몰,1,47300,N,서울,30대,여
C1459,2026-05-23,2026-05-27,A260527-14591,수분 세럼,자사몰,1,42800,N,인천,20대,여
C1522,2026-05-21,2026-05-27,A260527-15221,클렌징 밤,자사몰,1,32100,N,경기,20대,남
C1594,2026-05-25,2026-05-27,A260527-15941,수분 세럼,네이버스토어,1,31600,Y,경남,20대,여
C1627,2026-05-22,2026-05-27,A260527-16271,수분 세럼,자사몰,1,37200,N,광주,30대,여
C1633,2026-05-19,2026-05-27,A260527-16331,진정 크림,자사몰,1,45200,N,경기,30대,여
C1079,2025-08-16,2026-05-28,A260528-10795,클렌징 밤,자사몰,3,95900,N,경기,20대,여
C1121,2025-10-10,2026-05-28,A260528-11215,진정 크림,자사몰,1,49200,N,대전,20대,여
C1133,2025-08-06,2026-05-28,A260528-11335,진정 크림,쿠팡,1,47200,N,서울,50대이상,여
C1343,2026-03-11,2026-05-28,A260528-13433,수분 세럼,자사몰,1,35800,Y,인천,40대,여
C1386,2026-03-26,2026-05-28,A260528-13862,클렌징 밤,쿠팡,1,29300,N,기타,40대,남
C1386,2026-03-26,2026-05-28,A260528-13862,진정 크림,쿠팡,1,43900,N,기타,40대,남
C1446,2025-12-28,2026-05-28,A260528-14463,수분 세럼,자사몰,1,38200,N,경기,30대,여
C1446,2025-12-28,2026-05-28,A260528-14463,클렌징 밤,자사몰,1,27400,N,경기,30대,여
C1446,2025-12-28,2026-05-28,A260528-14463,클렌징 밤,쿠팡,1,24700,Y,경기,30대,여
C1455,2026-03-15,2026-05-28,A260528-14553,수분 세럼,네이버스토어,1,33800,Y,경기,20대,여
C1455,2026-03-15,2026-05-28,A260528-14553,수분 세럼,네이버스토어,3,112600,N,경기,20대,여
C1572,2026-05-27,2026-05-28,A260528-15721,진정 크림,자사몰,2,81100,Y,경기,30대,여
C1573,2026-05-23,2026-05-28,A260528-15731,클렌징 밤,자사몰,1,26500,N,서울,40대,여
C1581,2026-05-23,2026-05-28,A260528-15811,수분 세럼,자사몰,2,82200,N,인천,20대,남
C1002,2025-08-07,2026-05-29,A260529-10026,진정 크림,자사몰,1,61100,N,경기,30대,남
C1002,2025-08-07,2026-05-29,A260529-10026,진정 크림,쿠팡,1,61100,N,경기,30대,남
C1126,2025-11-27,2026-05-29,A260529-11264,클렌징 밤,자사몰,1,37700,N,서울,30대,여
C1131,2025-09-26,2026-05-29,A260529-11315,수분 세럼,자사몰,2,103100,N,서울,30대,여
C1160,2025-10-13,2026-05-29,A260529-11606,진정 크림,쿠팡,1,50100,N,대전,20대,여
C1160,2025-10-13,2026-05-29,A260529-11606,수분 세럼,쿠팡,2,93100,N,대전,20대,여
C1184,2025-12-09,2026-05-29,A260529-11844,진정 크림,쿠팡,3,153000,N,서울,20대,여
C1187,2025-10-20,2026-05-29,A260529-11874,수분 세럼,자사몰,1,45100,N,경기,50대이상,여
C1220,2026-03-13,2026-05-29,A260529-12202,수분 세럼,자사몰,1,36800,N,경기,20대,남
C1220,2026-03-13,2026-05-29,A260529-12202,수분 세럼,자사몰,1,36800,N,경기,20대,남
C1256,2026-03-11,2026-05-29,A260529-12562,진정 크림,쿠팡,1,39700,N,경남,50대이상,여
C1256,2026-03-11,2026-05-29,A260529-12562,클렌징 밤,쿠팡,1,26500,N,경남,50대이상,여
C1422,2026-05-04,2026-05-29,A260529-14222,진정 크림,쿠팡,3,140700,N,대전,30대,여
C1422,2026-05-04,2026-05-29,A260529-14222,수분 세럼,자사몰,1,43500,N,대전,30대,여
C1519,2026-05-20,2026-05-29,A260529-15191,수분 세럼,자사몰,1,35600,N,서울,30대,여
C1567,2026-05-23,2026-05-29,A260529-15671,클렌징 밤,자사몰,2,48200,Y,부산,20대,여
C1588,2026-05-21,2026-05-29,A260529-15881,수분 세럼,쿠팡,1,35400,N,경기,50대이상,여
C1605,2026-05-28,2026-05-29,A260529-16051,클렌징 밤,자사몰,2,52100,N,경기,30대,여
C1622,2026-05-28,2026-05-29,A260529-16221,수분 세럼,쿠팡,2,65900,Y,대전,20대,여
C1103,2025-10-09,2026-05-30,A260530-11035,진정 크림,자사몰,1,56300,N,기타,40대,남
C1103,2025-10-09,2026-05-30,A260530-11035,클렌징 밤,자사몰,1,37500,N,기타,40대,남
C1103,2025-10-09,2026-05-30,A260530-11035,클렌징 밤,쿠팡,2,67500,Y,기타,40대,남
C1114,2026-01-27,2026-05-30,A260530-11144,진정 크림,쿠팡,1,56000,N,충남,30대,남
C1156,2025-10-28,2026-05-30,A260530-11565,클렌징 밤,자사몰,2,76100,N,경기,30대,여
C1156,2025-10-28,2026-05-30,A260530-11565,수분 세럼,자사몰,2,106000,N,경기,30대,여
C1173,2025-10-07,2026-05-30,A260530-11734,클렌징 밤,쿠팡,1,34800,N,경기,40대,여
C1273,2026-03-24,2026-05-30,A260530-12732,수분 세럼,자사몰,1,35800,N,부산,50대이상,여
C1273,2026-03-24,2026-05-30,A260530-12732,수분 세럼,쿠팡,1,35800,N,부산,50대이상,여
C1334,2025-12-30,2026-05-30,A260530-13343,수분 세럼,자사몰,2,73100,N,서울,50대이상,여
C1430,2026-04-03,2026-05-30,A260530-14302,수분 세럼,자사몰,1,37400,N,서울,20대,여
C1552,2026-05-25,2026-05-30,A260530-15521,수분 세럼,자사몰,1,44400,N,서울,30대,여
C1135,2025-10-22,2026-05-31,A260531-11356,클렌징 밤,자사몰,1,34500,N,충남,50대이상,여
C1137,2026-01-03,2026-05-31,A260531-11374,진정 크림,자사몰,1,57400,N,서울,30대,여
C1149,2025-09-21,2026-05-31,A260531-11495,수분 세럼,자사몰,3,153500,N,충남,40대,여
C1219,2026-03-19,2026-05-31,A260531-12192,진정 크림,쿠팡,3,107200,Y,기타,30대,여
C1219,2026-03-19,2026-05-31,A260531-12192,진정 크림,쿠팡,1,39700,N,기타,30대,여
C1232,2026-03-02,2026-05-31,A260531-12323,수분 세럼,자사몰,1,37400,N,경남,50대이상,여
C1232,2026-03-02,2026-05-31,A260531-12323,수분 세럼,자사몰,3,112300,N,경남,50대이상,여
C1293,2025-12-27,2026-05-31,A260531-12933,클렌징 밤,자사몰,1,25300,N,경기,30대,여
C1295,2026-02-18,2026-05-31,A260531-12953,수분 세럼,쿠팡,1,37600,N,대전,40대,여
C1295,2026-02-18,2026-05-31,A260531-12953,수분 세럼,자사몰,3,101500,Y,대전,40대,여
C1370,2026-03-14,2026-05-31,A260531-13703,클렌징 밤,쿠팡,1,32400,N,인천,40대,여
C1370,2026-03-14,2026-05-31,A260531-13703,수분 세럼,자사몰,1,45100,N,인천,40대,여
C1451,2026-02-17,2026-05-31,A260531-14513,수분 세럼,자사몰,3,115500,N,서울,30대,여
C1492,2026-05-24,2026-05-31,A260531-14921,진정 크림,자사몰,1,36000,N,서울,30대,남
C1501,2026-05-23,2026-05-31,A260531-15011,진정 크림,자사몰,1,37800,N,서울,50대이상,남
C1505,2026-05-28,2026-05-31,A260531-15051,진정 크림,쿠팡,1,44500,N,대구,30대,남
C1507,2026-05-28,2026-05-31,A260531-15071,수분 세럼,쿠팡,3,126500,N,서울,50대이상,남
C1530,2026-05-28,2026-05-31,A260531-15301,수분 세럼,쿠팡,1,37400,N,서울,30대,여
C1577,2026-05-26,2026-05-31,A260531-15771,수분 세럼,자사몰,1,41100,N,서울,40대,여
C1619,2026-05-19,2026-05-31,A260531-16191,클렌징 밤,자사몰,3,77000,N,대구,30대,여
C1109,2025-09-19,2026-06-01,A260601-11095,진정 크림,쿠팡,1,53100,N,서울,30대,여
C1109,2025-09-19,2026-06-01,A260601-11095,수분 세럼,자사몰,2,88800,Y,서울,30대,여
C1109,2025-09-19,2026-06-01,A260601-11095,수분 세럼,쿠팡,1,49300,N,서울,30대,여
C1120,2025-09-19,2026-06-01,A260601-11205,수분 세럼,자사몰,1,43800,N,대구,30대,여
C1120,2025-09-19,2026-06-01,A260601-11205,진정 크림,자사몰,1,47200,N,대구,30대,여
C1237,2026-03-21,2026-06-01,A260601-12372,수분 세럼,자사몰,1,34700,Y,경남,40대,여
C1237,2026-03-21,2026-06-01,A260601-12372,진정 크림,자사몰,1,41500,N,경남,40대,여
C1237,2026-03-21,2026-06-01,A260601-12372,진정 크림,자사몰,1,41500,N,경남,40대,여
C1357,2026-02-22,2026-06-01,A260601-13572,수분 세럼,쿠팡,1,38400,Y,경기,50대이상,남
C1381,2026-02-25,2026-06-01,A260601-13812,클렌징 밤,네이버스토어,1,25900,Y,광주,30대,여
C1381,2026-02-25,2026-06-01,A260601-13812,수분 세럼,자사몰,1,40100,N,광주,30대,여
C1382,2026-03-22,2026-06-01,A260601-13823,진정 크림,쿠팡,1,39900,Y,경기,30대,여
C1382,2026-03-22,2026-06-01,A260601-13823,진정 크림,자사몰,1,44300,N,경기,30대,여
C1425,2026-04-23,2026-06-01,A260601-14252,수분 세럼,자사몰,2,77900,N,대전,30대,여
C1425,2026-04-23,2026-06-01,A260601-14252,클렌징 밤,네이버스토어,2,55900,N,대전,30대,여
C1516,2026-05-26,2026-06-01,A260601-15161,진정 크림,자사몰,3,125200,Y,경남,30대,여
C1545,2026-05-24,2026-06-01,A260601-15451,클렌징 밤,네이버스토어,2,51100,N,부산,40대,여
C1620,2026-05-20,2026-06-01,A260601-16201,진정 크림,자사몰,1,41000,Y,인천,30대,여
C1646,2026-06-01,2026-06-01,A260601-16461,수분 세럼,자사몰,1,37700,Y,대구,30대,여
C1167,2025-11-19,2026-06-02,A260602-11674,진정 크림,쿠팡,2,106900,N,부산,40대,여
C1227,2026-04-30,2026-06-02,A260602-12272,수분 세럼,네이버스토어,1,46800,N,서울,40대,여
C1227,2026-04-30,2026-06-02,A260602-12272,수분 세럼,자사몰,1,42100,Y,서울,40대,여
C1227,2026-04-30,2026-06-02,A260602-12272,클렌징 밤,네이버스토어,1,33600,N,서울,40대,여
C1355,2026-03-17,2026-06-02,A260602-13553,수분 세럼,자사몰,1,34100,Y,경기,30대,여
C1355,2026-03-17,2026-06-02,A260602-13553,수분 세럼,자사몰,1,37900,N,경기,30대,여
C1355,2026-03-17,2026-06-02,A260602-13553,진정 크림,자사몰,2,81600,N,경기,30대,여
C1458,2026-05-26,2026-06-02,A260602-14581,수분 세럼,쿠팡,2,75700,N,광주,30대,여
C1491,2026-05-25,2026-06-02,A260602-14911,클렌징 밤,자사몰,2,55300,N,광주,30대,남
C1494,2026-05-28,2026-06-02,A260602-14941,수분 세럼,자사몰,2,70700,N,서울,20대,여
C1583,2026-05-24,2026-06-02,A260602-15831,클렌징 밤,네이버스토어,1,26000,N,경기,20대,여
C1642,2026-05-21,2026-06-02,A260602-16421,수분 세럼,자사몰,1,33200,Y,서울,50대이상,여
C1016,2025-08-18,2026-06-03,A260603-10166,수분 세럼,자사몰,2,119100,N,대전,30대,여
C1016,2025-08-18,2026-06-03,A260603-10166,클렌징 밤,쿠팡,1,38500,Y,대전,30대,여
C1053,2025-07-22,2026-06-03,A260603-10536,수분 세럼,쿠팡,1,59300,N,서울,30대,여
C1078,2025-10-09,2026-06-03,A260603-10786,수분 세럼,자사몰,1,43200,N,부산,30대,여
C1132,2025-07-12,2026-06-03,A260603-11326,클렌징 밤,쿠팡,1,37100,N,서울,40대,여
C1132,2025-07-12,2026-06-03,A260603-11326,진정 크림,쿠팡,2,111400,N,서울,40대,여
C1134,2025-12-01,2026-06-03,A260603-11345,수분 세럼,쿠팡,1,49300,N,대전,40대,여
C1175,2026-02-16,2026-06-03,A260603-11754,수분 세럼,쿠팡,1,54600,N,대구,20대,여
C1175,2026-02-16,2026-06-03,A260603-11754,수분 세럼,자사몰,1,54600,N,대구,20대,여
C1181,2025-09-22,2026-06-03,A260603-11816,수분 세럼,자사몰,1,43100,N,경기,50대이상,여
C1217,2026-01-15,2026-06-03,A260603-12173,진정 크림,자사몰,1,48500,N,서울,40대,여
C1249,2026-01-04,2026-06-03,A260603-12493,진정 크림,쿠팡,1,40200,N,경기,30대,남
C1441,2026-03-06,2026-06-03,A260603-14412,수분 세럼,자사몰,1,45100,N,인천,40대,남
C1441,2026-03-06,2026-06-03,A260603-14412,수분 세럼,네이버스토어,1,45100,N,인천,40대,남
C1461,2026-05-28,2026-06-03,A260603-14611,수분 세럼,쿠팡,3,125800,N,서울,20대,여
C1539,2026-05-22,2026-06-03,A260603-15391,진정 크림,자사몰,2,65600,Y,서울,50대이상,여
C1600,2026-05-28,2026-06-03,A260603-16001,수분 세럼,자사몰,1,42000,N,기타,30대,여
C1602,2026-05-26,2026-06-03,A260603-16021,클렌징 밤,자사몰,1,30000,N,광주,20대,여
C1074,2025-11-24,2026-06-04,A260604-10744,수분 세럼,네이버스토어,2,91900,N,경남,20대,여
C1188,2026-02-10,2026-06-04,A260604-11884,진정 크림,쿠팡,1,49500,N,서울,30대,여
C1410,2026-02-11,2026-06-04,A260604-14103,수분 세럼,쿠팡,1,39600,N,경기,40대,여
C1475,2026-05-23,2026-06-04,A260604-14751,클렌징 밤,쿠팡,2,55400,Y,경기,30대,여
C1493,2026-06-04,2026-06-04,A260604-14931,수분 세럼,자사몰,1,34600,N,인천,20대,여
C1652,2026-06-01,2026-06-04,A260604-16521,수분 세럼,쿠팡,2,70000,N,서울,30대,여
C1084,2025-12-29,2026-06-05,A260605-10844,클렌징 밤,네이버스토어,1,35800,N,경기,30대,여
C1292,2026-04-06,2026-06-05,A260605-12922,클렌징 밤,네이버스토어,3,78900,Y,서울,30대,여
C1332,2026-02-04,2026-06-05,A260605-13323,수분 세럼,쿠팡,1,42700,N,경기,20대,여
C1367,2026-03-20,2026-06-05,A260605-13672,수분 세럼,쿠팡,1,39900,N,충남,30대,여
C1436,2026-04-06,2026-06-05,A260605-14362,수분 세럼,자사몰,1,35200,Y,서울,40대,여
C1436,2026-04-06,2026-06-05,A260605-14362,클렌징 밤,자사몰,2,50500,Y,서울,40대,여
C1436,2026-04-06,2026-06-05,A260605-14362,진정 크림,네이버스토어,1,42100,N,서울,40대,여
C1639,2026-05-24,2026-06-05,A260605-16391,수분 세럼,쿠팡,1,37900,Y,서울,20대,여
C1032,2025-07-07,2026-06-06,A260606-10328,수분 세럼,네이버스토어,1,63600,Y,부산,30대,남
C1032,2025-07-07,2026-06-06,A260606-10328,진정 크림,자사몰,2,152200,N,부산,30대,남
C1041,2025-09-05,2026-06-06,A260606-10417,수분 세럼,네이버스토어,1,66100,N,경남,50대이상,여
C1041,2025-09-05,2026-06-06,A260606-10417,수분 세럼,쿠팡,2,132200,N,경남,50대이상,여
C1059,2025-07-05,2026-06-06,A260606-10596,클렌징 밤,자사몰,2,101100,N,경기,20대,여
C1068,2025-07-06,2026-06-06,A260606-10688,클렌징 밤,자사몰,3,106300,Y,대구,20대,여
C1068,2025-07-06,2026-06-06,A260606-10688,진정 크림,네이버스토어,3,177200,N,대구,20대,여
C1235,2026-03-12,2026-06-06,A260606-12353,진정 크림,네이버스토어,1,48600,N,서울,40대,여
C1235,2026-03-12,2026-06-06,A260606-12353,클렌징 밤,자사몰,2,64900,N,서울,40대,여
C1262,2026-04-29,2026-06-06,A260606-12622,클렌징 밤,자사몰,1,31800,N,경기,20대,남
C1466,2026-05-26,2026-06-06,A260606-14661,진정 크림,쿠팡,2,75500,Y,경기,20대,여
C1476,2026-06-02,2026-06-06,A260606-14761,클렌징 밤,쿠팡,1,28700,N,부산,40대,여
C1528,2026-06-05,2026-06-06,A260606-15281,수분 세럼,자사몰,1,37200,N,서울,20대,남
C1529,2026-05-29,2026-06-06,A260606-15291,수분 세럼,쿠팡,1,35700,N,대구,20대,여
C1548,2026-05-28,2026-06-06,A260606-15481,수분 세럼,네이버스토어,1,42000,N,서울,50대이상,여
C1566,2026-05-25,2026-06-06,A260606-15661,클렌징 밤,자사몰,1,26700,N,충남,50대이상,남
C1616,2026-06-03,2026-06-06,A260606-16161,수분 세럼,쿠팡,1,35100,N,경기,40대,여
C1628,2026-06-04,2026-06-06,A260606-16281,수분 세럼,자사몰,2,81900,N,광주,50대이상,남
C1003,2025-07-31,2026-06-07,A260607-10036,수분 세럼,자사몰,1,55100,N,경기,20대,여
C1003,2025-07-31,2026-06-07,A260607-10036,수분 세럼,자사몰,1,55100,N,경기,20대,여
C1037,2025-07-08,2026-06-07,A260607-10377,클렌징 밤,자사몰,2,89900,Y,인천,30대,여
C1069,2025-09-14,2026-06-07,A260607-10696,수분 세럼,자사몰,2,99100,Y,경남,40대,여
C1098,2025-10-20,2026-06-07,A260607-10986,진정 크림,자사몰,1,57700,N,서울,40대,남
C1209,2025-10-18,2026-06-07,A260607-12095,수분 세럼,자사몰,1,43800,Y,경남,30대,여
C1209,2025-10-18,2026-06-07,A260607-12095,진정 크림,자사몰,1,52400,N,경남,30대,여
C1274,2026-02-01,2026-06-07,A260607-12743,진정 크림,네이버스토어,1,43700,N,광주,20대,남
C1471,2026-05-28,2026-06-07,A260607-14711,수분 세럼,쿠팡,2,65400,Y,대전,50대이상,여
C1487,2026-05-30,2026-06-07,A260607-14871,클렌징 밤,네이버스토어,1,23400,Y,경기,30대,여
C1535,2026-05-27,2026-06-07,A260607-15351,진정 크림,자사몰,1,36900,Y,서울,40대,여
C1554,2026-06-03,2026-06-07,A260607-15541,수분 세럼,자사몰,1,35200,N,경기,20대,여
C1558,2026-06-03,2026-06-07,A260607-15581,수분 세럼,네이버스토어,1,43000,N,경기,50대이상,여
C1580,2026-05-26,2026-06-07,A260607-15801,수분 세럼,네이버스토어,1,36400,N,경남,40대,여
C1045,2025-07-05,2026-06-08,A260608-10458,수분 세럼,자사몰,1,59400,N,광주,40대,여
C1045,2025-07-05,2026-06-08,A260608-10458,수분 세럼,자사몰,1,59400,N,광주,40대,여
C1046,2025-07-09,2026-06-08,A260608-10467,수분 세럼,자사몰,2,96800,Y,인천,30대,여
C1060,2025-08-11,2026-06-08,A260608-10607,클렌징 밤,자사몰,1,44500,N,대구,30대,남
C1060,2025-08-11,2026-06-08,A260608-10607,수분 세럼,쿠팡,1,62000,N,대구,30대,남
C1105,2026-02-14,2026-06-08,A260608-11054,진정 크림,쿠팡,2,98500,N,서울,20대,여
C1105,2026-02-14,2026-06-08,A260608-11054,수분 세럼,쿠팡,2,91500,N,서울,20대,여
C1269,2026-02-23,2026-06-08,A260608-12692,진정 크림,쿠팡,1,41900,N,경기,30대,여
C1269,2026-02-23,2026-06-08,A260608-12692,진정 크림,쿠팡,2,83700,N,경기,30대,여
C1269,2026-02-23,2026-06-08,A260608-12692,수분 세럼,자사몰,1,38900,N,경기,30대,여
C1306,2026-01-12,2026-06-08,A260608-13063,진정 크림,자사몰,1,43300,Y,경남,30대,여
C1447,2026-05-08,2026-06-08,A260608-14472,수분 세럼,쿠팡,3,126200,N,부산,20대,여
C1447,2026-05-08,2026-06-08,A260608-14472,수분 세럼,쿠팡,1,42100,N,부산,20대,여
C1512,2026-06-01,2026-06-08,A260608-15121,클렌징 밤,자사몰,2,49300,N,경기,40대,여
C1527,2026-05-31,2026-06-08,A260608-15271,수분 세럼,쿠팡,1,44200,N,부산,40대,여
C1557,2026-05-31,2026-06-08,A260608-15571,진정 크림,쿠팡,2,89000,N,서울,30대,여
C1569,2026-05-27,2026-06-08,A260608-15691,클렌징 밤,쿠팡,1,26300,N,서울,30대,여
C1579,2026-06-05,2026-06-08,A260608-15791,수분 세럼,자사몰,2,85200,N,인천,30대,여
C1015,2025-08-15,2026-06-09,A260609-10157,클렌징 밤,자사몰,2,97000,N,광주,50대이상,여
C1015,2025-08-15,2026-06-09,A260609-10157,수분 세럼,쿠팡,2,121600,Y,광주,50대이상,여
C1020,2025-07-01,2026-06-09,A260609-10207,클렌징 밤,네이버스토어,1,48700,N,경기,50대이상,여
C1020,2025-07-01,2026-06-09,A260609-10207,수분 세럼,네이버스토어,1,67800,N,경기,50대이상,여
C1021,2025-07-06,2026-06-09,A260609-10216,수분 세럼,자사몰,3,172200,N,부산,40대,여
C1021,2025-07-06,2026-06-09,A260609-10216,수분 세럼,네이버스토어,1,51700,Y,부산,40대,여
C1027,2025-08-21,2026-06-09,A260609-10277,진정 크림,자사몰,2,153300,N,서울,20대,여
C1027,2025-08-21,2026-06-09,A260609-10277,수분 세럼,자사몰,1,64000,Y,서울,20대,여
C1030,2025-07-29,2026-06-09,A260609-10307,수분 세럼,쿠팡,2,115400,Y,경기,30대,여
C1030,2025-07-29,2026-06-09,A260609-10307,수분 세럼,쿠팡,1,64100,N,경기,30대,여
C1128,2025-11-10,2026-06-09,A260609-11284,수분 세럼,쿠팡,1,48600,N,서울,30대,여
C1128,2025-11-10,2026-06-09,A260609-11284,클렌징 밤,자사몰,1,34900,N,서울,30대,여
C1178,2025-09-20,2026-06-09,A260609-11786,진정 크림,쿠팡,1,48100,Y,경기,50대이상,여
C1178,2025-09-20,2026-06-09,A260609-11786,수분 세럼,네이버스토어,1,49600,N,경기,50대이상,여
C1244,2026-03-18,2026-06-09,A260609-12443,수분 세럼,자사몰,1,38400,N,경기,50대이상,여
C1244,2026-03-18,2026-06-09,A260609-12443,진정 크림,자사몰,1,37200,Y,경기,50대이상,여
C1244,2026-03-18,2026-06-09,A260609-12443,수분 세럼,자사몰,1,38400,N,경기,50대이상,여
C1263,2026-03-17,2026-06-09,A260609-12632,진정 크림,네이버스토어,1,37600,Y,충남,20대,여
C1263,2026-03-17,2026-06-09,A260609-12632,클렌징 밤,자사몰,1,27800,N,충남,20대,여
C1483,2026-05-30,2026-06-09,A260609-14831,진정 크림,네이버스토어,1,47100,N,서울,30대,여
C1654,2026-06-09,2026-06-09,A260609-16541,클렌징 밤,네이버스토어,1,30000,N,부산,30대,여
C1039,2025-09-03,2026-06-10,A260610-10396,클렌징 밤,쿠팡,1,39500,N,서울,30대,여
C1039,2025-09-03,2026-06-10,A260610-10396,진정 크림,자사몰,1,59300,N,서울,30대,여
C1049,2025-08-02,2026-06-10,A260610-10496,클렌징 밤,네이버스토어,2,77800,Y,경기,20대,남
C1072,2025-07-19,2026-06-10,A260610-10726,수분 세럼,쿠팡,1,69900,N,기타,20대,여
C1072,2025-07-19,2026-06-10,A260610-10726,클렌징 밤,네이버스토어,3,150500,N,기타,20대,여
C1100,2025-09-13,2026-06-10,A260610-11006,수분 세럼,쿠팡,1,49900,N,서울,50대이상,여
C1100,2025-09-13,2026-06-10,A260610-11006,진정 크림,쿠팡,1,53800,N,서울,50대이상,여
C1100,2025-09-13,2026-06-10,A260610-11006,수분 세럼,자사몰,3,149800,N,서울,50대이상,여
C1117,2025-12-02,2026-06-10,A260610-11175,진정 크림,자사몰,1,47200,Y,서울,40대,여
C1117,2025-12-02,2026-06-10,A260610-11175,수분 세럼,자사몰,1,48700,N,서울,40대,여
C1153,2026-02-23,2026-06-10,A260610-11534,클렌징 밤,쿠팡,1,33000,N,경기,30대,여
C1165,2025-10-13,2026-06-10,A260610-11655,수분 세럼,자사몰,1,48900,N,인천,20대,여
C1372,2026-04-24,2026-06-10,A260610-13722,수분 세럼,자사몰,3,118500,N,서울,30대,여
C1415,2026-02-24,2026-06-10,A260610-14153,진정 크림,자사몰,1,42800,Y,기타,30대,남
C1415,2026-02-24,2026-06-10,A260610-14153,수분 세럼,자사몰,1,44100,N,기타,30대,남
C1437,2026-04-22,2026-06-10,A260610-14372,클렌징 밤,자사몰,1,31300,N,서울,30대,여
C1437,2026-04-22,2026-06-10,A260610-14372,수분 세럼,자사몰,1,43600,N,서울,30대,여
C1442,2026-04-28,2026-06-10,A260610-14422,수분 세럼,쿠팡,1,36000,N,부산,30대,여
C1442,2026-04-28,2026-06-10,A260610-14422,수분 세럼,자사몰,2,72100,N,부산,30대,여
C1442,2026-04-28,2026-06-10,A260610-14422,클렌징 밤,쿠팡,1,23300,Y,부산,30대,여
C1480,2026-06-01,2026-06-10,A260610-14801,수분 세럼,자사몰,1,43400,N,경남,30대,여
C1488,2026-06-05,2026-06-10,A260610-14881,진정 크림,자사몰,1,45300,N,기타,20대,여
C1560,2026-06-08,2026-06-10,A260610-15601,수분 세럼,쿠팡,1,32600,Y,부산,30대,남
C1562,2026-06-07,2026-06-10,A260610-15621,수분 세럼,쿠팡,2,74400,Y,서울,40대,여
C1590,2026-06-08,2026-06-10,A260610-15901,수분 세럼,자사몰,1,39700,Y,서울,40대,여
C1621,2026-05-31,2026-06-10,A260610-16211,수분 세럼,자사몰,1,33200,Y,경기,30대,여
C1647,2026-06-01,2026-06-10,A260610-16471,진정 크림,자사몰,2,91100,N,광주,20대,남
C1017,2025-07-04,2026-06-11,A260611-10176,진정 크림,자사몰,1,51400,Y,충남,30대,여
C1038,2025-07-14,2026-06-11,A260611-10385,수분 세럼,자사몰,3,177800,Y,경남,30대,여
C1044,2025-07-29,2026-06-11,A260611-10448,수분 세럼,자사몰,1,60600,N,인천,40대,여
C1044,2025-07-29,2026-06-11,A260611-10448,진정 크림,자사몰,1,65200,N,인천,40대,여
C1066,2025-07-05,2026-06-11,A260611-10667,수분 세럼,자사몰,2,135100,N,광주,20대,여
C1104,2025-07-25,2026-06-11,A260611-11046,수분 세럼,쿠팡,1,43100,Y,경기,20대,여
C1104,2025-07-25,2026-06-11,A260611-11046,수분 세럼,자사몰,2,95700,N,경기,20대,여
C1254,2026-04-20,2026-06-11,A260611-12542,수분 세럼,쿠팡,1,37000,N,광주,20대,여
C1327,2025-12-15,2026-06-11,A260611-13273,수분 세럼,자사몰,1,42000,Y,인천,40대,여
C1327,2025-12-15,2026-06-11,A260611-13273,수분 세럼,자사몰,1,46700,N,인천,40대,여
C1327,2025-12-15,2026-06-11,A260611-13273,진정 크림,자사몰,1,50300,N,인천,40대,여
C1336,2026-04-22,2026-06-11,A260611-13362,수분 세럼,자사몰,3,131800,N,대구,20대,여
C1490,2026-05-30,2026-06-11,A260611-14901,수분 세럼,자사몰,1,36600,Y,경기,30대,여
C1047,2025-07-11,2026-06-12,A260612-10477,수분 세럼,자사몰,1,61400,N,대구,50대이상,여
C1116,2025-12-15,2026-06-12,A260612-11164,진정 크림,자사몰,2,99700,N,충남,30대,남
C1116,2025-12-15,2026-06-12,A260612-11164,진정 크림,자사몰,1,44800,Y,충남,30대,남
C1127,2025-11-07,2026-06-12,A260612-11276,진정 크림,네이버스토어,1,56700,N,경기,30대,여
C1151,2025-09-30,2026-06-12,A260612-11515,수분 세럼,쿠팡,1,45500,N,서울,50대이상,남
C1151,2025-09-30,2026-06-12,A260612-11515,진정 크림,자사몰,1,49100,N,서울,50대이상,남
C1151,2025-09-30,2026-06-12,A260612-11515,수분 세럼,자사몰,3,123000,Y,서울,50대이상,남
C1223,2026-03-13,2026-06-12,A260612-12233,수분 세럼,쿠팡,1,41600,N,경기,30대,여
C1223,2026-03-13,2026-06-12,A260612-12233,수분 세럼,자사몰,1,41600,N,경기,30대,여
C1223,2026-03-13,2026-06-12,A260612-12233,클렌징 밤,쿠팡,1,29900,N,경기,30대,여
C1282,2026-01-26,2026-06-12,A260612-12823,클렌징 밤,자사몰,1,24200,Y,인천,30대,여
C1282,2026-01-26,2026-06-12,A260612-12823,진정 크림,자사몰,1,36400,Y,인천,30대,여
C1282,2026-01-26,2026-06-12,A260612-12823,진정 크림,자사몰,1,40400,N,인천,30대,여
C1408,2026-01-25,2026-06-12,A260612-14083,클렌징 밤,자사몰,1,31700,N,서울,40대,남
C1408,2026-01-25,2026-06-12,A260612-14083,진정 크림,자사몰,1,47600,N,서울,40대,남
C1503,2026-06-10,2026-06-12,A260612-15031,수분 세럼,네이버스토어,1,43800,N,경남,30대,여
C1537,2026-06-12,2026-06-12,A260612-15371,수분 세럼,쿠팡,1,36900,N,기타,30대,여
C1613,2026-06-01,2026-06-12,A260612-16131,수분 세럼,자사몰,1,31300,Y,부산,30대,여
C1645,2026-05-31,2026-06-12,A260612-16451,진정 크림,자사몰,2,91400,N,서울,30대,여
C1649,2026-06-08,2026-06-12,A260612-16491,진정 크림,자사몰,2,93200,N,충남,30대,여
C1007,2025-07-18,2026-06-13,A260613-10077,진정 크림,쿠팡,1,64700,Y,경기,20대,여
C1007,2025-07-18,2026-06-13,A260613-10077,수분 세럼,자사몰,1,66700,N,경기,20대,여
C1007,2025-07-18,2026-06-13,A260613-10077,수분 세럼,자사몰,1,66700,N,경기,20대,여
C1009,2025-08-17,2026-06-13,A260613-10097,수분 세럼,쿠팡,2,114100,N,경기,20대,여
C1009,2025-08-17,2026-06-13,A260613-10097,수분 세럼,자사몰,2,102700,Y,경기,20대,여
C1009,2025-08-17,2026-06-13,A260613-10097,진정 크림,자사몰,1,61500,N,경기,20대,여
C1014,2025-08-07,2026-06-13,A260613-10146,수분 세럼,쿠팡,2,126600,Y,경남,40대,여
C1093,2025-11-15,2026-06-13,A260613-10935,진정 크림,자사몰,3,145000,N,경남,20대,여
C1093,2025-11-15,2026-06-13,A260613-10935,수분 세럼,쿠팡,3,134600,N,경남,20대,여
C1191,2026-02-03,2026-06-13,A260613-11914,진정 크림,쿠팡,1,45200,Y,서울,30대,여
C1196,2025-09-14,2026-06-13,A260613-11965,클렌징 밤,자사몰,1,36800,N,경기,20대,남
C1211,2026-04-07,2026-06-13,A260613-12112,수분 세럼,자사몰,1,41900,N,대전,40대,남
C1211,2026-04-07,2026-06-13,A260613-12112,수분 세럼,쿠팡,1,41900,N,대전,40대,남
C1308,2026-05-19,2026-06-13,A260613-13082,수분 세럼,자사몰,1,35300,N,경기,40대,여
C1308,2026-05-19,2026-06-13,A260613-13082,수분 세럼,자사몰,2,63600,Y,경기,40대,여
C1308,2026-05-19,2026-06-13,A260613-13082,수분 세럼,네이버스토어,1,35300,N,경기,40대,여
C1514,2026-06-03,2026-06-13,A260613-15141,진정 크림,자사몰,2,84300,Y,부산,20대,남
C1555,2026-06-10,2026-06-13,A260613-15551,진정 크림,쿠팡,2,76600,N,부산,20대,여
C1618,2026-06-06,2026-06-13,A260613-16181,수분 세럼,자사몰,1,43300,N,대전,40대,남
C1106,2025-11-19,2026-06-14,A260614-11064,수분 세럼,네이버스토어,1,44500,N,경기,30대,여
C1152,2025-09-29,2026-06-14,A260614-11525,수분 세럼,쿠팡,2,87700,N,기타,40대,여
C1199,2025-10-19,2026-06-14,A260614-11995,수분 세럼,자사몰,2,94200,N,서울,40대,여
C1199,2025-10-19,2026-06-14,A260614-11995,수분 세럼,쿠팡,1,47100,N,서울,40대,여
C1369,2026-02-20,2026-06-14,A260614-13693,진정 크림,자사몰,1,50000,N,경기,30대,여
C1369,2026-02-20,2026-06-14,A260614-13693,수분 세럼,자사몰,2,83700,Y,경기,30대,여
C1431,2026-04-28,2026-06-14,A260614-14312,진정 크림,자사몰,2,92700,N,서울,40대,남
C1489,2026-06-09,2026-06-14,A260614-14891,진정 크림,자사몰,1,44700,N,경기,20대,남
C1508,2026-06-12,2026-06-14,A260614-15081,클렌징 밤,자사몰,1,29200,N,인천,40대,여
C1523,2026-06-03,2026-06-14,A260614-15231,클렌징 밤,자사몰,2,54300,N,광주,30대,여
C1564,2026-06-05,2026-06-14,A260614-15641,수분 세럼,자사몰,1,37500,N,인천,20대,여
C1067,2025-07-01,2026-06-15,A260615-10679,진정 크림,자사몰,1,73200,N,서울,40대,여
C1067,2025-07-01,2026-06-15,A260615-10679,수분 세럼,쿠팡,1,67900,N,서울,40대,여
C1095,2025-10-23,2026-06-15,A260615-10956,진정 크림,자사몰,1,52700,Y,인천,20대,여
C1095,2025-10-23,2026-06-15,A260615-10956,수분 세럼,자사몰,1,54400,N,인천,20대,여
C1119,2025-07-20,2026-06-15,A260615-11196,클렌징 밤,자사몰,1,32800,N,서울,20대,남
C1119,2025-07-20,2026-06-15,A260615-11196,진정 크림,쿠팡,1,49200,N,서울,20대,남
C1119,2025-07-20,2026-06-15,A260615-11196,수분 세럼,자사몰,2,82200,Y,서울,20대,남
C1291,2026-04-10,2026-06-15,A260615-12912,수분 세럼,쿠팡,1,35700,N,경기,40대,남
C1360,2026-05-17,2026-06-15,A260615-13602,클렌징 밤,네이버스토어,2,59700,N,서울,20대,여
C1457,2026-06-04,2026-06-15,A260615-14571,수분 세럼,쿠팡,1,43500,N,경기,50대이상,여
C1468,2026-06-05,2026-06-15,A260615-14681,클렌징 밤,네이버스토어,1,23600,Y,경기,30대,여
C1474,2026-06-09,2026-06-15,A260615-14741,수분 세럼,쿠팡,3,124300,N,서울,30대,여
C1506,2026-06-10,2026-06-15,A260615-15061,진정 크림,자사몰,1,36400,N,광주,20대,남
C1595,2026-06-10,2026-06-15,A260615-15951,수분 세럼,자사몰,2,71700,N,경기,30대,여
C1035,2025-07-07,2026-06-16,A260616-10359,수분 세럼,쿠팡,1,67500,N,경남,40대,여
C1052,2025-07-17,2026-06-16,A260616-10526,진정 크림,자사몰,2,143800,N,경기,50대이상,여
C1052,2025-07-17,2026-06-16,A260616-10526,수분 세럼,자사몰,1,66800,N,경기,50대이상,여
C1052,2025-07-17,2026-06-16,A260616-10526,진정 크림,네이버스토어,1,71900,N,경기,50대이상,여
C1062,2025-07-14,2026-06-16,A260616-10626,클렌징 밤,자사몰,1,50300,N,대전,30대,여
C1062,2025-07-14,2026-06-16,A260616-10626,진정 크림,쿠팡,1,75500,N,대전,30대,여
C1108,2026-01-31,2026-06-16,A260616-11084,진정 크림,쿠팡,1,44800,Y,대구,30대,여
C1108,2026-01-31,2026-06-16,A260616-11084,수분 세럼,자사몰,1,46300,N,대구,30대,여
C1108,2026-01-31,2026-06-16,A260616-11084,수분 세럼,자사몰,2,83300,Y,대구,30대,여
C1129,2025-09-20,2026-06-16,A260616-11296,수분 세럼,자사몰,1,44900,N,부산,40대,여
C1136,2025-07-27,2026-06-16,A260616-11366,진정 크림,쿠팡,1,42000,Y,서울,40대,여
C1190,2025-11-22,2026-06-16,A260616-11906,클렌징 밤,자사몰,3,109800,N,경기,40대,여
C1201,2025-10-05,2026-06-16,A260616-12015,수분 세럼,자사몰,1,49200,N,경남,20대,여
C1201,2025-10-05,2026-06-16,A260616-12015,수분 세럼,자사몰,1,49200,N,경남,20대,여
C1234,2026-03-10,2026-06-16,A260616-12343,수분 세럼,자사몰,2,82800,N,기타,40대,여
C1448,2026-03-24,2026-06-16,A260616-14482,클렌징 밤,자사몰,2,55000,N,인천,30대,여
C1495,2026-06-14,2026-06-16,A260616-14951,수분 세럼,자사몰,1,39100,N,경기,20대,남
C1538,2026-06-11,2026-06-16,A260616-15381,수분 세럼,쿠팡,1,36600,N,기타,30대,여
C1571,2026-06-08,2026-06-16,A260616-15711,진정 크림,쿠팡,2,66000,Y,서울,40대,남
C1576,2026-06-16,2026-06-16,A260616-15761,클렌징 밤,자사몰,2,50100,N,대전,30대,남
C1591,2026-06-12,2026-06-16,A260616-15911,진정 크림,쿠팡,1,46300,N,서울,50대이상,여
C1625,2026-06-12,2026-06-16,A260616-16251,수분 세럼,쿠팡,1,44400,N,대전,30대,여
C1042,2025-09-07,2026-06-17,A260617-10427,수분 세럼,자사몰,1,47900,Y,대구,50대이상,여
C1089,2025-11-14,2026-06-17,A260617-10896,수분 세럼,자사몰,2,92000,Y,광주,50대이상,여
C1091,2025-09-30,2026-06-17,A260617-10915,수분 세럼,자사몰,1,44900,N,경기,20대,여
C1091,2025-09-30,2026-06-17,A260617-10915,수분 세럼,자사몰,2,89800,N,경기,20대,여
C1091,2025-09-30,2026-06-17,A260617-10915,수분 세럼,자사몰,1,44900,N,경기,20대,여
C1101,2025-12-15,2026-06-17,A260617-11016,진정 크림,자사몰,1,58300,N,대구,20대,여
C1138,2025-12-16,2026-06-17,A260617-11385,수분 세럼,쿠팡,1,42500,Y,기타,40대,여
C1150,2025-11-15,2026-06-17,A260617-11506,수분 세럼,자사몰,2,108100,N,서울,40대,여
C1198,2025-10-30,2026-06-17,A260617-11985,진정 크림,자사몰,1,47500,Y,서울,40대,여
C1198,2025-10-30,2026-06-17,A260617-11985,진정 크림,자사몰,1,47500,Y,서울,40대,여
C1204,2025-12-25,2026-06-17,A260617-12044,진정 크림,자사몰,2,108600,N,서울,40대,여
C1287,2025-12-17,2026-06-17,A260617-12873,클렌징 밤,쿠팡,1,30800,N,경기,40대,남
C1287,2025-12-17,2026-06-17,A260617-12873,수분 세럼,자사몰,2,77300,Y,경기,40대,남
C1287,2025-12-17,2026-06-17,A260617-12873,수분 세럼,자사몰,2,85900,N,경기,40대,남
C1314,2026-04-18,2026-06-17,A260617-13142,진정 크림,쿠팡,1,38800,Y,대전,40대,여
C1322,2026-04-09,2026-06-17,A260617-13222,수분 세럼,쿠팡,2,82300,Y,충남,40대,여
C1322,2026-04-09,2026-06-17,A260617-13222,수분 세럼,쿠팡,1,41100,Y,충남,40대,여
C1340,2026-02-08,2026-06-17,A260617-13403,클렌징 밤,자사몰,1,32500,N,서울,30대,남
C1340,2026-02-08,2026-06-17,A260617-13403,진정 크림,쿠팡,1,48800,N,서울,30대,남
C1393,2026-01-22,2026-06-17,A260617-13933,클렌징 밤,자사몰,1,25600,Y,대전,50대이상,여
C1393,2026-01-22,2026-06-17,A260617-13933,수분 세럼,네이버스토어,1,35600,Y,대전,50대이상,여
C1454,2026-03-13,2026-06-17,A260617-14543,수분 세럼,네이버스토어,1,37500,N,부산,30대,여
C1504,2026-06-09,2026-06-17,A260617-15041,진정 크림,쿠팡,1,48000,N,경기,30대,여
C1542,2026-06-09,2026-06-17,A260617-15421,수분 세럼,자사몰,1,41100,N,서울,30대,여
C1550,2026-06-15,2026-06-17,A260617-15501,진정 크림,쿠팡,1,36600,N,서울,50대이상,여
C1606,2026-06-08,2026-06-17,A260617-16061,수분 세럼,자사몰,1,40400,Y,서울,50대이상,여
C1611,2026-06-13,2026-06-17,A260617-16111,진정 크림,자사몰,1,46600,N,서울,50대이상,여
C1648,2026-06-09,2026-06-17,A260617-16481,수분 세럼,자사몰,1,39300,N,서울,50대이상,여
C1048,2025-07-01,2026-06-18,A260618-10486,클렌징 밤,자사몰,1,34300,Y,인천,30대,여
C1048,2025-07-01,2026-06-18,A260618-10486,진정 크림,쿠팡,1,57200,N,인천,30대,여
C1197,2025-08-16,2026-06-18,A260618-11976,수분 세럼,쿠팡,3,129700,Y,서울,20대,여
C1197,2025-08-16,2026-06-18,A260618-11976,수분 세럼,자사몰,1,48000,N,서울,20대,여
C1197,2025-08-16,2026-06-18,A260618-11976,진정 크림,자사몰,1,46500,Y,서울,20대,여
C1267,2026-04-18,2026-06-18,A260618-12672,수분 세럼,네이버스토어,1,34400,Y,서울,30대,여
C1294,2026-02-12,2026-06-18,A260618-12943,수분 세럼,쿠팡,1,34100,Y,경기,20대,여
C1294,2026-02-12,2026-06-18,A260618-12943,수분 세럼,자사몰,2,75900,N,경기,20대,여
C1294,2026-02-12,2026-06-18,A260618-12943,진정 크림,자사몰,1,40800,N,경기,20대,여
C1435,2026-05-12,2026-06-18,A260618-14352,진정 크림,네이버스토어,1,41400,N,광주,20대,남
C1435,2026-05-12,2026-06-18,A260618-14352,진정 크림,자사몰,1,37200,Y,광주,20대,남
C1531,2026-06-17,2026-06-18,A260618-15311,클렌징 밤,자사몰,1,24500,Y,서울,50대이상,남
C1541,2026-06-17,2026-06-18,A260618-15411,수분 세럼,쿠팡,1,33700,Y,경기,30대,여
C1551,2026-06-07,2026-06-18,A260618-15511,수분 세럼,자사몰,1,36000,N,대전,40대,여
C1612,2026-06-16,2026-06-18,A260618-16121,수분 세럼,자사몰,1,33700,N,서울,50대이상,여
C1008,2025-10-15,2026-06-19,A260619-10087,진정 크림,네이버스토어,1,73100,N,부산,40대,남
C1024,2025-07-29,2026-06-19,A260619-10246,수분 세럼,자사몰,2,131700,N,서울,40대,여
C1024,2025-07-29,2026-06-19,A260619-10246,진정 크림,네이버스토어,1,63800,Y,서울,40대,여
C1034,2025-07-01,2026-06-19,A260619-10347,수분 세럼,쿠팡,1,66700,N,경기,40대,여
C1073,2026-02-05,2026-06-19,A260619-10735,수분 세럼,쿠팡,1,54400,N,인천,30대,여
C1096,2025-11-02,2026-06-19,A260619-10965,클렌징 밤,쿠팡,1,29800,Y,경남,30대,여
C1096,2025-11-02,2026-06-19,A260619-10965,수분 세럼,쿠팡,1,46100,N,경남,30대,여
C1096,2025-11-02,2026-06-19,A260619-10965,클렌징 밤,쿠팡,1,33100,N,경남,30대,여
C1097,2026-01-26,2026-06-19,A260619-10974,클렌징 밤,자사몰,1,38600,N,경기,40대,여
C1112,2025-09-11,2026-06-19,A260619-11126,진정 크림,쿠팡,1,46400,N,부산,30대,여
C1112,2025-09-11,2026-06-19,A260619-11126,수분 세럼,자사몰,2,86300,N,부산,30대,여
C1115,2026-02-22,2026-06-19,A260619-11155,수분 세럼,자사몰,2,87700,Y,서울,20대,남
C1115,2026-02-22,2026-06-19,A260619-11155,클렌징 밤,쿠팡,1,31500,Y,서울,20대,남
C1131,2025-09-26,2026-06-19,A260619-11316,진정 크림,자사몰,2,111000,N,서울,30대,여
C1131,2025-09-26,2026-06-19,A260619-11316,수분 세럼,네이버스토어,1,51600,N,서울,30대,여
C1131,2025-09-26,2026-06-19,A260619-11316,수분 세럼,쿠팡,1,51600,N,서울,30대,여
C1202,2025-08-11,2026-06-19,A260619-12026,진정 크림,쿠팡,1,52800,N,인천,40대,여
C1202,2025-08-11,2026-06-19,A260619-12026,수분 세럼,자사몰,1,49100,N,인천,40대,여
C1219,2026-03-19,2026-06-19,A260619-12193,진정 크림,쿠팡,1,39700,N,기타,30대,여
C1246,2026-02-28,2026-06-19,A260619-12463,진정 크림,네이버스토어,1,45700,N,경기,30대,여
C1273,2026-03-24,2026-06-19,A260619-12733,진정 크림,쿠팡,2,69300,Y,부산,50대이상,여
C1273,2026-03-24,2026-06-19,A260619-12733,수분 세럼,자사몰,2,71500,N,부산,50대이상,여
C1273,2026-03-24,2026-06-19,A260619-12733,수분 세럼,자사몰,1,35800,N,부산,50대이상,여
C1279,2026-04-06,2026-06-19,A260619-12792,수분 세럼,쿠팡,1,41200,N,광주,30대,여
C1469,2026-06-18,2026-06-19,A260619-14691,수분 세럼,쿠팡,1,41100,N,대전,20대,여
C1534,2026-06-14,2026-06-19,A260619-15341,진정 크림,자사몰,1,36700,Y,서울,30대,여
C1568,2026-06-11,2026-06-19,A260619-15681,클렌징 밤,네이버스토어,3,95800,N,충남,30대,여
C1589,2026-06-14,2026-06-19,A260619-15891,진정 크림,자사몰,1,42900,N,서울,30대,여
C1641,2026-06-08,2026-06-19,A260619-16411,수분 세럼,자사몰,3,91400,Y,대구,20대,여
C1057,2025-07-31,2026-06-20,A260620-10577,수분 세럼,쿠팡,1,52700,Y,인천,30대,여
C1057,2025-07-31,2026-06-20,A260620-10577,클렌징 밤,네이버스토어,2,75600,Y,인천,30대,여
C1099,2025-12-24,2026-06-20,A260620-10994,수분 세럼,쿠팡,1,48000,N,경남,30대,여
C1169,2025-11-06,2026-06-20,A260620-11694,수분 세럼,쿠팡,1,48600,Y,경기,30대,여
C1187,2025-10-20,2026-06-20,A260620-11875,클렌징 밤,쿠팡,1,32400,N,경기,50대이상,여
C1238,2026-05-06,2026-06-20,A260620-12382,클렌징 밤,쿠팡,1,28300,N,부산,30대,여
C1238,2026-05-06,2026-06-20,A260620-12382,수분 세럼,자사몰,1,35500,Y,부산,30대,여
C1248,2026-01-30,2026-06-20,A260620-12483,수분 세럼,자사몰,1,40700,Y,경기,20대,여
C1248,2026-01-30,2026-06-20,A260620-12483,진정 크림,자사몰,1,43800,Y,경기,20대,여
C1326,2026-02-16,2026-06-20,A260620-13263,수분 세럼,쿠팡,1,35700,N,경기,30대,여
C1364,2026-04-10,2026-06-20,A260620-13642,수분 세럼,쿠팡,1,46400,N,부산,20대,여
C1584,2026-06-19,2026-06-20,A260620-15841,수분 세럼,쿠팡,1,41100,N,부산,30대,여
C1615,2026-06-19,2026-06-20,A260620-16151,수분 세럼,자사몰,1,41500,N,경기,50대이상,여
C1011,2025-09-20,2026-06-21,A260621-10116,진정 크림,쿠팡,1,75700,N,광주,40대,남
C1018,2025-07-26,2026-06-21,A260621-10187,진정 크림,쿠팡,1,71200,N,서울,20대,여
C1018,2025-07-26,2026-06-21,A260621-10187,진정 크림,쿠팡,1,64100,Y,서울,20대,여
C1050,2025-07-11,2026-06-21,A260621-10507,진정 크림,자사몰,1,54600,Y,서울,30대,여
C1050,2025-07-11,2026-06-21,A260621-10507,수분 세럼,쿠팡,2,112800,N,서울,30대,여
C1113,2025-10-08,2026-06-21,A260621-11136,진정 크림,네이버스토어,2,84200,Y,서울,30대,여
C1113,2025-10-08,2026-06-21,A260621-11136,진정 크림,자사몰,1,42100,Y,서울,30대,여
C1155,2025-07-28,2026-06-21,A260621-11556,수분 세럼,자사몰,1,44400,N,경남,30대,여
C1171,2025-08-21,2026-06-21,A260621-11716,수분 세럼,쿠팡,1,45300,N,인천,30대,여
C1171,2025-08-21,2026-06-21,A260621-11716,수분 세럼,쿠팡,2,81500,Y,인천,30대,여
C1171,2025-08-21,2026-06-21,A260621-11716,수분 세럼,자사몰,1,45300,N,인천,30대,여
C1210,2025-12-05,2026-06-21,A260621-12105,수분 세럼,쿠팡,2,107900,N,서울,20대,남
C1210,2025-12-05,2026-06-21,A260621-12105,수분 세럼,자사몰,1,48600,Y,서울,20대,남
C1325,2026-05-09,2026-06-21,A260621-13252,수분 세럼,자사몰,2,85300,N,서울,20대,여
C1325,2026-05-09,2026-06-21,A260621-13252,클렌징 밤,쿠팡,3,91800,N,서울,20대,여
C1398,2026-03-04,2026-06-21,A260621-13983,진정 크림,네이버스토어,1,46000,N,대구,30대,여
C1460,2026-06-18,2026-06-21,A260621-14601,수분 세럼,쿠팡,1,40700,N,경남,40대,여
C1498,2026-06-12,2026-06-21,A260621-14981,진정 크림,쿠팡,1,45000,N,서울,50대이상,여
C1509,2026-06-18,2026-06-21,A260621-15091,진정 크림,자사몰,1,46300,N,경기,40대,여
C1570,2026-06-15,2026-06-21,A260621-15701,진정 크림,자사몰,2,84000,N,서울,50대이상,여
C1586,2026-06-12,2026-06-21,A260621-15861,수분 세럼,자사몰,1,42200,N,경기,30대,여
C1596,2026-06-18,2026-06-21,A260621-15961,수분 세럼,쿠팡,1,36700,N,경기,30대,여
C1599,2026-06-17,2026-06-21,A260621-15991,수분 세럼,쿠팡,1,43600,N,광주,40대,남
C1608,2026-06-21,2026-06-21,A260621-16081,수분 세럼,자사몰,3,111300,N,서울,40대,여
C1637,2026-06-09,2026-06-21,A260621-16371,수분 세럼,쿠팡,1,31600,Y,부산,30대,여
C1026,2025-08-22,2026-06-22,A260622-10266,수분 세럼,자사몰,1,71500,N,경기,50대이상,여
C1033,2025-07-03,2026-06-22,A260622-10336,수분 세럼,자사몰,1,48700,Y,서울,20대,여
C1086,2025-12-14,2026-06-22,A260622-10864,수분 세럼,쿠팡,1,45300,N,경기,30대,여
C1086,2025-12-14,2026-06-22,A260622-10864,진정 크림,네이버스토어,2,97700,N,경기,30대,여
C1174,2025-12-09,2026-06-22,A260622-11744,수분 세럼,네이버스토어,1,54400,N,경기,40대,여
C1525,2026-06-13,2026-06-22,A260622-15251,진정 크림,쿠팡,3,104800,Y,서울,30대,여
C1635,2026-06-15,2026-06-22,A260622-16351,수분 세럼,쿠팡,1,36900,N,광주,20대,남
C1010,2025-09-03,2026-06-23,A260623-10107,수분 세럼,자사몰,1,51700,Y,광주,50대이상,여
C1025,2025-07-19,2026-06-23,A260623-10259,클렌징 밤,자사몰,1,40200,N,서울,30대,여
C1025,2025-07-19,2026-06-23,A260623-10259,진정 크림,자사몰,1,60300,N,서울,30대,여
C1025,2025-07-19,2026-06-23,A260623-10259,진정 크림,자사몰,2,120600,N,서울,30대,여
C1043,2025-08-23,2026-06-23,A260623-10436,수분 세럼,자사몰,1,63000,N,경남,40대,남
C1085,2026-02-21,2026-06-23,A260623-10854,진정 크림,자사몰,1,50400,Y,대전,30대,여
C1085,2026-02-21,2026-06-23,A260623-10854,진정 크림,자사몰,2,111900,N,대전,30대,여
C1085,2026-02-21,2026-06-23,A260623-10854,클렌징 밤,쿠팡,1,37300,N,대전,30대,여
C1182,2025-09-02,2026-06-23,A260623-11825,진정 크림,자사몰,1,46900,N,부산,30대,여
C1203,2025-10-08,2026-06-23,A260623-12036,진정 크림,자사몰,1,57500,N,서울,40대,여
C1203,2025-10-08,2026-06-23,A260623-12036,진정 크림,자사몰,1,51800,Y,서울,40대,여
C1482,2026-06-23,2026-06-23,A260623-14821,진정 크림,자사몰,2,76400,Y,부산,30대,여
C1561,2026-06-12,2026-06-23,A260623-15611,진정 크림,쿠팡,1,42000,N,충남,20대,여
C1629,2026-06-22,2026-06-23,A260623-16291,수분 세럼,자사몰,1,38500,N,서울,30대,여
C1005,2025-08-26,2026-06-24,A260624-10057,진정 크림,쿠팡,1,60000,Y,광주,50대이상,여
C1056,2025-08-03,2026-06-24,A260624-10568,수분 세럼,네이버스토어,1,61500,N,서울,30대,여
C1056,2025-08-03,2026-06-24,A260624-10568,수분 세럼,자사몰,1,61500,N,서울,30대,여
C1056,2025-08-03,2026-06-24,A260624-10568,진정 크림,자사몰,1,66200,N,서울,30대,여
C1124,2025-11-03,2026-06-24,A260624-11246,수분 세럼,자사몰,1,43600,N,대구,40대,여
C1124,2025-11-03,2026-06-24,A260624-11246,수분 세럼,자사몰,1,43600,N,대구,40대,여
C1124,2025-11-03,2026-06-24,A260624-11246,수분 세럼,자사몰,1,43600,N,대구,40대,여
C1484,2026-06-23,2026-06-24,A260624-14841,클렌징 밤,자사몰,1,26600,N,경기,50대이상,남
C1540,2026-06-12,2026-06-24,A260624-15401,클렌징 밤,자사몰,2,61900,N,인천,20대,남
C1543,2026-06-20,2026-06-24,A260624-15431,진정 크림,자사몰,1,36400,N,서울,40대,여
C1549,2026-06-21,2026-06-24,A260624-15491,클렌징 밤,자사몰,1,25300,N,경기,30대,여
C1575,2026-06-15,2026-06-24,A260624-15751,수분 세럼,쿠팡,1,35700,N,대전,40대,여
C1624,2026-06-20,2026-06-24,A260624-16241,수분 세럼,자사몰,2,73600,N,충남,30대,여
C1643,2026-06-21,2026-06-24,A260624-16431,수분 세럼,네이버스토어,1,39400,Y,부산,30대,여
C1036,2025-07-03,2026-06-25,A260625-10367,클렌징 밤,자사몰,1,43400,N,경기,20대,남
C1036,2025-07-03,2026-06-25,A260625-10367,수분 세럼,쿠팡,2,120800,N,경기,20대,남
C1051,2025-07-27,2026-06-25,A260625-10517,진정 크림,자사몰,1,61000,N,서울,20대,여
C1051,2025-07-27,2026-06-25,A260625-10517,진정 크림,자사몰,3,182900,N,서울,20대,여
C1094,2025-09-06,2026-06-25,A260625-10945,수분 세럼,자사몰,2,92700,N,인천,50대이상,여
C1094,2025-09-06,2026-06-25,A260625-10945,수분 세럼,자사몰,1,46300,N,인천,50대이상,여
C1094,2025-09-06,2026-06-25,A260625-10945,수분 세럼,자사몰,1,46300,N,인천,50대이상,여
C1125,2025-12-29,2026-06-25,A260625-11255,진정 크림,자사몰,2,106400,N,인천,40대,남
C1125,2025-12-29,2026-06-25,A260625-11255,수분 세럼,쿠팡,2,89000,Y,인천,40대,남
C1125,2025-12-29,2026-06-25,A260625-11255,수분 세럼,쿠팡,2,98800,N,인천,40대,남
C1172,2025-09-17,2026-06-25,A260625-11726,수분 세럼,자사몰,1,45500,Y,경기,30대,여
C1479,2026-06-24,2026-06-25,A260625-14791,수분 세럼,자사몰,2,77600,N,부산,50대이상,여
C1524,2026-06-13,2026-06-25,A260625-15241,수분 세럼,자사몰,1,35800,N,서울,50대이상,여
C1546,2026-06-19,2026-06-25,A260625-15461,수분 세럼,쿠팡,1,35100,N,경남,30대,여
C1630,2026-06-21,2026-06-25,A260625-16301,수분 세럼,자사몰,1,39300,N,부산,30대,여
C1016,2025-08-18,2026-06-26,A260626-10167,수분 세럼,네이버스토어,1,59600,N,대전,30대,여
C1053,2025-07-22,2026-06-26,A260626-10537,진정 크림,쿠팡,1,63800,N,서울,30대,여
C1071,2025-07-01,2026-06-26,A260626-10718,진정 크림,쿠팡,1,68200,Y,부산,30대,여
C1071,2025-07-01,2026-06-26,A260626-10718,클렌징 밤,네이버스토어,1,50500,N,부산,30대,여
C1122,2025-12-19,2026-06-26,A260626-11224,수분 세럼,네이버스토어,1,40900,Y,부산,30대,여
C1122,2025-12-19,2026-06-26,A260626-11224,수분 세럼,자사몰,1,40900,Y,부산,30대,여
C1147,2025-11-05,2026-06-26,A260626-11475,수분 세럼,자사몰,1,46700,Y,경기,40대,남
C1149,2025-09-21,2026-06-26,A260626-11496,수분 세럼,쿠팡,1,46000,Y,충남,40대,여
C1149,2025-09-21,2026-06-26,A260626-11496,진정 크림,쿠팡,1,55100,N,충남,40대,여
C1168,2025-08-16,2026-06-26,A260626-11686,수분 세럼,쿠팡,1,47500,N,대전,20대,남
C1168,2025-08-16,2026-06-26,A260626-11686,진정 크림,자사몰,1,51200,N,대전,20대,남
C1168,2025-08-16,2026-06-26,A260626-11686,진정 크림,자사몰,2,102400,N,대전,20대,남
C1183,2025-07-30,2026-06-26,A260626-11835,클렌징 밤,네이버스토어,1,30900,N,광주,20대,여
C1183,2025-07-30,2026-06-26,A260626-11835,수분 세럼,자사몰,1,43100,N,광주,20대,여
C1205,2025-10-10,2026-06-26,A260626-12055,진정 크림,네이버스토어,2,109900,N,서울,20대,여
C1463,2026-06-18,2026-06-26,A260626-14631,수분 세럼,쿠팡,1,39600,N,경기,30대,여
C1517,2026-06-18,2026-06-26,A260626-15171,수분 세럼,쿠팡,2,66400,Y,서울,20대,여
C1532,2026-06-18,2026-06-26,A260626-15321,수분 세럼,자사몰,1,36700,N,부산,40대,남
C1565,2026-06-21,2026-06-26,A260626-15651,진정 크림,자사몰,1,38100,N,서울,40대,여
C1001,2025-07-09,2026-06-27,A260627-10016,수분 세럼,네이버스토어,1,59400,N,부산,30대,여
C1004,2025-08-11,2026-06-27,A260627-10047,진정 크림,쿠팡,1,72000,N,서울,40대,여
C1013,2025-08-09,2026-06-27,A260627-10135,수분 세럼,쿠팡,1,63500,N,대전,40대,여
C1054,2025-08-07,2026-06-27,A260627-10545,진정 크림,네이버스토어,1,62700,Y,서울,30대,여
C1055,2025-07-01,2026-06-27,A260627-10556,진정 크림,자사몰,1,63800,N,부산,20대,여
C1064,2025-08-29,2026-06-27,A260627-10648,진정 크림,자사몰,1,75100,N,경기,40대,남
C1464,2026-06-15,2026-06-27,A260627-14641,수분 세럼,자사몰,1,38000,Y,인천,30대,여
C1544,2026-06-26,2026-06-27,A260627-15441,클렌징 밤,자사몰,2,57200,Y,경남,40대,여
C1553,2026-06-20,2026-06-27,A260627-15531,수분 세럼,쿠팡,1,37100,N,서울,20대,여
C1598,2026-06-26,2026-06-27,A260627-15981,진정 크림,자사몰,1,43200,Y,경기,40대,여
C1614,2026-06-26,2026-06-27,A260627-16141,진정 크림,자사몰,2,85700,N,경기,20대,여
C1012,2025-07-01,2026-06-28,A260628-10127,수분 세럼,자사몰,1,53100,N,서울,40대,여
C1012,2025-07-01,2026-06-28,A260628-10127,수분 세럼,쿠팡,3,143500,Y,서울,40대,여
C1040,2025-07-04,2026-06-28,A260628-10407,수분 세럼,자사몰,1,59200,Y,대구,50대이상,여
C1040,2025-07-04,2026-06-28,A260628-10407,수분 세럼,자사몰,1,59200,Y,대구,50대이상,여
C1499,2026-06-25,2026-06-28,A260628-14991,클렌징 밤,네이버스토어,1,27700,N,충남,30대,여
C1500,2026-06-25,2026-06-28,A260628-15001,클렌징 밤,쿠팡,1,25600,N,경기,30대,여
C1556,2026-06-18,2026-06-28,A260628-15561,수분 세럼,네이버스토어,1,42700,N,부산,20대,남
C1604,2026-06-24,2026-06-28,A260628-16041,진정 크림,쿠팡,1,36800,N,경기,40대,여
C1610,2026-06-21,2026-06-28,A260628-16101,진정 크림,자사몰,1,47300,N,경기,50대이상,여
C1636,2026-06-17,2026-06-28,A260628-16361,수분 세럼,네이버스토어,1,36000,N,기타,40대,여
C1006,2025-08-01,2026-06-29,A260629-10068,클렌징 밤,네이버스토어,2,77500,N,부산,40대,남
C1006,2025-08-01,2026-06-29,A260629-10068,진정 크림,쿠팡,1,58200,N,부산,40대,남
C1006,2025-08-01,2026-06-29,A260629-10068,클렌징 밤,네이버스토어,1,38800,N,부산,40대,남
C1019,2025-07-21,2026-06-29,A260629-10197,수분 세럼,자사몰,1,54200,N,인천,30대,여
C1023,2025-07-01,2026-06-29,A260629-10239,진정 크림,자사몰,1,61600,N,서울,40대,여
C1023,2025-07-01,2026-06-29,A260629-10239,수분 세럼,자사몰,1,57200,N,서울,40대,여
C1023,2025-07-01,2026-06-29,A260629-10239,진정 크림,자사몰,1,61600,N,서울,40대,여
C1028,2025-08-18,2026-06-29,A260629-10285,수분 세럼,자사몰,1,60600,N,부산,30대,남
C1028,2025-08-18,2026-06-29,A260629-10285,클렌징 밤,자사몰,1,43500,N,부산,30대,남
C1031,2025-07-03,2026-06-29,A260629-10317,수분 세럼,자사몰,1,70700,N,대구,30대,여
C1058,2025-07-11,2026-06-29,A260629-10588,수분 세럼,자사몰,1,64100,N,서울,30대,남
C1058,2025-07-11,2026-06-29,A260629-10588,수분 세럼,자사몰,1,64100,N,서울,30대,남
C1058,2025-07-11,2026-06-29,A260629-10588,수분 세럼,자사몰,1,64100,N,서울,30대,남
C1065,2025-09-05,2026-06-29,A260629-10657,수분 세럼,자사몰,1,52900,Y,경기,30대,여
C1065,2025-09-05,2026-06-29,A260629-10657,클렌징 밤,자사몰,2,84400,N,경기,30대,여
C1473,2026-06-17,2026-06-29,A260629-14731,클렌징 밤,쿠팡,1,31400,N,경기,40대,여
C1574,2026-06-22,2026-06-29,A260629-15741,진정 크림,쿠팡,1,40000,Y,충남,30대,여
C1587,2026-06-18,2026-06-29,A260629-15871,수분 세럼,네이버스토어,2,86000,N,서울,40대,여
C1603,2026-06-28,2026-06-29,A260629-16031,진정 크림,쿠팡,1,42100,N,서울,30대,남
C1609,2026-06-18,2026-06-29,A260629-16091,수분 세럼,쿠팡,2,88800,N,부산,20대,남
C1631,2026-06-24,2026-06-29,A260629-16311,수분 세럼,자사몰,2,80000,N,광주,40대,여
C1640,2026-06-25,2026-06-29,A260629-16401,진정 크림,자사몰,3,137200,N,서울,50대이상,여
C1002,2025-08-07,2026-06-30,A260630-10027,수분 세럼,자사몰,1,51000,Y,경기,30대,남
C1022,2025-08-18,2026-06-30,A260630-10226,진정 크림,쿠팡,1,71300,N,서울,40대,여
C1029,2025-07-16,2026-06-30,A260630-10296,수분 세럼,쿠팡,1,56500,Y,경기,30대,여
C1061,2025-08-27,2026-06-30,A260630-10615,수분 세럼,자사몰,1,72000,N,경기,30대,남
C1063,2025-08-04,2026-06-30,A260630-10637,수분 세럼,네이버스토어,1,68800,N,서울,40대,여
C1070,2025-07-13,2026-06-30,A260630-10709,진정 크림,네이버스토어,2,119200,N,경기,20대,여
C1070,2025-07-13,2026-06-30,A260630-10709,수분 세럼,자사몰,1,55400,N,경기,20대,여
C1070,2025-07-13,2026-06-30,A260630-10709,수분 세럼,자사몰,2,110700,N,경기,20대,여
C1607,2026-06-18,2026-06-30,A260630-16071,수분 세럼,자사몰,3,127700,N,경기,20대,여
